student_id,name,gender,age,department,level,cgpa,attendance_rate,assignments_submitted,library_usage_per_week,internet_hours_per_week,graduation_status
S100000,Student_0,Male,19,Medicine,100,4.15,42.9,18,1,7.82,Graduated
S100001,Student_1,Female,24,Engineering,200,3.15,42.19,17,6,0.0,Graduated
S100002,Student_2,Male,23,Engineering,400,3.09,43.87,17,2,9.64,Graduated
S100003,Student_3,Male,19,Law,100,2.94,80.36,11,6,3.6,Graduated
S100004,Student_4,Male,22,Engineering,200,2.73,64.42,13,4,8.69,Graduated
S100005,Student_5,Female,20,Education,400,3.4,69.65,8,0,11.84,In Progress
S100006,Student_6,Male,27,Medicine,100,3.69,60.6,9,6,6.71,Graduated
S100007,Student_7,Male,21,Law,500,2.19,55.22,19,1,1.41,Graduated
S100008,Student_8,Male,27,Computer Science,500,3.73,61.5,13,5,4.97,Dropped
S100009,Student_9,Female,21,Computer Science,400,4.14,51.6,13,7,16.49,Graduated
S100010,Student_10,Male,23,Medicine,100,2.29,80.73,6,6,10.95,Graduated
S100011,Student_11,Male,27,Computer Science,200,3.64,46.1,16,6,14.29,In Progress
S100012,Student_12,Male,21,Education,200,4.14,71.01,15,1,18.32,Graduated
S100013,Student_13,Male,27,Engineering,100,3.5,68.61,18,2,20.31,In Progress
S100014,Student_14,Female,19,Medicine,500,2.88,58.12,19,3,11.06,In Progress
S100015,Student_15,Male,26,Law,100,3.55,46.14,5,5,8.59,Graduated
S100016,Student_16,Female,21,Engineering,500,2.43,82.2,7,1,6.87,Graduated
S100017,Student_17,Female,23,Computer Science,500,2.78,74.17,14,4,10.51,Dropped
S100018,Student_18,Female,21,Computer Science,200,2.49,88.57,5,7,12.31,Graduated
S100019,Student_19,Male,21,Law,400,2.06,54.13,10,4,13.52,In Progress
S100020,Student_20,Female,25,Education,300,3.03,87.49,12,3,4.92,In Progress
S100021,Student_21,Male,19,Law,100,3.21,57.52,8,4,4.99,Graduated
S100022,Student_22,Female,29,Medicine,500,3.46,46.76,20,2,8.79,Graduated
S100023,Student_23,Female,22,Law,100,0.0,48.09,15,1,10.01,Graduated
S100024,Student_24,Female,17,Computer Science,400,3.13,53.26,8,2,18.08,Graduated
S100025,Student_25,Female,26,Education,400,3.06,80.95,15,6,0.0,Graduated
S100026,Student_26,Female,21,Education,300,2.24,54.64,19,7,6.96,Graduated
S100027,Student_27,Female,24,Business Admin,300,2.69,76.23,14,3,14.23,Graduated
S100028,Student_28,Female,21,Law,500,3.53,55.39,5,3,4.99,Graduated
S100029,Student_29,Female,25,Medicine,300,3.07,61.91,13,2,9.89,Graduated
S100030,Student_30,Male,27,Computer Science,500,2.99,93.38,14,5,14.8,Graduated
S100031,Student_31,Male,22,Engineering,200,3.63,70.02,12,0,13.31,Graduated
S100032,Student_32,Female,24,Education,500,4.62,76.02,18,3,13.41,Graduated
S100033,Student_33,Female,26,Law,300,2.83,51.36,18,1,8.99,Dropped
S100034,Student_34,Female,24,Business Admin,100,3.17,47.89,17,5,10.61,Dropped
S100035,Student_35,Male,29,Medicine,300,2.38,64.79,7,3,10.83,Graduated
S100036,Student_36,Female,19,Medicine,400,4.5,91.32,18,2,7.34,Graduated
S100037,Student_37,Male,23,Computer Science,300,2.62,54.46,18,2,14.17,In Progress
S100038,Student_38,Male,30,Education,200,1.73,77.3,7,4,3.47,In Progress
S100039,Student_39,Male,23,Computer Science,500,3.44,92.33,17,5,6.66,In Progress
S100040,Student_40,Male,30,Business Admin,400,1.87,96.06,20,0,14.2,Graduated
S100041,Student_41,Male,26,Engineering,500,3.91,99.63,14,2,0.13,Graduated
S100042,Student_42,Female,28,Engineering,500,3.41,85.78,8,6,10.71,Graduated
S100043,Student_43,Female,22,Engineering,300,2.28,44.5,8,4,15.51,Graduated
S100044,Student_44,Female,28,Medicine,100,3.47,92.29,6,4,6.18,Graduated
S100045,Student_45,Female,23,Education,400,2.77,93.14,8,1,12.07,Graduated
S100046,Student_46,Female,30,Computer Science,200,3.3,73.44,6,4,10.62,In Progress
S100047,Student_47,Male,18,Computer Science,200,2.1,44.05,15,0,13.28,Graduated
S100048,Student_48,Female,25,Business Admin,100,2.06,68.6,19,1,10.07,Graduated
S100049,Student_49,Female,26,Engineering,100,3.22,52.64,15,2,15.74,Graduated
S100050,Student_50,Male,26,Education,300,4.32,66.53,11,5,11.86,Graduated
S100051,Student_51,Female,17,Education,200,2.55,83.45,9,6,14.32,Graduated
S100052,Student_52,Male,17,Business Admin,400,2.5,80.05,11,2,14.05,In Progress
S100053,Student_53,Female,19,Law,100,2.76,86.8,10,4,16.78,Graduated
S100054,Student_54,Male,30,Education,100,2.07,68.59,6,3,5.16,In Progress
S100055,Student_55,Female,19,Education,100,3.39,70.65,18,0,3.79,Graduated
S100056,Student_56,Female,17,Computer Science,400,3.63,96.14,16,7,15.21,Graduated
S100057,Student_57,Male,28,Business Admin,200,3.34,77.87,6,7,10.81,Graduated
S100058,Student_58,Male,23,Education,400,2.88,84.85,5,0,19.37,Graduated
S100059,Student_59,Male,20,Education,400,2.28,79.87,17,4,0.0,Graduated
S100060,Student_60,Male,26,Computer Science,300,4.44,78.43,5,0,9.65,Graduated
S100061,Student_61,Male,29,Education,100,2.4,94.81,17,7,9.9,Graduated
S100062,Student_62,Male,18,Computer Science,200,2.38,61.39,9,6,14.48,Graduated
S100063,Student_63,Male,26,Law,300,1.75,65.66,9,7,19.75,Graduated
S100064,Student_64,Male,21,Medicine,300,2.0,62.79,11,1,10.04,Graduated
S100065,Student_65,Female,22,Computer Science,500,3.24,85.91,5,4,12.1,Graduated
S100066,Student_66,Female,25,Computer Science,100,2.7,92.11,20,3,1.07,Graduated
S100067,Student_67,Male,20,Education,200,2.4,61.45,9,7,11.43,Graduated
S100068,Student_68,Female,18,Computer Science,200,2.44,48.54,6,2,11.48,In Progress
S100069,Student_69,Female,21,Business Admin,200,2.64,69.65,14,0,7.15,Graduated
S100070,Student_70,Female,19,Engineering,100,2.53,99.06,20,5,11.49,In Progress
S100071,Student_71,Female,18,Engineering,200,3.98,52.22,5,2,11.25,Graduated
S100072,Student_72,Male,28,Law,400,2.74,67.12,11,3,18.09,Graduated
S100073,Student_73,Female,17,Computer Science,400,3.1,56.28,19,3,6.2,In Progress
S100074,Student_74,Male,26,Business Admin,100,3.04,95.36,7,1,5.57,Graduated
S100075,Student_75,Female,18,Education,200,3.07,73.06,15,3,5.74,Graduated
S100076,Student_76,Female,22,Education,500,2.74,74.72,13,3,7.82,Graduated
S100077,Student_77,Female,24,Medicine,500,2.67,40.5,20,0,2.03,Graduated
S100078,Student_78,Male,29,Law,500,3.45,79.17,19,2,8.69,In Progress
S100079,Student_79,Female,19,Business Admin,400,3.15,58.38,9,5,10.17,Graduated
S100080,Student_80,Male,27,Business Admin,500,2.47,70.8,9,0,17.5,Graduated
S100081,Student_81,Female,25,Education,200,1.0,71.86,9,0,9.38,Graduated
S100082,Student_82,Male,28,Medicine,200,2.58,75.53,13,6,16.33,Graduated
S100083,Student_83,Female,25,Education,500,2.05,89.41,17,4,14.14,In Progress
S100084,Student_84,Male,18,Medicine,300,2.35,57.94,14,7,10.69,In Progress
S100085,Student_85,Male,24,Engineering,500,2.07,55.37,17,5,9.29,Graduated
S100086,Student_86,Female,26,Business Admin,300,3.81,87.75,5,4,12.68,Graduated
S100087,Student_87,Male,27,Engineering,100,3.81,83.12,9,1,13.21,Graduated
S100088,Student_88,Female,28,Education,100,3.53,53.54,14,5,7.36,Graduated
S100089,Student_89,Female,21,Law,200,2.77,40.05,10,1,12.93,Graduated
S100090,Student_90,Female,20,Computer Science,400,2.53,79.96,20,3,9.55,Graduated
S100091,Student_91,Female,26,Law,200,1.95,49.43,20,1,12.73,In Progress
S100092,Student_92,Female,21,Law,200,3.64,97.42,13,6,18.21,Graduated
S100093,Student_93,Female,20,Computer Science,400,3.61,76.26,7,1,8.19,In Progress
S100094,Student_94,Female,24,Business Admin,200,3.34,90.98,5,3,0.07,In Progress
S100095,Student_95,Female,20,Engineering,400,2.22,88.34,16,7,9.73,Graduated
S100096,Student_96,Female,29,Engineering,200,2.76,73.47,15,2,4.63,In Progress
S100097,Student_97,Female,26,Business Admin,100,2.92,66.3,15,6,11.32,Graduated
S100098,Student_98,Female,28,Computer Science,300,1.76,69.81,12,3,4.96,Graduated
S100099,Student_99,Male,29,Medicine,200,4.0,88.18,13,3,9.45,Graduated
S100100,Student_100,Male,30,Law,300,2.05,78.43,16,2,18.15,Graduated
S100101,Student_101,Female,22,Education,500,2.45,52.34,15,3,19.16,Dropped
S100102,Student_102,Female,18,Engineering,200,1.76,76.56,10,4,11.81,In Progress
S100103,Student_103,Female,21,Business Admin,100,2.86,64.28,9,1,5.49,In Progress
S100104,Student_104,Female,22,Education,400,2.83,43.68,16,7,14.37,Graduated
S100105,Student_105,Female,21,Computer Science,100,3.69,62.88,12,3,7.67,Graduated
S100106,Student_106,Female,28,Education,300,2.34,53.66,16,7,2.55,Graduated
S100107,Student_107,Female,18,Education,400,2.24,90.32,10,0,19.77,In Progress
S100108,Student_108,Female,30,Law,100,3.06,46.3,10,1,9.95,In Progress
S100109,Student_109,Male,23,Computer Science,100,1.55,61.64,13,6,12.76,Graduated
S100110,Student_110,Female,20,Education,100,3.93,81.73,13,4,8.37,Graduated
S100111,Student_111,Male,24,Engineering,400,2.07,93.84,5,4,12.67,Graduated
S100112,Student_112,Female,23,Computer Science,100,4.27,60.12,16,6,5.87,In Progress
S100113,Student_113,Female,23,Engineering,100,2.45,76.39,6,6,9.42,Graduated
S100114,Student_114,Male,25,Business Admin,300,2.0,62.42,5,3,14.58,In Progress
S100115,Student_115,Female,17,Business Admin,100,3.41,52.17,6,2,9.1,Graduated
S100116,Student_116,Male,26,Medicine,100,3.37,59.54,7,0,5.78,In Progress
S100117,Student_117,Female,22,Business Admin,500,3.38,78.15,17,3,14.61,Graduated
S100118,Student_118,Female,22,Education,400,3.07,82.98,18,2,8.2,Graduated
S100119,Student_119,Male,22,Computer Science,500,4.57,62.24,17,4,8.09,Graduated
S100120,Student_120,Female,29,Business Admin,300,2.06,49.15,6,1,4.35,Graduated
S100121,Student_121,Male,28,Engineering,500,3.95,48.37,10,6,17.74,In Progress
S100122,Student_122,Female,22,Education,200,1.87,88.76,8,4,15.32,Graduated
S100123,Student_123,Male,28,Business Admin,400,4.16,79.2,19,3,8.73,Graduated
S100124,Student_124,Male,26,Law,100,3.25,83.68,9,2,5.65,Graduated
S100125,Student_125,Female,23,Engineering,500,4.09,69.3,14,6,13.39,Graduated
S100126,Student_126,Female,30,Engineering,500,3.62,67.44,13,3,12.01,Graduated
S100127,Student_127,Male,26,Medicine,100,1.48,52.67,6,7,7.94,Graduated
S100128,Student_128,Female,22,Law,100,2.76,50.1,7,4,9.54,In Progress
S100129,Student_129,Female,17,Medicine,300,2.12,49.23,18,7,12.96,Graduated
S100130,Student_130,Female,19,Business Admin,500,4.05,99.51,14,0,11.14,Graduated
S100131,Student_131,Male,18,Law,500,3.56,89.25,5,4,11.85,Graduated
S100132,Student_132,Male,22,Engineering,200,3.11,77.57,19,3,11.31,Graduated
S100133,Student_133,Male,24,Medicine,200,2.71,52.86,6,2,13.65,Graduated
S100134,Student_134,Male,19,Education,500,3.3,60.26,5,3,7.21,Graduated
S100135,Student_135,Male,26,Law,200,2.33,61.05,18,7,10.8,Graduated
S100136,Student_136,Male,24,Engineering,500,3.2,68.66,13,1,6.39,Graduated
S100137,Student_137,Male,24,Computer Science,400,2.91,65.32,7,1,6.75,In Progress
S100138,Student_138,Male,21,Law,300,2.43,96.05,20,7,19.52,In Progress
S100139,Student_139,Male,24,Law,200,3.49,83.25,7,2,2.88,In Progress
S100140,Student_140,Female,22,Business Admin,500,4.32,44.88,17,6,13.34,Graduated
S100141,Student_141,Male,21,Education,200,2.0,61.6,11,4,23.59,Graduated
S100142,Student_142,Female,25,Business Admin,300,3.66,47.98,5,7,18.82,Graduated
S100143,Student_143,Female,30,Law,400,2.43,56.76,13,3,12.82,Graduated
S100144,Student_144,Female,23,Law,100,3.41,97.53,11,5,19.55,Graduated
S100145,Student_145,Male,24,Education,100,2.57,82.32,20,5,12.0,Graduated
S100146,Student_146,Male,17,Education,200,2.79,40.47,19,1,8.52,In Progress
S100147,Student_147,Male,27,Medicine,500,2.86,59.73,13,0,10.1,In Progress
S100148,Student_148,Male,18,Engineering,300,3.95,66.32,12,7,14.5,Graduated
S100149,Student_149,Female,24,Engineering,400,2.94,76.15,9,1,20.39,Graduated
S100150,Student_150,Male,28,Medicine,400,2.76,69.98,16,7,15.31,Graduated
S100151,Student_151,Male,25,Engineering,400,2.94,44.19,7,4,9.56,Graduated
S100152,Student_152,Male,20,Law,100,4.33,70.93,15,2,6.81,In Progress
S100153,Student_153,Male,28,Medicine,300,3.39,47.82,13,0,0.3,Graduated
S100154,Student_154,Male,26,Medicine,100,2.57,71.15,20,3,9.32,Graduated
S100155,Student_155,Female,27,Engineering,200,4.05,54.76,9,3,4.83,Graduated
S100156,Student_156,Male,26,Computer Science,400,3.13,48.65,20,7,14.64,In Progress
S100157,Student_157,Female,30,Engineering,300,2.4,57.28,13,6,8.74,In Progress
S100158,Student_158,Male,25,Business Admin,400,3.28,45.98,7,7,14.86,Dropped
S100159,Student_159,Female,20,Computer Science,100,2.89,57.04,10,5,22.54,Graduated
S100160,Student_160,Male,26,Medicine,100,0.63,92.02,17,6,9.35,Graduated
S100161,Student_161,Male,26,Computer Science,100,3.23,58.43,6,6,10.81,Graduated
S100162,Student_162,Female,26,Law,400,2.25,68.21,7,2,11.82,Graduated
S100163,Student_163,Female,25,Education,300,2.11,71.19,6,0,8.59,Graduated
S100164,Student_164,Female,27,Computer Science,300,1.64,50.7,16,0,10.58,In Progress
S100165,Student_165,Male,23,Business Admin,200,3.09,66.51,6,0,8.25,Graduated
S100166,Student_166,Female,18,Education,400,2.9,91.18,9,2,16.79,In Progress
S100167,Student_167,Male,25,Law,200,3.66,44.83,14,2,8.92,In Progress
S100168,Student_168,Male,20,Business Admin,200,2.44,95.37,8,3,3.76,In Progress
S100169,Student_169,Female,24,Education,200,2.66,92.27,15,6,4.19,Graduated
S100170,Student_170,Female,30,Law,200,4.39,91.35,8,1,5.79,Graduated
S100171,Student_171,Male,23,Education,100,1.62,51.91,17,4,7.76,In Progress
S100172,Student_172,Male,29,Education,200,3.85,69.06,12,3,14.38,Dropped
S100173,Student_173,Female,23,Engineering,300,2.45,76.97,18,5,14.06,Graduated
S100174,Student_174,Female,24,Business Admin,200,5.0,46.0,10,5,14.48,Graduated
S100175,Student_175,Female,17,Business Admin,100,3.51,73.41,20,5,10.08,Dropped
S100176,Student_176,Male,21,Computer Science,500,2.56,90.4,14,6,14.97,Graduated
S100177,Student_177,Male,18,Business Admin,500,2.02,96.19,6,0,8.78,Graduated
S100178,Student_178,Male,18,Business Admin,500,3.29,56.7,17,1,0.82,Graduated
S100179,Student_179,Male,17,Education,400,1.66,57.32,5,7,14.74,Graduated
S100180,Student_180,Male,21,Medicine,300,3.48,56.24,9,4,6.57,In Progress
S100181,Student_181,Male,18,Engineering,100,2.02,49.21,19,0,8.92,Graduated
S100182,Student_182,Female,20,Computer Science,500,2.32,65.84,11,2,8.18,In Progress
S100183,Student_183,Male,19,Engineering,100,1.04,87.07,9,1,12.61,Graduated
S100184,Student_184,Male,19,Computer Science,100,3.09,82.73,20,7,10.79,In Progress
S100185,Student_185,Male,18,Law,400,3.2,94.02,16,2,8.85,In Progress
S100186,Student_186,Female,29,Education,500,3.02,61.34,8,4,17.99,Graduated
S100187,Student_187,Male,22,Business Admin,200,1.79,74.33,9,5,9.55,Dropped
S100188,Student_188,Male,18,Business Admin,100,4.0,85.99,15,4,8.82,Graduated
S100189,Student_189,Female,30,Medicine,500,2.89,93.89,14,0,14.04,In Progress
S100190,Student_190,Male,30,Engineering,100,2.63,92.31,12,2,15.84,Graduated
S100191,Student_191,Male,24,Engineering,400,3.56,67.93,9,3,14.45,Graduated
S100192,Student_192,Male,24,Engineering,400,2.69,94.41,13,5,7.01,Graduated
S100193,Student_193,Male,29,Business Admin,200,3.31,66.64,14,6,11.84,Graduated
S100194,Student_194,Male,30,Engineering,400,2.45,94.17,11,3,10.42,Graduated
S100195,Student_195,Female,28,Education,500,3.57,86.62,15,2,9.03,Graduated
S100196,Student_196,Female,21,Computer Science,400,3.55,53.3,17,7,5.33,Graduated
S100197,Student_197,Female,26,Business Admin,200,2.68,95.78,18,4,11.1,Graduated
S100198,Student_198,Male,23,Education,300,3.11,54.55,15,5,15.44,Graduated
S100199,Student_199,Male,20,Law,100,2.98,94.51,18,1,18.15,Graduated
S100200,Student_200,Male,17,Education,100,2.91,76.91,6,5,15.77,Graduated
S100201,Student_201,Female,27,Education,500,2.17,80.04,13,2,7.76,Graduated
S100202,Student_202,Male,18,Law,200,2.27,46.56,6,6,5.34,Graduated
S100203,Student_203,Male,26,Education,200,2.73,43.94,10,7,2.54,In Progress
S100204,Student_204,Female,26,Computer Science,200,3.05,98.1,18,6,15.27,Graduated
S100205,Student_205,Male,20,Business Admin,100,2.38,60.22,12,0,14.11,Graduated
S100206,Student_206,Female,17,Medicine,400,3.01,90.66,6,3,7.23,In Progress
S100207,Student_207,Female,29,Law,100,1.4,82.27,10,6,6.21,Graduated
S100208,Student_208,Female,24,Business Admin,100,3.0,76.25,9,5,16.34,Graduated
S100209,Student_209,Male,25,Engineering,100,3.05,81.11,19,0,14.87,Graduated
S100210,Student_210,Male,20,Computer Science,400,3.57,45.36,11,1,16.46,Graduated
S100211,Student_211,Male,26,Medicine,300,4.0,64.74,14,3,12.81,In Progress
S100212,Student_212,Male,19,Computer Science,500,3.48,76.42,17,3,13.23,Graduated
S100213,Student_213,Male,18,Computer Science,300,4.26,92.05,9,6,0.0,In Progress
S100214,Student_214,Male,21,Engineering,300,2.98,82.88,18,3,8.13,Graduated
S100215,Student_215,Male,30,Medicine,100,3.03,55.17,18,7,20.11,Dropped
S100216,Student_216,Female,19,Computer Science,300,3.56,99.1,19,5,7.16,In Progress
S100217,Student_217,Male,26,Engineering,100,2.93,78.58,19,7,11.09,Graduated
S100218,Student_218,Female,23,Law,100,2.77,70.08,7,0,17.79,Graduated
S100219,Student_219,Male,27,Engineering,500,3.96,86.88,10,6,14.37,Graduated
S100220,Student_220,Male,22,Education,200,3.51,76.16,11,7,5.17,Graduated
S100221,Student_221,Male,17,Business Admin,100,3.46,82.6,5,4,4.13,Graduated
S100222,Student_222,Female,28,Engineering,300,2.4,77.03,12,6,18.05,In Progress
S100223,Student_223,Female,24,Engineering,500,3.66,50.73,12,0,13.71,Graduated
S100224,Student_224,Female,18,Engineering,300,3.06,72.6,20,4,11.78,In Progress
S100225,Student_225,Female,21,Computer Science,200,2.31,56.99,17,7,12.51,Graduated
S100226,Student_226,Male,25,Medicine,400,3.49,74.22,8,5,8.15,Graduated
S100227,Student_227,Female,24,Engineering,200,2.16,47.53,18,2,5.55,In Progress
S100228,Student_228,Male,18,Engineering,500,1.31,53.92,18,7,12.2,Graduated
S100229,Student_229,Male,25,Education,200,1.74,88.52,20,3,6.99,Graduated
S100230,Student_230,Female,21,Education,200,2.83,64.32,12,6,7.04,Graduated
S100231,Student_231,Female,26,Law,500,4.08,80.43,7,6,8.17,In Progress
S100232,Student_232,Female,30,Law,500,3.22,69.87,17,7,13.92,Graduated
S100233,Student_233,Female,22,Education,300,2.93,60.44,19,0,6.49,In Progress
S100234,Student_234,Female,29,Medicine,100,3.92,69.71,9,1,6.05,Graduated
S100235,Student_235,Female,19,Law,400,3.36,88.82,7,1,5.26,In Progress
S100236,Student_236,Female,29,Business Admin,400,3.72,56.9,6,6,9.23,Graduated
S100237,Student_237,Female,19,Business Admin,400,3.68,65.29,9,6,15.05,Graduated
S100238,Student_238,Male,26,Medicine,200,2.78,52.15,12,4,9.27,Graduated
S100239,Student_239,Female,24,Education,500,2.84,61.07,13,4,10.01,Dropped
S100240,Student_240,Female,27,Law,500,2.42,93.11,9,3,10.95,In Progress
S100241,Student_241,Male,26,Engineering,500,3.58,87.14,7,4,8.35,Graduated
S100242,Student_242,Female,26,Education,100,2.14,62.42,16,1,5.45,Graduated
S100243,Student_243,Male,28,Law,500,2.38,47.94,7,0,7.84,Graduated
S100244,Student_244,Male,18,Medicine,500,2.95,65.2,12,0,7.16,Graduated
S100245,Student_245,Female,27,Business Admin,200,3.08,86.3,7,4,9.56,Graduated
S100246,Student_246,Male,28,Medicine,300,3.41,42.63,20,6,7.74,Graduated
S100247,Student_247,Male,28,Law,400,2.97,84.72,13,4,11.13,Graduated
S100248,Student_248,Male,18,Medicine,200,2.75,80.79,14,6,9.44,Graduated
S100249,Student_249,Male,29,Law,200,3.51,43.88,20,5,6.88,Graduated
S100250,Student_250,Female,21,Law,200,3.64,78.14,19,1,17.28,Graduated
S100251,Student_251,Male,22,Medicine,400,1.81,57.92,5,2,12.4,Graduated
S100252,Student_252,Female,28,Computer Science,200,3.75,50.64,19,6,8.96,Graduated
S100253,Student_253,Male,18,Engineering,300,2.77,63.09,5,0,7.3,In Progress
S100254,Student_254,Male,21,Education,500,4.12,52.32,9,4,14.57,In Progress
S100255,Student_255,Male,23,Business Admin,300,2.54,89.47,8,5,5.66,In Progress
S100256,Student_256,Male,26,Engineering,500,2.3,84.52,7,5,17.02,Graduated
S100257,Student_257,Female,26,Education,500,3.45,98.85,5,5,2.83,In Progress
S100258,Student_258,Female,24,Education,200,4.49,72.04,11,5,23.84,Graduated
S100259,Student_259,Male,28,Business Admin,200,1.86,45.35,5,3,7.89,Graduated
S100260,Student_260,Male,23,Engineering,400,3.59,62.07,20,4,3.51,Graduated
S100261,Student_261,Female,24,Business Admin,100,3.39,90.32,10,4,6.65,Graduated
S100262,Student_262,Male,30,Law,300,2.98,63.81,14,7,8.44,In Progress
S100263,Student_263,Male,28,Business Admin,400,4.45,67.34,6,5,7.18,In Progress
S100264,Student_264,Male,25,Medicine,400,1.66,64.72,18,0,11.78,Dropped
S100265,Student_265,Female,21,Computer Science,300,3.78,54.12,20,4,11.42,Graduated
S100266,Student_266,Female,29,Computer Science,300,3.68,44.39,8,6,25.88,In Progress
S100267,Student_267,Female,21,Computer Science,500,3.84,50.83,12,3,10.44,Graduated
S100268,Student_268,Male,27,Engineering,100,3.75,61.84,7,6,3.37,Graduated
S100269,Student_269,Male,26,Engineering,200,3.16,54.73,13,7,9.14,Graduated
S100270,Student_270,Female,20,Law,100,2.79,74.36,9,3,10.69,Graduated
S100271,Student_271,Female,29,Computer Science,100,2.57,76.83,10,7,7.45,Graduated
S100272,Student_272,Female,25,Law,200,3.41,74.2,6,5,13.21,Graduated
S100273,Student_273,Female,21,Computer Science,100,3.0,45.1,5,3,13.84,Graduated
S100274,Student_274,Male,30,Engineering,400,2.85,80.01,9,1,6.82,Dropped
S100275,Student_275,Female,18,Medicine,400,2.61,63.07,5,3,8.24,In Progress
S100276,Student_276,Male,26,Medicine,200,2.71,92.69,8,5,0.47,Graduated
S100277,Student_277,Female,24,Medicine,200,3.54,71.54,20,5,5.65,Dropped
S100278,Student_278,Male,23,Business Admin,300,3.01,45.07,12,5,8.67,In Progress
S100279,Student_279,Female,24,Medicine,300,3.85,40.55,18,0,10.7,Graduated
S100280,Student_280,Female,28,Education,100,2.05,82.15,16,2,9.32,Dropped
S100281,Student_281,Female,19,Computer Science,100,3.43,64.03,17,6,5.79,In Progress
S100282,Student_282,Female,20,Medicine,200,2.29,57.28,6,6,15.53,Dropped
S100283,Student_283,Male,21,Education,100,3.85,66.83,10,4,15.04,Graduated
S100284,Student_284,Female,22,Education,500,3.87,44.34,16,4,15.53,Graduated
S100285,Student_285,Male,17,Education,400,2.01,63.52,14,4,17.75,Graduated
S100286,Student_286,Male,20,Law,100,2.46,58.88,17,3,5.08,In Progress
S100287,Student_287,Male,27,Law,100,2.49,88.01,18,3,12.15,In Progress
S100288,Student_288,Male,28,Education,300,3.88,50.49,19,3,14.56,Graduated
S100289,Student_289,Female,26,Business Admin,500,2.58,85.38,9,7,21.36,In Progress
S100290,Student_290,Male,29,Medicine,100,3.48,70.02,5,7,17.48,Graduated
S100291,Student_291,Male,21,Computer Science,400,2.54,44.91,12,2,8.72,Graduated
S100292,Student_292,Male,23,Business Admin,100,3.75,98.18,9,2,2.05,Graduated
S100293,Student_293,Female,29,Engineering,200,3.82,84.05,13,2,3.95,In Progress
S100294,Student_294,Female,21,Law,500,4.17,55.61,6,2,13.36,Graduated
S100295,Student_295,Female,29,Medicine,100,2.88,74.91,19,2,10.31,In Progress
S100296,Student_296,Female,29,Medicine,500,3.0,94.0,10,4,6.51,Graduated
S100297,Student_297,Male,17,Engineering,100,2.9,95.85,11,4,0.07,Graduated
S100298,Student_298,Male,27,Engineering,400,3.02,83.87,5,7,14.43,In Progress
S100299,Student_299,Female,23,Medicine,400,2.7,83.66,18,2,4.24,Graduated
S100300,Student_300,Male,24,Engineering,500,3.74,56.64,14,7,17.08,Graduated
S100301,Student_301,Male,29,Medicine,300,2.47,99.39,8,4,5.0,Graduated
S100302,Student_302,Male,23,Business Admin,300,2.9,54.61,6,7,7.78,Graduated
S100303,Student_303,Female,27,Engineering,200,3.13,45.36,11,2,6.67,Graduated
S100304,Student_304,Female,30,Business Admin,300,3.34,98.64,7,2,13.17,Graduated
S100305,Student_305,Male,29,Business Admin,500,2.17,49.17,13,2,6.64,Graduated
S100306,Student_306,Female,20,Engineering,300,2.83,71.3,12,4,8.94,Dropped
S100307,Student_307,Female,24,Medicine,200,3.02,68.09,16,7,8.25,Graduated
S100308,Student_308,Female,21,Education,100,3.56,90.89,14,1,5.61,In Progress
S100309,Student_309,Female,26,Medicine,300,2.85,63.8,17,1,10.08,Graduated
S100310,Student_310,Female,25,Computer Science,500,2.93,70.13,11,5,11.32,In Progress
S100311,Student_311,Male,28,Engineering,500,3.1,42.62,12,5,13.52,Graduated
S100312,Student_312,Female,28,Law,200,3.73,52.47,5,1,13.05,Graduated
S100313,Student_313,Male,26,Engineering,200,1.56,89.98,14,0,13.59,In Progress
S100314,Student_314,Male,21,Computer Science,400,3.07,68.7,16,6,1.15,Graduated
S100315,Student_315,Female,17,Business Admin,400,3.82,53.86,10,1,9.89,Graduated
S100316,Student_316,Male,28,Law,400,2.42,62.13,11,1,5.53,Dropped
S100317,Student_317,Male,25,Law,100,2.47,57.11,11,1,10.05,Graduated
S100318,Student_318,Male,28,Medicine,500,3.86,73.37,17,3,10.7,In Progress
S100319,Student_319,Female,21,Education,400,2.76,43.09,18,2,11.04,Graduated
S100320,Student_320,Female,22,Medicine,500,2.78,53.5,13,5,1.98,Graduated
S100321,Student_321,Male,20,Law,200,3.19,61.3,11,4,21.97,In Progress
S100322,Student_322,Female,22,Law,100,0.91,95.69,16,6,21.51,Graduated
S100323,Student_323,Female,28,Education,200,1.73,77.4,11,6,6.89,Graduated
S100324,Student_324,Female,24,Engineering,500,3.41,70.26,17,6,4.43,Graduated
S100325,Student_325,Female,19,Education,400,2.83,51.45,10,3,24.21,Graduated
S100326,Student_326,Male,21,Business Admin,200,2.89,73.47,7,2,15.53,Graduated
S100327,Student_327,Male,18,Medicine,300,2.54,95.74,17,1,13.74,Graduated
S100328,Student_328,Female,30,Engineering,100,2.81,73.98,10,1,3.88,In Progress
S100329,Student_329,Female,18,Medicine,500,3.83,49.89,13,3,18.06,Graduated
S100330,Student_330,Male,29,Education,400,3.09,99.83,15,4,5.66,Dropped
S100331,Student_331,Male,23,Engineering,200,3.74,69.93,14,3,9.07,Graduated
S100332,Student_332,Female,26,Education,100,2.89,59.17,7,3,16.89,Graduated
S100333,Student_333,Male,29,Business Admin,400,3.01,70.2,7,5,7.94,Graduated
S100334,Student_334,Female,26,Computer Science,200,3.23,55.82,15,2,11.17,In Progress
S100335,Student_335,Female,30,Law,500,3.37,41.82,11,7,15.87,Graduated
S100336,Student_336,Male,27,Engineering,300,2.41,93.37,11,0,3.95,In Progress
S100337,Student_337,Male,26,Law,300,2.98,65.73,9,5,15.81,In Progress
S100338,Student_338,Female,22,Computer Science,500,2.53,85.17,12,6,18.04,In Progress
S100339,Student_339,Female,20,Engineering,100,4.06,98.28,12,4,9.66,Graduated
S100340,Student_340,Male,21,Law,500,1.79,77.96,15,7,16.17,Graduated
S100341,Student_341,Female,17,Law,200,3.41,81.5,15,4,6.12,In Progress
S100342,Student_342,Male,23,Engineering,100,2.46,96.59,19,7,2.32,In Progress
S100343,Student_343,Female,24,Law,300,2.21,70.99,6,3,0.09,Graduated
S100344,Student_344,Male,25,Law,200,2.79,59.19,15,3,12.57,In Progress
S100345,Student_345,Male,24,Engineering,400,3.9,95.28,10,7,12.26,Dropped
S100346,Student_346,Male,21,Law,400,2.55,44.14,9,7,7.08,In Progress
S100347,Student_347,Female,19,Law,400,1.74,52.88,8,1,15.86,Graduated
S100348,Student_348,Female,26,Medicine,300,2.34,60.48,11,3,6.78,Dropped
S100349,Student_349,Male,27,Business Admin,500,3.09,86.93,8,2,3.79,Graduated
S100350,Student_350,Female,25,Medicine,100,1.87,94.23,9,7,5.26,Dropped
S100351,Student_351,Male,22,Computer Science,300,3.5,67.11,12,1,17.06,Graduated
S100352,Student_352,Male,21,Medicine,200,1.89,57.17,9,0,14.21,Graduated
S100353,Student_353,Female,29,Medicine,200,2.66,61.19,15,2,9.16,In Progress
S100354,Student_354,Female,19,Computer Science,400,3.57,79.39,17,4,8.65,Graduated
S100355,Student_355,Male,22,Law,100,2.65,49.48,15,4,7.17,Dropped
S100356,Student_356,Female,19,Law,400,2.06,72.85,20,2,0.0,In Progress
S100357,Student_357,Female,26,Medicine,200,2.94,75.31,13,5,2.0,Graduated
S100358,Student_358,Male,28,Computer Science,200,2.65,82.47,14,3,9.3,Dropped
S100359,Student_359,Male,22,Law,500,3.85,76.23,6,3,12.95,In Progress
S100360,Student_360,Female,20,Education,500,3.58,45.82,6,3,8.36,Graduated
S100361,Student_361,Male,18,Engineering,500,3.35,81.33,19,4,2.24,Graduated
S100362,Student_362,Male,24,Engineering,400,3.02,41.3,13,2,18.13,In Progress
S100363,Student_363,Female,20,Business Admin,100,2.85,63.42,6,7,3.14,Graduated
S100364,Student_364,Male,25,Engineering,500,2.84,65.02,7,3,10.08,Graduated
S100365,Student_365,Male,23,Medicine,300,1.8,47.0,10,5,10.8,In Progress
S100366,Student_366,Female,28,Engineering,500,3.0,40.59,8,1,21.73,Graduated
S100367,Student_367,Female,18,Engineering,400,2.45,44.27,12,4,5.28,Graduated
S100368,Student_368,Male,20,Education,100,2.94,66.78,12,6,10.23,Graduated
S100369,Student_369,Male,21,Law,500,3.04,54.42,6,5,10.89,Graduated
S100370,Student_370,Female,19,Education,100,2.66,44.14,19,2,4.31,Graduated
S100371,Student_371,Female,25,Medicine,300,3.65,55.38,6,5,11.51,Graduated
S100372,Student_372,Female,29,Engineering,200,2.25,71.73,7,2,7.82,Graduated
S100373,Student_373,Female,21,Law,100,2.65,84.53,18,2,8.45,In Progress
S100374,Student_374,Male,18,Business Admin,500,2.77,64.72,15,2,6.39,Graduated
S100375,Student_375,Female,27,Business Admin,400,3.81,76.79,6,0,15.89,Graduated
S100376,Student_376,Female,19,Engineering,400,3.02,75.81,9,1,9.37,Graduated
S100377,Student_377,Male,30,Engineering,400,2.99,93.78,5,5,5.99,Dropped
S100378,Student_378,Female,25,Business Admin,400,3.61,50.76,11,7,0.0,In Progress
S100379,Student_379,Male,23,Business Admin,100,2.63,68.59,12,7,19.41,Graduated
S100380,Student_380,Female,18,Medicine,400,3.61,77.91,16,0,10.38,In Progress
S100381,Student_381,Female,25,Engineering,200,3.28,71.18,8,5,16.44,Graduated
S100382,Student_382,Female,30,Business Admin,300,3.87,67.02,11,3,16.19,Graduated
S100383,Student_383,Male,20,Computer Science,100,2.73,98.41,13,5,11.87,Graduated
S100384,Student_384,Male,29,Business Admin,100,2.79,96.52,11,7,14.56,Graduated
S100385,Student_385,Female,25,Law,400,3.1,76.69,6,0,16.33,Graduated
S100386,Student_386,Male,29,Law,400,2.96,66.37,6,7,4.81,Graduated
S100387,Student_387,Male,18,Computer Science,100,3.54,85.32,14,0,14.47,Graduated
S100388,Student_388,Male,28,Medicine,400,2.85,70.78,14,4,11.43,In Progress
S100389,Student_389,Male,26,Engineering,400,2.26,99.73,14,2,5.55,In Progress
S100390,Student_390,Male,28,Engineering,400,3.95,81.16,10,0,14.3,In Progress
S100391,Student_391,Male,20,Business Admin,400,4.34,44.09,12,2,5.2,Graduated
S100392,Student_392,Female,21,Law,400,1.9,64.11,16,1,12.76,In Progress
S100393,Student_393,Female,18,Medicine,500,3.34,83.82,14,0,11.43,Graduated
S100394,Student_394,Male,26,Medicine,500,3.52,90.54,15,4,6.76,Graduated
S100395,Student_395,Female,17,Medicine,500,3.17,88.8,17,4,19.42,Graduated
S100396,Student_396,Female,23,Business Admin,100,4.1,98.63,14,3,14.34,Dropped
S100397,Student_397,Female,26,Engineering,300,2.06,69.35,18,0,5.98,Graduated
S100398,Student_398,Female,17,Medicine,100,2.61,48.4,15,1,16.26,Graduated
S100399,Student_399,Male,27,Business Admin,500,3.07,79.13,16,2,8.25,Graduated
S100400,Student_400,Female,27,Business Admin,100,3.64,44.24,7,5,7.98,In Progress
S100401,Student_401,Female,24,Computer Science,300,3.85,98.41,5,6,14.79,In Progress
S100402,Student_402,Male,19,Education,400,2.16,85.51,5,5,13.28,In Progress
S100403,Student_403,Male,30,Medicine,200,1.76,98.93,15,7,8.76,Graduated
S100404,Student_404,Female,26,Education,500,3.55,62.64,6,5,17.87,Graduated
S100405,Student_405,Female,22,Engineering,500,3.08,40.95,20,5,6.09,Dropped
S100406,Student_406,Female,23,Business Admin,300,3.12,71.28,14,0,17.12,Graduated
S100407,Student_407,Female,26,Medicine,400,3.56,47.27,10,3,6.24,In Progress
S100408,Student_408,Female,17,Law,400,2.43,80.78,6,7,11.83,In Progress
S100409,Student_409,Female,30,Engineering,200,2.83,69.85,10,4,8.22,Graduated
S100410,Student_410,Male,22,Computer Science,400,3.37,85.21,20,6,13.99,Graduated
S100411,Student_411,Female,23,Computer Science,300,2.33,57.46,15,5,0.0,Graduated
S100412,Student_412,Female,22,Education,400,2.62,89.75,5,0,4.79,In Progress
S100413,Student_413,Male,20,Business Admin,300,3.07,79.05,13,3,12.88,Graduated
S100414,Student_414,Male,17,Education,500,3.37,99.26,16,1,14.42,Graduated
S100415,Student_415,Male,27,Law,500,1.99,50.71,19,5,6.82,Graduated
S100416,Student_416,Male,25,Law,500,3.47,43.07,20,6,15.38,In Progress
S100417,Student_417,Female,20,Computer Science,100,3.31,91.06,18,2,6.52,Graduated
S100418,Student_418,Female,23,Medicine,500,2.41,60.31,20,1,12.6,Graduated
S100419,Student_419,Female,23,Computer Science,300,4.57,65.87,11,1,9.3,In Progress
S100420,Student_420,Female,18,Computer Science,200,2.33,95.54,5,5,2.49,Graduated
S100421,Student_421,Female,17,Law,400,3.51,66.44,20,2,18.81,Graduated
S100422,Student_422,Female,24,Education,500,3.19,57.88,13,6,7.21,In Progress
S100423,Student_423,Male,24,Law,100,2.71,43.57,17,0,6.32,Graduated
S100424,Student_424,Female,23,Business Admin,100,3.06,66.58,13,2,8.09,Graduated
S100425,Student_425,Male,30,Law,300,3.37,79.3,15,3,7.87,In Progress
S100426,Student_426,Male,24,Law,200,5.0,56.15,18,7,11.03,Dropped
S100427,Student_427,Female,19,Computer Science,500,1.99,83.07,14,1,7.63,Graduated
S100428,Student_428,Male,27,Medicine,500,1.1,68.7,15,5,7.38,Graduated
S100429,Student_429,Female,18,Computer Science,100,2.29,91.49,10,2,12.42,Graduated
S100430,Student_430,Male,23,Engineering,300,2.98,49.7,6,7,10.03,Graduated
S100431,Student_431,Female,24,Law,100,3.47,85.42,6,4,12.32,Graduated
S100432,Student_432,Male,17,Law,100,3.07,95.95,16,2,8.57,In Progress
S100433,Student_433,Female,28,Engineering,200,2.89,84.48,18,2,11.51,In Progress
S100434,Student_434,Female,26,Law,300,4.08,64.36,12,3,2.39,In Progress
S100435,Student_435,Female,25,Law,200,2.45,53.83,13,5,15.46,In Progress
S100436,Student_436,Female,29,Business Admin,300,4.16,45.9,8,1,7.95,In Progress
S100437,Student_437,Female,27,Law,500,3.43,78.54,6,3,8.91,In Progress
S100438,Student_438,Male,20,Engineering,400,4.05,48.57,19,3,12.74,Dropped
S100439,Student_439,Male,30,Computer Science,400,2.34,90.3,9,4,11.23,Graduated
S100440,Student_440,Male,28,Law,300,2.75,97.64,17,3,13.18,Graduated
S100441,Student_441,Female,30,Medicine,400,1.98,48.15,20,5,16.84,Graduated
S100442,Student_442,Male,20,Engineering,100,3.21,62.56,11,7,8.78,In Progress
S100443,Student_443,Female,19,Education,500,3.22,96.24,18,3,9.8,Graduated
S100444,Student_444,Female,22,Business Admin,500,4.41,68.24,8,4,23.44,In Progress
S100445,Student_445,Male,17,Engineering,400,3.06,72.12,16,6,7.63,Graduated
S100446,Student_446,Male,22,Computer Science,300,1.94,84.85,13,0,6.64,Graduated
S100447,Student_447,Female,18,Engineering,100,3.66,52.63,16,3,13.95,In Progress
S100448,Student_448,Male,25,Education,300,2.36,98.75,19,2,14.69,Graduated
S100449,Student_449,Female,18,Business Admin,400,2.11,86.85,8,3,14.23,In Progress
S100450,Student_450,Female,23,Medicine,500,3.49,49.68,12,6,6.69,Graduated
S100451,Student_451,Female,28,Education,500,2.46,46.66,7,7,9.3,Graduated
S100452,Student_452,Female,17,Engineering,300,2.58,96.1,16,1,9.98,In Progress
S100453,Student_453,Female,28,Education,200,3.98,81.1,18,2,8.53,In Progress
S100454,Student_454,Male,23,Engineering,300,3.36,42.31,16,2,10.82,In Progress
S100455,Student_455,Male,21,Medicine,200,3.42,48.52,10,0,8.44,Graduated
S100456,Student_456,Female,24,Medicine,300,2.04,42.87,19,1,17.63,In Progress
S100457,Student_457,Female,20,Computer Science,200,3.49,98.44,10,1,5.04,Graduated
S100458,Student_458,Male,28,Medicine,200,2.81,69.87,7,1,18.73,Graduated
S100459,Student_459,Male,26,Law,200,2.69,67.73,6,7,3.75,In Progress
S100460,Student_460,Female,23,Education,200,3.29,97.35,10,3,19.9,Graduated
S100461,Student_461,Male,22,Education,100,3.01,70.28,11,6,14.63,Graduated
S100462,Student_462,Female,21,Engineering,200,1.98,71.07,11,3,6.52,Graduated
S100463,Student_463,Male,20,Medicine,200,3.67,99.05,14,7,9.98,In Progress
S100464,Student_464,Female,23,Computer Science,500,3.73,46.69,15,2,13.53,Graduated
S100465,Student_465,Male,28,Computer Science,100,2.59,99.15,5,0,13.58,In Progress
S100466,Student_466,Female,21,Computer Science,200,3.43,49.94,16,3,9.4,Graduated
S100467,Student_467,Male,21,Business Admin,400,3.64,68.37,10,5,4.93,Dropped
S100468,Student_468,Male,17,Law,100,1.69,60.26,13,5,15.26,In Progress
S100469,Student_469,Female,18,Medicine,500,2.64,97.33,17,3,11.39,Graduated
S100470,Student_470,Male,21,Computer Science,300,1.48,69.13,13,7,17.03,In Progress
S100471,Student_471,Female,29,Law,500,3.44,41.38,19,6,9.45,Graduated
S100472,Student_472,Male,19,Education,500,3.31,53.3,16,7,11.0,Graduated
S100473,Student_473,Female,30,Engineering,100,2.54,65.85,6,0,17.1,Graduated
S100474,Student_474,Male,29,Medicine,100,2.89,80.58,8,6,11.21,Graduated
S100475,Student_475,Female,18,Medicine,400,2.74,73.71,10,1,3.51,Dropped
S100476,Student_476,Male,30,Business Admin,400,1.57,90.99,8,2,2.78,In Progress
S100477,Student_477,Female,30,Education,100,3.91,89.71,16,3,1.39,Graduated
S100478,Student_478,Male,20,Medicine,100,3.18,75.43,13,7,5.62,In Progress
S100479,Student_479,Female,20,Business Admin,100,2.9,74.28,19,0,7.89,Graduated
S100480,Student_480,Female,20,Business Admin,300,2.9,56.69,6,0,14.45,Graduated
S100481,Student_481,Female,20,Business Admin,500,3.5,97.47,14,6,15.09,Graduated
S100482,Student_482,Male,19,Medicine,400,1.89,44.61,10,1,0.0,Graduated
S100483,Student_483,Female,29,Medicine,400,2.39,63.82,5,6,13.09,Graduated
S100484,Student_484,Male,28,Medicine,200,3.15,79.65,13,6,8.16,Graduated
S100485,Student_485,Female,23,Law,300,3.78,96.74,5,4,11.75,Graduated
S100486,Student_486,Male,25,Business Admin,100,1.31,70.09,17,6,19.64,In Progress
S100487,Student_487,Female,28,Law,100,3.7,93.76,17,4,5.89,Dropped
S100488,Student_488,Male,21,Engineering,300,2.5,46.29,16,4,12.47,Graduated
S100489,Student_489,Male,20,Medicine,400,2.8,71.9,18,6,15.31,Graduated
S100490,Student_490,Female,27,Education,100,3.02,58.96,12,4,10.41,Graduated
S100491,Student_491,Male,18,Computer Science,200,2.23,87.74,17,3,6.9,Graduated
S100492,Student_492,Male,18,Engineering,400,2.13,66.7,19,7,6.82,Graduated
S100493,Student_493,Female,21,Computer Science,500,3.15,68.52,13,6,7.6,In Progress
S100494,Student_494,Male,23,Computer Science,300,4.33,43.89,5,5,11.17,Graduated
S100495,Student_495,Male,26,Medicine,400,2.34,66.28,5,5,6.57,In Progress
S100496,Student_496,Male,26,Education,500,2.33,44.85,14,7,12.96,In Progress
S100497,Student_497,Female,25,Computer Science,200,2.14,57.97,18,0,12.1,Graduated
S100498,Student_498,Male,29,Business Admin,300,2.84,47.61,11,5,1.41,Graduated
S100499,Student_499,Female,23,Computer Science,100,2.31,60.07,14,5,15.62,In Progress
S100500,Student_500,Male,21,Engineering,100,2.33,53.64,9,2,21.05,Graduated
S100501,Student_501,Male,26,Education,500,3.15,57.11,19,6,7.6,Graduated
S100502,Student_502,Male,26,Education,400,1.99,48.9,15,5,14.58,In Progress
S100503,Student_503,Female,26,Computer Science,200,4.14,66.38,7,5,16.73,In Progress
S100504,Student_504,Male,22,Education,500,2.18,69.85,13,7,13.59,Graduated
S100505,Student_505,Male,27,Engineering,200,3.79,90.2,6,6,12.81,Graduated
S100506,Student_506,Female,28,Engineering,200,4.38,72.33,20,6,1.54,Graduated
S100507,Student_507,Male,19,Engineering,200,3.84,53.73,10,5,8.58,In Progress
S100508,Student_508,Female,21,Business Admin,300,3.75,84.15,8,3,9.24,Graduated
S100509,Student_509,Female,24,Medicine,500,3.56,57.83,9,4,16.68,Graduated
S100510,Student_510,Male,17,Computer Science,300,3.15,85.38,6,2,3.6,Graduated
S100511,Student_511,Female,28,Education,400,3.83,63.23,5,2,19.75,Graduated
S100512,Student_512,Male,17,Engineering,400,2.82,70.82,13,5,18.18,In Progress
S100513,Student_513,Female,23,Computer Science,100,3.61,70.23,7,5,5.04,In Progress
S100514,Student_514,Female,30,Computer Science,100,3.78,97.34,10,4,3.75,In Progress
S100515,Student_515,Male,21,Medicine,100,3.36,49.22,19,2,15.41,Graduated
S100516,Student_516,Female,30,Business Admin,400,2.81,96.31,18,3,8.55,Dropped
S100517,Student_517,Female,21,Education,200,3.34,73.72,13,7,8.78,Graduated
S100518,Student_518,Female,17,Business Admin,200,2.74,99.62,19,1,14.9,Graduated
S100519,Student_519,Female,25,Education,500,2.62,74.39,5,3,4.13,In Progress
S100520,Student_520,Female,17,Engineering,400,3.55,79.38,16,3,14.84,Graduated
S100521,Student_521,Male,21,Engineering,100,3.1,84.97,9,1,3.83,Graduated
S100522,Student_522,Female,26,Computer Science,400,3.54,89.31,20,4,3.52,Dropped
S100523,Student_523,Male,25,Education,200,3.11,68.65,8,4,14.58,Graduated
S100524,Student_524,Female,30,Education,200,3.36,80.72,19,6,13.46,Graduated
S100525,Student_525,Male,20,Business Admin,300,3.98,76.89,7,1,0.0,Graduated
S100526,Student_526,Male,29,Engineering,300,2.89,64.43,6,5,14.42,Graduated
S100527,Student_527,Female,24,Law,500,2.72,89.25,18,6,19.65,Graduated
S100528,Student_528,Female,22,Computer Science,400,3.3,51.55,7,3,10.55,Dropped
S100529,Student_529,Female,27,Education,300,1.19,50.03,18,0,16.42,Graduated
S100530,Student_530,Male,19,Medicine,300,3.5,84.19,5,2,8.9,In Progress
S100531,Student_531,Female,20,Medicine,400,2.4,78.25,17,2,15.43,Graduated
S100532,Student_532,Male,18,Law,200,4.17,59.06,5,2,0.0,In Progress
S100533,Student_533,Male,17,Engineering,500,3.55,78.11,17,0,6.91,Graduated
S100534,Student_534,Male,29,Engineering,500,3.64,86.24,17,3,24.23,In Progress
S100535,Student_535,Female,30,Engineering,500,3.66,53.02,12,4,17.51,Graduated
S100536,Student_536,Female,24,Business Admin,300,2.68,74.88,9,5,8.46,In Progress
S100537,Student_537,Male,17,Medicine,200,2.82,89.48,6,1,9.9,Graduated
S100538,Student_538,Male,30,Engineering,500,1.82,64.67,7,2,4.42,Graduated
S100539,Student_539,Female,29,Medicine,400,4.05,74.3,19,5,10.08,Graduated
S100540,Student_540,Male,27,Law,500,2.1,44.71,18,0,1.4,In Progress
S100541,Student_541,Female,17,Computer Science,100,2.99,89.83,18,5,12.7,Graduated
S100542,Student_542,Male,20,Business Admin,200,3.86,87.77,6,1,7.22,In Progress
S100543,Student_543,Female,26,Education,100,4.07,67.38,19,3,13.5,In Progress
S100544,Student_544,Male,28,Law,200,2.82,47.15,14,0,7.16,In Progress
S100545,Student_545,Female,26,Medicine,400,1.81,79.62,6,5,6.84,Graduated
S100546,Student_546,Male,22,Law,300,3.16,74.38,8,0,14.57,Graduated
S100547,Student_547,Female,25,Education,300,3.23,95.17,16,1,7.81,In Progress
S100548,Student_548,Female,17,Business Admin,200,3.3,56.79,8,7,8.14,In Progress
S100549,Student_549,Male,23,Computer Science,500,2.79,41.94,11,1,17.58,In Progress
S100550,Student_550,Male,26,Education,100,2.9,55.28,6,2,17.47,In Progress
S100551,Student_551,Female,27,Business Admin,400,2.51,65.67,13,3,14.28,In Progress
S100552,Student_552,Male,21,Medicine,500,3.11,49.33,11,1,10.15,Dropped
S100553,Student_553,Female,28,Education,300,3.56,98.78,8,2,22.45,Graduated
S100554,Student_554,Male,24,Law,500,3.18,53.34,16,5,16.95,In Progress
S100555,Student_555,Female,30,Engineering,100,2.97,80.67,11,2,6.79,Graduated
S100556,Student_556,Female,23,Law,300,3.79,67.25,19,7,13.72,Graduated
S100557,Student_557,Female,20,Medicine,200,3.18,73.31,14,1,5.16,Dropped
S100558,Student_558,Female,20,Computer Science,400,3.02,95.96,15,0,12.27,In Progress
S100559,Student_559,Female,22,Education,400,3.05,71.89,5,5,9.14,Graduated
S100560,Student_560,Female,22,Computer Science,300,2.15,58.31,17,0,7.32,Graduated
S100561,Student_561,Male,25,Medicine,200,2.24,53.25,11,7,12.37,Graduated
S100562,Student_562,Male,28,Education,100,2.91,93.52,17,0,5.75,Graduated
S100563,Student_563,Male,21,Business Admin,400,2.48,99.2,10,2,8.79,Graduated
S100564,Student_564,Female,24,Business Admin,300,2.97,55.11,19,0,12.38,In Progress
S100565,Student_565,Female,21,Law,400,3.6,83.32,13,3,10.52,Graduated
S100566,Student_566,Female,18,Law,200,3.49,70.35,12,7,9.14,Graduated
S100567,Student_567,Female,22,Medicine,100,3.27,81.91,6,0,8.5,Graduated
S100568,Student_568,Male,25,Business Admin,200,3.59,97.85,19,6,8.69,Graduated
S100569,Student_569,Male,29,Education,500,3.72,56.57,15,7,18.01,Graduated
S100570,Student_570,Female,19,Business Admin,200,3.7,84.4,7,5,15.23,Graduated
S100571,Student_571,Male,17,Law,200,3.68,66.28,20,7,1.68,In Progress
S100572,Student_572,Male,17,Medicine,400,2.16,79.15,17,5,4.95,In Progress
S100573,Student_573,Female,29,Business Admin,200,1.68,64.4,7,0,3.92,Graduated
S100574,Student_574,Male,19,Medicine,300,2.45,82.5,17,2,7.81,In Progress
S100575,Student_575,Female,26,Business Admin,400,2.68,60.25,18,5,16.19,Graduated
S100576,Student_576,Male,21,Computer Science,400,3.65,69.3,16,6,5.97,Graduated
S100577,Student_577,Female,19,Business Admin,500,2.93,82.53,20,6,12.32,In Progress
S100578,Student_578,Female,25,Law,300,2.66,42.56,10,4,15.56,Graduated
S100579,Student_579,Female,24,Education,200,3.11,59.69,6,7,0.0,Graduated
S100580,Student_580,Female,19,Law,500,3.38,72.77,15,7,7.31,Graduated
S100581,Student_581,Male,25,Law,300,3.54,44.45,6,3,2.01,In Progress
S100582,Student_582,Female,29,Law,500,2.71,82.19,8,2,6.84,In Progress
S100583,Student_583,Female,22,Medicine,100,2.33,88.8,5,3,12.42,In Progress
S100584,Student_584,Female,29,Engineering,200,2.46,49.8,5,3,1.39,Graduated
S100585,Student_585,Male,23,Engineering,500,3.08,84.01,5,0,10.03,Dropped
S100586,Student_586,Female,20,Computer Science,100,2.26,78.77,9,3,1.18,In Progress
S100587,Student_587,Male,20,Law,200,3.66,64.65,17,6,3.65,In Progress
S100588,Student_588,Female,28,Engineering,500,2.27,49.9,13,0,16.0,In Progress
S100589,Student_589,Male,29,Computer Science,500,1.91,97.29,8,3,13.49,Graduated
S100590,Student_590,Male,18,Medicine,500,3.11,67.84,18,5,3.63,Graduated
S100591,Student_591,Female,21,Law,500,2.81,51.02,12,7,9.99,In Progress
S100592,Student_592,Male,24,Education,400,3.33,83.09,11,6,8.83,Graduated
S100593,Student_593,Female,23,Medicine,500,2.65,76.47,17,4,11.37,Graduated
S100594,Student_594,Female,23,Computer Science,400,3.28,88.97,10,3,14.4,In Progress
S100595,Student_595,Female,22,Medicine,400,3.71,99.77,18,1,22.65,Graduated
S100596,Student_596,Male,19,Education,100,2.56,42.69,13,7,8.3,Graduated
S100597,Student_597,Male,21,Medicine,200,3.36,84.36,14,0,19.99,Graduated
S100598,Student_598,Female,29,Computer Science,400,4.26,99.35,5,4,5.63,Graduated
S100599,Student_599,Female,17,Education,300,3.54,72.29,11,0,9.39,Dropped
S100600,Student_600,Male,23,Education,400,2.44,82.94,13,4,7.57,Graduated
S100601,Student_601,Female,25,Medicine,300,3.23,66.47,19,0,7.83,Graduated
S100602,Student_602,Female,17,Education,100,2.09,61.41,14,6,11.19,Graduated
S100603,Student_603,Female,29,Medicine,300,2.19,81.79,20,1,13.85,In Progress
S100604,Student_604,Male,18,Law,100,4.04,99.29,18,5,11.8,Graduated
S100605,Student_605,Male,19,Education,100,3.29,45.5,20,1,13.88,Graduated
S100606,Student_606,Male,19,Medicine,100,4.08,65.33,17,6,13.48,Graduated
S100607,Student_607,Female,24,Law,300,3.3,96.44,18,4,11.65,Graduated
S100608,Student_608,Female,23,Education,300,2.62,46.77,6,7,9.44,Graduated
S100609,Student_609,Female,22,Law,100,3.03,79.06,19,2,6.94,Graduated
S100610,Student_610,Male,26,Business Admin,100,3.19,65.81,17,0,7.68,Graduated
S100611,Student_611,Female,26,Education,200,4.55,62.61,8,2,16.81,Graduated
S100612,Student_612,Female,27,Business Admin,100,3.49,52.57,9,3,7.44,In Progress
S100613,Student_613,Female,20,Computer Science,500,2.48,50.58,19,7,12.95,Graduated
S100614,Student_614,Female,25,Computer Science,200,2.86,70.98,19,1,17.63,Dropped
S100615,Student_615,Male,17,Medicine,200,3.33,62.65,15,6,12.65,Graduated
S100616,Student_616,Male,27,Engineering,200,2.24,69.49,9,7,11.28,Graduated
S100617,Student_617,Female,18,Business Admin,500,2.99,51.76,15,0,18.73,In Progress
S100618,Student_618,Male,30,Business Admin,200,2.86,61.01,17,1,10.84,Graduated
S100619,Student_619,Male,20,Computer Science,200,3.34,99.79,11,3,8.1,Dropped
S100620,Student_620,Female,19,Business Admin,300,2.93,62.08,14,5,18.3,Graduated
S100621,Student_621,Female,17,Engineering,300,2.02,64.76,12,4,8.15,Graduated
S100622,Student_622,Male,21,Law,100,2.97,41.19,17,0,10.4,Graduated
S100623,Student_623,Female,23,Law,100,3.54,62.85,20,6,7.53,Graduated
S100624,Student_624,Male,18,Engineering,400,4.01,85.8,13,0,0.0,Graduated
S100625,Student_625,Female,21,Business Admin,500,3.67,70.94,9,0,2.06,Graduated
S100626,Student_626,Male,22,Business Admin,300,1.88,79.42,6,4,4.69,In Progress
S100627,Student_627,Female,27,Business Admin,100,2.06,73.39,6,1,10.25,Graduated
S100628,Student_628,Male,23,Medicine,500,2.26,46.33,9,4,10.83,Graduated
S100629,Student_629,Male,17,Education,200,4.05,59.93,19,5,11.77,Graduated
S100630,Student_630,Male,23,Engineering,500,3.35,81.65,9,7,6.65,Dropped
S100631,Student_631,Female,20,Engineering,300,4.85,72.88,9,7,6.28,Dropped
S100632,Student_632,Male,24,Engineering,400,3.9,80.5,18,1,25.75,Graduated
S100633,Student_633,Male,29,Engineering,300,3.07,61.61,10,5,6.61,Graduated
S100634,Student_634,Female,20,Engineering,100,2.68,51.62,16,0,12.26,Graduated
S100635,Student_635,Female,22,Business Admin,100,3.26,89.79,20,4,15.5,Graduated
S100636,Student_636,Male,25,Medicine,500,3.59,62.58,19,5,12.31,Graduated
S100637,Student_637,Male,21,Computer Science,300,3.85,79.3,20,6,8.75,Dropped
S100638,Student_638,Female,30,Business Admin,100,2.8,62.87,12,6,4.32,In Progress
S100639,Student_639,Female,28,Business Admin,200,4.53,95.64,20,6,4.19,Graduated
S100640,Student_640,Female,20,Education,200,2.97,99.52,15,3,7.86,Graduated
S100641,Student_641,Female,24,Computer Science,400,3.83,78.94,9,4,9.3,Graduated
S100642,Student_642,Female,29,Engineering,500,3.24,76.13,17,1,9.8,Graduated
S100643,Student_643,Male,25,Computer Science,100,2.75,90.45,7,7,6.39,Graduated
S100644,Student_644,Female,20,Medicine,400,1.63,70.97,13,7,7.6,Graduated
S100645,Student_645,Male,19,Law,200,2.13,92.17,8,0,16.93,In Progress
S100646,Student_646,Male,24,Business Admin,400,3.82,64.78,16,1,4.87,Graduated
S100647,Student_647,Male,30,Computer Science,400,3.53,41.91,12,2,6.58,Graduated
S100648,Student_648,Female,21,Education,100,3.41,95.6,20,0,3.48,Graduated
S100649,Student_649,Male,18,Medicine,100,4.09,83.29,13,7,24.3,In Progress
S100650,Student_650,Male,26,Law,100,2.31,70.65,15,3,0.23,In Progress
S100651,Student_651,Female,25,Medicine,500,2.67,96.69,11,7,8.24,Graduated
S100652,Student_652,Male,19,Engineering,400,2.72,93.21,7,3,19.1,Graduated
S100653,Student_653,Male,28,Law,400,2.06,46.51,14,2,16.91,Graduated
S100654,Student_654,Female,18,Education,500,2.44,77.46,15,1,11.71,Graduated
S100655,Student_655,Male,17,Law,200,2.25,72.29,10,6,12.45,Dropped
S100656,Student_656,Male,30,Education,300,1.9,86.59,11,3,4.59,Graduated
S100657,Student_657,Male,24,Engineering,200,2.37,58.05,16,1,2.37,Graduated
S100658,Student_658,Female,27,Education,500,2.95,40.49,11,0,6.72,Graduated
S100659,Student_659,Female,19,Medicine,400,4.25,51.12,18,4,7.4,Graduated
S100660,Student_660,Female,23,Computer Science,400,2.29,52.66,12,6,12.59,Dropped
S100661,Student_661,Male,17,Medicine,100,3.75,57.48,14,0,9.53,In Progress
S100662,Student_662,Male,17,Business Admin,100,3.15,62.22,9,7,18.34,Graduated
S100663,Student_663,Female,28,Medicine,400,3.31,82.39,9,1,11.31,Graduated
S100664,Student_664,Male,25,Law,400,3.1,44.45,17,5,1.88,Dropped
S100665,Student_665,Male,28,Engineering,100,1.7,69.19,20,2,2.82,Dropped
S100666,Student_666,Female,24,Business Admin,100,2.26,69.92,20,5,8.1,In Progress
S100667,Student_667,Female,28,Business Admin,200,3.4,76.95,6,0,6.44,In Progress
S100668,Student_668,Male,29,Business Admin,400,3.03,58.63,16,6,9.91,Dropped
S100669,Student_669,Male,19,Computer Science,400,1.85,55.59,15,3,13.92,In Progress
S100670,Student_670,Male,22,Education,500,2.85,69.03,6,6,13.03,In Progress
S100671,Student_671,Female,27,Law,200,3.41,79.58,19,0,4.53,In Progress
S100672,Student_672,Female,19,Engineering,300,2.12,42.68,8,0,15.95,Graduated
S100673,Student_673,Female,29,Computer Science,300,2.72,57.61,11,0,8.28,Dropped
S100674,Student_674,Female,28,Medicine,300,4.06,87.24,20,2,10.24,In Progress
S100675,Student_675,Male,20,Engineering,100,3.41,69.05,12,6,5.49,In Progress
S100676,Student_676,Female,17,Business Admin,300,4.11,97.11,7,1,12.06,Graduated
S100677,Student_677,Female,21,Engineering,500,2.74,92.05,5,2,11.76,In Progress
S100678,Student_678,Female,17,Engineering,100,3.76,60.64,8,3,17.38,Graduated
S100679,Student_679,Female,29,Medicine,100,2.28,83.58,10,6,6.83,Graduated
S100680,Student_680,Female,17,Education,300,3.58,56.46,10,1,10.49,Graduated
S100681,Student_681,Male,26,Law,100,2.5,50.52,13,7,11.88,In Progress
S100682,Student_682,Male,27,Business Admin,200,3.32,92.86,19,3,11.54,Dropped
S100683,Student_683,Female,27,Education,200,3.36,61.01,17,6,16.5,In Progress
S100684,Student_684,Male,30,Computer Science,300,3.48,52.21,11,1,6.09,In Progress
S100685,Student_685,Female,23,Business Admin,500,2.29,97.9,17,1,12.39,In Progress
S100686,Student_686,Female,28,Law,100,3.22,41.86,16,7,12.83,Graduated
S100687,Student_687,Male,22,Computer Science,400,3.02,62.01,18,7,8.18,Graduated
S100688,Student_688,Male,18,Medicine,300,3.88,42.31,13,5,11.2,In Progress
S100689,Student_689,Female,30,Education,100,2.55,70.25,14,0,10.96,Graduated
S100690,Student_690,Female,27,Business Admin,300,2.09,64.07,15,0,12.25,Dropped
S100691,Student_691,Female,28,Engineering,300,1.85,83.24,9,2,8.41,In Progress
S100692,Student_692,Male,18,Law,500,2.8,97.24,9,1,6.06,In Progress
S100693,Student_693,Female,27,Business Admin,400,2.7,71.18,9,3,10.83,Graduated
S100694,Student_694,Female,23,Engineering,100,2.79,57.12,9,0,13.44,Graduated
S100695,Student_695,Female,17,Business Admin,300,2.79,92.33,18,7,5.17,In Progress
S100696,Student_696,Male,29,Computer Science,300,3.98,76.27,8,7,14.32,Graduated
S100697,Student_697,Female,18,Engineering,100,2.9,73.21,10,5,10.89,In Progress
S100698,Student_698,Female,28,Engineering,300,3.79,51.31,16,3,9.32,Graduated
S100699,Student_699,Male,24,Business Admin,300,3.27,42.44,5,5,9.71,In Progress
S100700,Student_700,Female,22,Medicine,300,2.36,67.68,20,7,4.28,In Progress
S100701,Student_701,Female,30,Medicine,200,3.01,71.68,6,0,11.02,Dropped
S100702,Student_702,Male,18,Education,200,4.08,47.63,13,1,8.96,Graduated
S100703,Student_703,Female,23,Computer Science,400,3.71,43.56,10,3,11.32,Graduated
S100704,Student_704,Male,20,Medicine,500,3.84,52.96,10,2,9.26,Dropped
S100705,Student_705,Male,18,Business Admin,100,3.35,43.79,14,6,7.43,Graduated
S100706,Student_706,Female,28,Medicine,500,2.67,43.37,8,2,4.4,In Progress
S100707,Student_707,Female,22,Education,500,4.15,66.65,9,2,1.35,Graduated
S100708,Student_708,Female,27,Law,200,3.39,88.61,13,0,8.15,Graduated
S100709,Student_709,Female,25,Education,400,3.65,79.84,6,0,0.0,Graduated
S100710,Student_710,Male,27,Engineering,500,3.08,80.76,7,2,2.84,In Progress
S100711,Student_711,Female,25,Engineering,500,2.28,55.75,14,3,14.27,In Progress
S100712,Student_712,Male,30,Medicine,300,3.28,40.67,20,0,5.55,In Progress
S100713,Student_713,Female,24,Medicine,100,4.19,67.04,12,2,13.27,In Progress
S100714,Student_714,Female,19,Education,400,3.57,62.63,13,0,12.78,In Progress
S100715,Student_715,Female,19,Education,100,3.39,96.83,19,4,6.11,Dropped
S100716,Student_716,Male,18,Business Admin,200,2.4,44.32,16,3,14.76,In Progress
S100717,Student_717,Female,21,Computer Science,500,4.07,86.59,9,7,16.73,In Progress
S100718,Student_718,Female,30,Business Admin,500,3.94,63.12,7,1,2.65,In Progress
S100719,Student_719,Female,28,Engineering,100,1.75,89.78,19,3,14.45,Graduated
S100720,Student_720,Female,30,Business Admin,200,3.65,69.69,5,6,6.78,In Progress
S100721,Student_721,Male,20,Education,300,2.83,89.23,16,1,2.21,Dropped
S100722,Student_722,Female,23,Business Admin,300,3.2,68.01,6,2,11.21,In Progress
S100723,Student_723,Male,20,Law,500,2.43,64.11,8,7,12.75,Graduated
S100724,Student_724,Male,25,Computer Science,500,3.08,97.82,8,7,9.7,Dropped
S100725,Student_725,Male,28,Education,400,2.23,62.13,20,0,19.04,In Progress
S100726,Student_726,Male,28,Medicine,100,2.44,88.32,9,2,13.73,Graduated
S100727,Student_727,Male,18,Business Admin,500,3.36,44.02,13,5,9.68,In Progress
S100728,Student_728,Male,27,Education,200,2.47,43.76,18,7,10.84,Graduated
S100729,Student_729,Female,30,Medicine,100,3.3,66.29,20,1,25.15,In Progress
S100730,Student_730,Male,22,Medicine,400,3.08,75.13,16,7,12.37,Graduated
S100731,Student_731,Male,23,Engineering,300,4.67,76.51,6,7,16.99,In Progress
S100732,Student_732,Male,20,Engineering,400,2.55,42.18,19,4,14.8,Graduated
S100733,Student_733,Female,29,Education,100,2.76,81.8,19,1,4.26,Graduated
S100734,Student_734,Female,22,Education,300,2.5,47.8,6,7,4.72,Dropped
S100735,Student_735,Male,23,Law,200,4.0,97.32,20,7,9.86,Graduated
S100736,Student_736,Female,20,Computer Science,300,3.07,60.01,9,0,9.46,In Progress
S100737,Student_737,Male,24,Computer Science,300,2.89,55.69,16,7,11.5,Dropped
S100738,Student_738,Male,25,Education,200,3.54,57.48,6,4,16.26,In Progress
S100739,Student_739,Female,17,Engineering,500,2.39,96.24,18,0,14.13,Graduated
S100740,Student_740,Male,23,Business Admin,500,2.06,68.97,14,4,2.63,In Progress
S100741,Student_741,Female,25,Law,300,3.2,66.08,9,7,6.76,Graduated
S100742,Student_742,Female,28,Computer Science,300,3.11,73.95,16,0,18.21,Graduated
S100743,Student_743,Male,26,Education,400,2.48,95.85,9,1,13.11,Graduated
S100744,Student_744,Male,21,Engineering,500,3.25,58.5,11,1,2.17,In Progress
S100745,Student_745,Female,28,Engineering,200,4.29,50.85,8,1,9.09,Graduated
S100746,Student_746,Male,18,Engineering,300,3.31,75.73,6,1,0.51,Graduated
S100747,Student_747,Male,26,Business Admin,300,1.61,69.5,12,4,15.39,Graduated
S100748,Student_748,Male,22,Medicine,400,3.99,43.72,18,6,12.67,In Progress
S100749,Student_749,Female,28,Business Admin,400,4.39,71.32,5,3,9.03,In Progress
S100750,Student_750,Female,28,Engineering,400,3.37,73.75,20,3,9.64,In Progress
S100751,Student_751,Male,23,Education,100,3.12,81.65,14,6,12.76,Graduated
S100752,Student_752,Female,18,Law,200,1.92,99.73,5,2,16.23,In Progress
S100753,Student_753,Female,18,Business Admin,100,2.39,65.29,16,3,12.18,Graduated
S100754,Student_754,Female,26,Education,300,2.79,70.61,16,7,13.62,In Progress
S100755,Student_755,Female,30,Engineering,400,2.49,44.5,15,2,11.99,Graduated
S100756,Student_756,Female,28,Law,400,2.64,89.9,16,1,16.89,Dropped
S100757,Student_757,Male,26,Computer Science,400,3.09,45.89,11,0,19.08,Graduated
S100758,Student_758,Male,17,Computer Science,500,2.52,96.03,8,3,6.7,Graduated
S100759,Student_759,Male,20,Education,200,4.06,60.91,7,3,9.04,Dropped
S100760,Student_760,Female,23,Law,100,3.05,60.25,5,7,10.27,Graduated
S100761,Student_761,Female,30,Education,200,3.35,59.72,16,1,6.55,Graduated
S100762,Student_762,Male,25,Law,400,3.36,97.03,17,1,8.2,Graduated
S100763,Student_763,Female,19,Law,300,3.27,98.81,12,3,9.63,Graduated
S100764,Student_764,Male,28,Education,500,3.03,98.39,12,1,10.1,Graduated
S100765,Student_765,Male,27,Law,200,3.7,82.29,16,3,7.91,In Progress
S100766,Student_766,Male,23,Business Admin,300,3.85,46.66,8,0,7.33,In Progress
S100767,Student_767,Female,23,Engineering,400,1.56,63.18,20,5,10.28,Dropped
S100768,Student_768,Female,23,Law,400,1.99,57.36,20,0,5.97,Graduated
S100769,Student_769,Male,18,Business Admin,400,2.62,82.5,6,2,11.83,Graduated
S100770,Student_770,Male,22,Law,400,2.22,69.56,8,3,3.82,Graduated
S100771,Student_771,Male,18,Business Admin,500,2.49,76.99,11,5,9.9,In Progress
S100772,Student_772,Male,22,Education,500,2.68,40.52,8,0,18.32,Graduated
S100773,Student_773,Female,29,Computer Science,200,2.82,86.97,17,5,8.78,In Progress
S100774,Student_774,Female,26,Medicine,400,1.96,97.12,15,6,14.45,Graduated
S100775,Student_775,Male,19,Law,500,2.71,80.16,15,0,4.37,Graduated
S100776,Student_776,Male,30,Medicine,300,4.0,91.12,7,6,7.91,Graduated
S100777,Student_777,Female,18,Law,500,2.82,68.7,14,6,13.29,Dropped
S100778,Student_778,Female,28,Education,500,3.41,41.21,16,4,0.0,Graduated
S100779,Student_779,Male,30,Education,200,2.95,99.43,5,5,13.09,Graduated
S100780,Student_780,Male,22,Business Admin,500,3.08,43.53,13,0,9.61,Graduated
S100781,Student_781,Male,18,Law,300,2.92,51.57,9,2,8.28,In Progress
S100782,Student_782,Female,21,Education,400,3.52,43.15,6,7,17.26,Graduated
S100783,Student_783,Female,18,Education,100,2.43,77.5,10,0,2.69,Dropped
S100784,Student_784,Female,19,Law,200,3.12,74.99,6,7,11.95,Graduated
S100785,Student_785,Male,19,Business Admin,300,2.6,52.58,16,1,14.16,Graduated
S100786,Student_786,Male,22,Business Admin,200,3.47,97.4,10,4,6.38,Graduated
S100787,Student_787,Female,22,Business Admin,400,2.22,94.81,13,3,0.0,Graduated
S100788,Student_788,Female,26,Business Admin,500,3.46,56.79,6,2,11.49,In Progress
S100789,Student_789,Male,19,Computer Science,500,3.15,79.53,17,5,14.16,Graduated
S100790,Student_790,Female,19,Law,300,2.11,91.31,19,7,17.4,Graduated
S100791,Student_791,Female,29,Computer Science,400,4.22,61.59,5,5,1.86,Graduated
S100792,Student_792,Male,28,Education,100,3.39,55.21,11,0,8.65,Graduated
S100793,Student_793,Female,29,Computer Science,100,2.24,55.37,12,3,21.03,Graduated
S100794,Student_794,Male,17,Business Admin,500,3.11,89.23,6,0,11.28,Graduated
S100795,Student_795,Male,23,Education,400,1.85,67.78,8,4,11.5,In Progress
S100796,Student_796,Male,29,Computer Science,400,1.8,82.92,12,6,12.92,In Progress
S100797,Student_797,Male,24,Computer Science,300,3.84,79.02,16,3,10.16,Graduated
S100798,Student_798,Male,18,Law,100,2.16,58.37,19,7,8.58,Dropped
S100799,Student_799,Male,20,Computer Science,300,3.55,52.48,18,7,9.0,Graduated
S100800,Student_800,Male,26,Education,200,3.82,47.55,8,1,17.23,Graduated
S100801,Student_801,Female,23,Business Admin,400,2.31,41.43,16,5,13.78,Graduated
S100802,Student_802,Male,24,Law,100,4.46,44.88,13,1,11.85,Graduated
S100803,Student_803,Male,17,Computer Science,300,3.06,55.37,5,5,0.52,Graduated
S100804,Student_804,Female,20,Law,500,3.03,82.82,14,3,7.38,Graduated
S100805,Student_805,Female,22,Medicine,200,2.3,49.3,17,7,20.58,Graduated
S100806,Student_806,Female,19,Law,300,2.31,71.4,11,1,6.04,Graduated
S100807,Student_807,Male,21,Business Admin,500,1.46,54.71,7,2,10.39,In Progress
S100808,Student_808,Female,26,Medicine,100,2.46,70.71,15,7,9.51,Dropped
S100809,Student_809,Male,25,Medicine,100,3.82,85.0,16,5,2.76,Graduated
S100810,Student_810,Male,27,Law,200,2.29,55.96,14,4,5.27,Graduated
S100811,Student_811,Male,29,Education,500,2.35,60.87,15,2,2.04,Graduated
S100812,Student_812,Male,19,Business Admin,400,2.1,83.38,15,3,1.53,Graduated
S100813,Student_813,Female,21,Education,100,2.05,72.78,7,2,12.4,In Progress
S100814,Student_814,Female,24,Business Admin,400,3.62,45.67,15,5,6.16,Graduated
S100815,Student_815,Male,22,Business Admin,400,2.15,85.49,11,4,19.35,In Progress
S100816,Student_816,Male,20,Education,300,2.91,56.65,19,4,14.07,In Progress
S100817,Student_817,Male,24,Engineering,300,2.75,63.1,10,5,9.78,Graduated
S100818,Student_818,Female,27,Medicine,100,3.67,54.71,7,6,13.94,Graduated
S100819,Student_819,Male,19,Law,400,2.41,72.6,18,3,0.0,Graduated
S100820,Student_820,Male,19,Education,300,2.7,82.47,18,5,9.46,Dropped
S100821,Student_821,Female,20,Education,500,2.24,88.19,6,2,15.32,In Progress
S100822,Student_822,Female,25,Law,500,2.55,95.33,15,5,3.38,In Progress
S100823,Student_823,Male,21,Medicine,500,2.37,61.55,15,4,13.48,Graduated
S100824,Student_824,Female,24,Law,500,2.9,95.96,10,3,11.28,Graduated
S100825,Student_825,Female,22,Business Admin,400,4.12,77.02,14,5,2.14,Graduated
S100826,Student_826,Male,19,Engineering,500,2.86,63.38,11,4,17.9,Graduated
S100827,Student_827,Female,24,Business Admin,400,3.82,93.24,13,5,15.74,In Progress
S100828,Student_828,Male,28,Engineering,100,3.66,74.78,13,0,13.12,Dropped
S100829,Student_829,Female,25,Law,100,2.97,67.26,13,0,3.21,Graduated
S100830,Student_830,Male,24,Business Admin,500,3.67,40.69,15,7,5.72,Graduated
S100831,Student_831,Male,29,Medicine,500,3.16,83.05,14,4,9.41,Graduated
S100832,Student_832,Male,20,Business Admin,500,2.0,44.64,5,7,17.19,Dropped
S100833,Student_833,Female,30,Education,100,2.97,57.36,8,3,8.85,Graduated
S100834,Student_834,Male,30,Engineering,300,3.14,97.7,8,0,10.92,Graduated
S100835,Student_835,Female,29,Engineering,100,4.23,49.31,14,4,6.35,Graduated
S100836,Student_836,Male,27,Medicine,500,2.35,58.71,12,7,18.77,Dropped
S100837,Student_837,Male,22,Engineering,300,3.32,95.94,7,5,4.88,Graduated
S100838,Student_838,Female,17,Engineering,300,2.14,60.26,20,1,10.85,Graduated
S100839,Student_839,Male,20,Medicine,200,4.08,59.72,18,5,16.53,Graduated
S100840,Student_840,Male,24,Business Admin,400,3.86,78.88,5,2,7.21,Graduated
S100841,Student_841,Female,17,Law,500,2.16,47.88,7,4,8.66,In Progress
S100842,Student_842,Male,19,Business Admin,400,4.22,98.37,10,7,5.52,Graduated
S100843,Student_843,Male,17,Education,200,3.75,56.5,11,6,3.01,Dropped
S100844,Student_844,Male,25,Education,400,3.89,87.14,13,0,3.73,In Progress
S100845,Student_845,Male,18,Engineering,500,4.1,57.26,9,7,17.93,Graduated
S100846,Student_846,Female,25,Education,200,3.79,56.52,9,4,2.03,Graduated
S100847,Student_847,Female,29,Law,400,2.76,43.45,7,5,6.3,In Progress
S100848,Student_848,Male,20,Engineering,100,4.05,47.16,16,6,3.25,In Progress
S100849,Student_849,Female,18,Education,300,2.37,71.32,7,3,6.05,Graduated
S100850,Student_850,Male,20,Computer Science,200,2.46,74.61,13,0,8.56,Graduated
S100851,Student_851,Female,28,Computer Science,100,2.68,88.95,7,7,10.79,Graduated
S100852,Student_852,Male,27,Computer Science,500,3.23,43.61,7,3,17.12,Graduated
S100853,Student_853,Male,27,Computer Science,300,2.36,61.37,20,3,14.66,Graduated
S100854,Student_854,Male,26,Business Admin,200,2.16,52.01,13,5,13.55,Graduated
S100855,Student_855,Male,22,Computer Science,300,2.36,61.47,8,3,13.76,Graduated
S100856,Student_856,Male,27,Engineering,200,2.75,61.26,17,6,1.38,Graduated
S100857,Student_857,Male,23,Medicine,200,3.05,61.26,10,6,10.3,Dropped
S100858,Student_858,Female,19,Business Admin,400,2.47,58.58,5,4,16.56,In Progress
S100859,Student_859,Male,19,Medicine,300,2.15,85.84,15,0,19.54,In Progress
S100860,Student_860,Female,28,Engineering,300,3.27,81.38,6,3,16.11,Graduated
S100861,Student_861,Male,26,Engineering,100,4.26,60.49,15,1,7.48,In Progress
S100862,Student_862,Female,28,Law,500,2.71,48.79,18,2,13.6,Graduated
S100863,Student_863,Female,24,Business Admin,100,3.62,71.1,7,7,5.77,Graduated
S100864,Student_864,Female,21,Medicine,400,3.0,95.13,6,6,16.97,Graduated
S100865,Student_865,Male,20,Computer Science,200,3.45,47.41,18,4,5.4,In Progress
S100866,Student_866,Male,23,Engineering,400,3.57,85.18,15,1,4.87,Graduated
S100867,Student_867,Female,23,Computer Science,400,3.0,75.96,14,6,15.73,Graduated
S100868,Student_868,Male,29,Medicine,100,2.31,75.32,19,0,10.07,Graduated
S100869,Student_869,Female,25,Business Admin,200,2.14,96.08,20,2,13.75,Graduated
S100870,Student_870,Male,25,Education,500,3.81,97.36,7,7,14.19,Dropped
S100871,Student_871,Female,21,Education,400,3.44,54.63,16,6,4.16,Graduated
S100872,Student_872,Female,29,Engineering,500,3.69,88.51,18,6,10.37,Graduated
S100873,Student_873,Male,28,Law,200,3.47,77.25,9,3,6.09,Dropped
S100874,Student_874,Female,29,Computer Science,200,3.75,64.53,16,1,0.18,Graduated
S100875,Student_875,Male,24,Engineering,100,3.16,79.94,5,1,9.5,In Progress
S100876,Student_876,Female,26,Law,300,1.94,97.36,5,3,6.58,Graduated
S100877,Student_877,Female,17,Computer Science,100,3.2,71.01,15,5,13.0,Graduated
S100878,Student_878,Male,25,Medicine,500,4.26,96.4,11,5,15.67,Dropped
S100879,Student_879,Male,24,Education,100,3.25,78.57,13,3,6.33,Graduated
S100880,Student_880,Male,22,Law,200,2.14,68.97,19,6,4.39,Graduated
S100881,Student_881,Female,29,Computer Science,400,3.51,78.65,13,1,9.65,In Progress
S100882,Student_882,Male,19,Engineering,300,4.52,76.15,11,0,11.52,In Progress
S100883,Student_883,Female,19,Computer Science,200,2.61,65.3,15,4,12.59,Graduated
S100884,Student_884,Female,24,Engineering,400,3.23,73.75,15,7,20.18,Graduated
S100885,Student_885,Male,21,Education,500,3.33,82.19,17,0,15.84,Graduated
S100886,Student_886,Male,26,Education,500,3.14,90.33,6,0,9.93,Graduated
S100887,Student_887,Female,27,Computer Science,500,3.56,58.26,15,7,21.74,Graduated
S100888,Student_888,Female,30,Computer Science,100,2.72,40.88,11,4,14.32,Graduated
S100889,Student_889,Male,23,Engineering,500,3.44,73.07,17,0,14.91,Dropped
S100890,Student_890,Male,21,Engineering,500,3.82,69.36,16,2,20.02,Graduated
S100891,Student_891,Male,24,Law,100,2.83,43.25,13,3,12.27,Graduated
S100892,Student_892,Male,26,Law,400,3.56,77.95,19,1,10.95,Graduated
S100893,Student_893,Male,26,Law,200,2.74,96.48,11,7,11.65,In Progress
S100894,Student_894,Female,20,Computer Science,300,2.04,64.13,6,4,9.83,Graduated
S100895,Student_895,Female,18,Business Admin,500,2.03,93.66,19,0,7.5,Graduated
S100896,Student_896,Female,19,Business Admin,500,3.32,88.79,20,1,4.05,Graduated
S100897,Student_897,Female,24,Business Admin,500,1.69,49.7,19,5,15.65,In Progress
S100898,Student_898,Male,27,Business Admin,100,3.06,87.24,11,2,15.92,Dropped
S100899,Student_899,Male,29,Law,100,2.45,71.0,18,0,7.44,In Progress
S100900,Student_900,Male,23,Computer Science,100,1.46,95.12,8,0,10.27,Graduated
S100901,Student_901,Female,29,Business Admin,300,3.48,51.37,12,0,6.93,In Progress
S100902,Student_902,Female,18,Education,200,2.02,47.5,7,2,12.8,Graduated
S100903,Student_903,Male,22,Medicine,500,4.62,54.48,16,3,12.87,In Progress
S100904,Student_904,Male,25,Education,400,4.15,43.58,18,1,8.29,Graduated
S100905,Student_905,Female,20,Computer Science,500,2.95,59.2,9,6,8.74,Graduated
S100906,Student_906,Female,25,Computer Science,500,1.59,56.98,7,6,8.93,In Progress
S100907,Student_907,Male,18,Medicine,500,3.21,64.97,11,0,7.08,Graduated
S100908,Student_908,Male,18,Engineering,500,4.28,67.78,20,5,11.85,Graduated
S100909,Student_909,Female,25,Engineering,200,3.74,48.68,19,7,0.0,Graduated
S100910,Student_910,Male,28,Engineering,400,3.79,77.16,7,0,10.37,Graduated
S100911,Student_911,Male,23,Law,100,4.08,53.41,14,2,18.73,Graduated
S100912,Student_912,Male,23,Engineering,400,2.12,47.32,9,2,13.39,Graduated
S100913,Student_913,Female,17,Law,500,3.76,82.53,5,1,5.22,Graduated
S100914,Student_914,Female,29,Law,400,4.36,41.36,8,1,5.38,Graduated
S100915,Student_915,Female,27,Engineering,500,2.57,62.1,10,5,7.39,Graduated
S100916,Student_916,Female,22,Engineering,400,2.72,48.66,6,0,6.78,Graduated
S100917,Student_917,Female,29,Medicine,300,4.09,92.97,10,6,13.44,Dropped
S100918,Student_918,Female,23,Business Admin,400,3.98,89.47,14,5,6.1,Graduated
S100919,Student_919,Female,27,Medicine,100,2.39,43.63,11,7,13.31,Graduated
S100920,Student_920,Male,30,Law,100,2.09,73.03,20,5,9.26,In Progress
S100921,Student_921,Male,22,Medicine,400,2.92,57.72,12,5,11.59,In Progress
S100922,Student_922,Male,22,Law,400,1.97,51.55,7,0,13.3,Graduated
S100923,Student_923,Male,18,Computer Science,200,2.4,58.69,16,0,12.41,In Progress
S100924,Student_924,Male,22,Law,400,2.52,88.95,14,0,18.37,In Progress
S100925,Student_925,Male,20,Law,100,3.79,43.47,15,0,16.85,Graduated
S100926,Student_926,Male,25,Medicine,300,3.98,78.89,7,5,6.1,Graduated
S100927,Student_927,Female,28,Business Admin,100,3.79,94.8,9,2,20.92,Graduated
S100928,Student_928,Female,17,Computer Science,200,2.42,66.88,7,7,10.91,Graduated
S100929,Student_929,Male,29,Education,400,2.94,94.09,13,7,12.06,In Progress
S100930,Student_930,Male,24,Education,300,2.68,94.41,11,6,14.77,In Progress
S100931,Student_931,Female,21,Business Admin,100,3.15,76.58,20,3,5.2,Graduated
S100932,Student_932,Male,17,Education,300,3.53,67.35,9,1,18.78,Graduated
S100933,Student_933,Male,20,Computer Science,500,2.67,84.26,9,2,11.7,Graduated
S100934,Student_934,Female,17,Engineering,100,2.29,94.97,5,4,17.12,Graduated
S100935,Student_935,Male,22,Computer Science,500,4.1,80.8,13,4,9.86,In Progress
S100936,Student_936,Female,18,Medicine,300,3.75,52.58,18,4,5.92,Graduated
S100937,Student_937,Male,21,Law,400,3.24,89.2,19,1,13.52,In Progress
S100938,Student_938,Female,23,Law,400,2.26,97.09,6,0,5.65,Graduated
S100939,Student_939,Female,18,Medicine,400,3.61,64.62,20,4,8.31,Dropped
S100940,Student_940,Female,22,Medicine,500,2.88,81.86,11,4,0.0,Graduated
S100941,Student_941,Male,22,Law,400,1.45,71.09,18,3,17.48,Graduated
S100942,Student_942,Female,21,Business Admin,200,2.63,46.72,11,2,8.05,In Progress
S100943,Student_943,Male,21,Engineering,100,3.32,60.99,6,7,9.07,Dropped
S100944,Student_944,Male,30,Engineering,100,2.85,49.83,12,5,10.82,In Progress
S100945,Student_945,Male,19,Engineering,300,3.36,80.41,18,1,13.35,In Progress
S100946,Student_946,Male,26,Medicine,500,3.33,74.93,12,1,4.25,In Progress
S100947,Student_947,Female,26,Law,100,2.23,42.01,13,3,3.39,In Progress
S100948,Student_948,Female,27,Business Admin,500,3.48,43.7,6,6,16.14,In Progress
S100949,Student_949,Male,28,Law,300,3.54,55.65,5,4,7.94,Graduated
S100950,Student_950,Male,18,Law,400,2.98,84.69,20,5,12.26,Graduated
S100951,Student_951,Female,23,Business Admin,300,3.01,47.61,13,5,8.16,Graduated
S100952,Student_952,Male,17,Computer Science,200,3.01,52.29,18,3,13.82,Dropped
S100953,Student_953,Female,22,Business Admin,400,4.06,94.46,7,0,8.06,Graduated
S100954,Student_954,Male,22,Computer Science,400,3.27,72.77,14,4,11.56,In Progress
S100955,Student_955,Male,19,Education,400,3.09,77.25,17,7,13.14,Dropped
S100956,Student_956,Female,18,Computer Science,300,3.33,67.35,17,7,11.41,Graduated
S100957,Student_957,Male,28,Engineering,200,3.31,57.99,6,7,12.26,Graduated
S100958,Student_958,Female,18,Engineering,500,2.93,54.95,14,6,9.88,Graduated
S100959,Student_959,Male,30,Business Admin,300,2.07,75.35,6,5,3.09,Graduated
S100960,Student_960,Male,29,Engineering,100,3.08,68.26,6,1,2.23,Graduated
S100961,Student_961,Male,25,Engineering,100,3.41,64.18,12,5,4.03,Graduated
S100962,Student_962,Female,27,Education,300,3.2,81.66,7,2,6.49,Graduated
S100963,Student_963,Male,21,Engineering,500,2.65,64.25,5,3,14.76,Graduated
S100964,Student_964,Male,23,Medicine,100,2.86,42.2,12,5,0.0,Dropped
S100965,Student_965,Male,28,Medicine,500,3.7,90.38,6,5,12.35,Dropped
S100966,Student_966,Male,21,Medicine,400,1.82,59.1,10,5,6.8,Graduated
S100967,Student_967,Female,23,Computer Science,300,2.48,96.78,12,6,12.43,Graduated
S100968,Student_968,Female,29,Business Admin,400,3.09,92.77,14,3,17.82,Dropped
S100969,Student_969,Male,20,Business Admin,100,3.73,54.03,13,1,10.97,Graduated
S100970,Student_970,Female,24,Law,500,4.27,97.93,5,5,14.54,Graduated
S100971,Student_971,Male,29,Education,400,3.62,91.21,13,6,6.64,Graduated
S100972,Student_972,Male,27,Medicine,100,2.59,99.1,12,7,7.05,Graduated
S100973,Student_973,Male,30,Medicine,200,1.77,80.68,10,7,15.72,Dropped
S100974,Student_974,Female,26,Engineering,400,4.31,95.84,16,5,20.52,Graduated
S100975,Student_975,Female,29,Medicine,200,2.41,81.41,9,4,14.07,Dropped
S100976,Student_976,Female,27,Engineering,200,3.1,91.31,20,6,0.96,Graduated
S100977,Student_977,Female,26,Engineering,100,2.92,76.63,10,4,4.63,Graduated
S100978,Student_978,Female,23,Law,300,2.95,95.75,6,4,8.17,Dropped
S100979,Student_979,Female,26,Computer Science,500,2.18,71.09,15,5,12.16,In Progress
S100980,Student_980,Female,21,Engineering,100,4.26,84.19,7,5,7.0,Graduated
S100981,Student_981,Female,27,Engineering,400,2.39,95.02,19,5,12.98,Graduated
S100982,Student_982,Female,22,Business Admin,500,3.11,65.34,13,2,4.66,Graduated
S100983,Student_983,Male,21,Law,300,2.69,41.58,7,6,15.03,Graduated
S100984,Student_984,Female,23,Engineering,100,3.43,46.78,17,2,10.85,In Progress
S100985,Student_985,Female,28,Education,300,2.85,98.31,20,4,13.47,Graduated
S100986,Student_986,Female,18,Computer Science,400,2.78,92.39,14,2,0.75,Graduated
S100987,Student_987,Female,21,Education,100,3.76,69.01,20,3,11.51,Graduated
S100988,Student_988,Female,26,Medicine,400,2.77,97.65,11,6,6.24,Graduated
S100989,Student_989,Female,19,Computer Science,500,3.99,51.14,15,5,10.07,In Progress
S100990,Student_990,Female,25,Medicine,500,2.14,46.66,17,4,7.8,Graduated
S100991,Student_991,Female,29,Business Admin,300,2.83,76.09,17,2,6.17,Graduated
S100992,Student_992,Female,22,Engineering,300,2.4,62.93,8,5,9.77,Graduated
S100993,Student_993,Female,29,Law,500,3.02,60.39,16,5,13.22,Graduated
S100994,Student_994,Female,26,Education,200,2.04,84.05,15,3,16.93,Graduated
S100995,Student_995,Male,19,Medicine,500,3.43,49.0,17,3,7.47,In Progress
S100996,Student_996,Male,23,Engineering,100,3.5,86.71,13,2,15.32,In Progress
S100997,Student_997,Female,20,Education,400,4.05,61.57,16,4,16.29,In Progress
S100998,Student_998,Female,30,Education,500,3.59,99.2,17,4,5.08,Graduated
S100999,Student_999,Male,19,Business Admin,500,3.59,88.52,8,6,11.41,Graduated
S101000,Student_1000,Female,24,Business Admin,400,3.48,78.77,14,2,14.14,Graduated
S101001,Student_1001,Male,29,Medicine,400,2.85,53.77,19,2,8.87,Graduated
S101002,Student_1002,Male,20,Engineering,100,4.13,97.39,17,0,9.61,In Progress
S101003,Student_1003,Male,27,Law,400,3.39,41.97,17,3,12.68,Graduated
S101004,Student_1004,Male,17,Medicine,300,4.73,53.4,18,4,10.0,Graduated
S101005,Student_1005,Male,22,Education,500,4.23,42.21,14,1,9.54,Graduated
S101006,Student_1006,Female,26,Education,400,3.24,97.99,10,3,6.74,Dropped
S101007,Student_1007,Male,27,Computer Science,100,3.28,92.29,16,5,7.15,Dropped
S101008,Student_1008,Female,27,Engineering,400,3.58,97.13,20,4,6.76,Graduated
S101009,Student_1009,Female,17,Computer Science,500,4.11,82.9,6,5,8.14,In Progress
S101010,Student_1010,Male,21,Business Admin,200,1.93,41.65,11,0,9.64,Graduated
S101011,Student_1011,Male,23,Law,400,3.92,95.89,7,3,7.04,In Progress
S101012,Student_1012,Female,22,Medicine,300,3.26,65.26,5,7,5.56,Graduated
S101013,Student_1013,Male,30,Education,500,3.76,62.09,16,3,5.67,Graduated
S101014,Student_1014,Male,18,Engineering,100,2.5,57.05,11,5,9.91,Graduated
S101015,Student_1015,Female,27,Education,500,2.46,57.21,9,6,2.35,Graduated
S101016,Student_1016,Female,20,Business Admin,200,3.24,88.04,15,7,14.24,In Progress
S101017,Student_1017,Male,27,Computer Science,100,3.68,55.38,16,4,16.3,In Progress
S101018,Student_1018,Female,18,Computer Science,200,2.14,53.33,11,1,16.37,In Progress
S101019,Student_1019,Male,27,Medicine,200,2.72,81.88,19,7,8.32,Graduated
S101020,Student_1020,Male,17,Engineering,300,2.16,57.25,20,2,7.32,Dropped
S101021,Student_1021,Male,19,Business Admin,400,3.29,40.79,5,7,7.06,Graduated
S101022,Student_1022,Female,19,Engineering,300,4.4,95.91,9,1,5.08,Graduated
S101023,Student_1023,Female,28,Medicine,300,2.77,58.81,6,5,13.49,Graduated
S101024,Student_1024,Female,23,Business Admin,300,3.55,85.86,5,6,0.37,Graduated
S101025,Student_1025,Female,17,Business Admin,100,3.09,68.14,10,6,7.36,Graduated
S101026,Student_1026,Female,25,Computer Science,400,3.26,48.04,16,0,7.1,Dropped
S101027,Student_1027,Male,27,Computer Science,400,2.58,79.72,9,3,7.75,In Progress
S101028,Student_1028,Male,22,Computer Science,100,3.46,53.89,8,5,7.12,Graduated
S101029,Student_1029,Male,20,Education,300,2.86,57.28,5,6,10.73,Graduated
S101030,Student_1030,Male,19,Law,300,4.25,41.94,19,5,13.08,Graduated
S101031,Student_1031,Female,19,Computer Science,200,2.64,40.98,9,6,11.58,Graduated
S101032,Student_1032,Male,18,Law,200,3.69,70.82,11,4,5.09,Graduated
S101033,Student_1033,Female,18,Law,500,4.38,43.47,5,3,1.14,Graduated
S101034,Student_1034,Male,30,Engineering,200,3.83,52.57,8,2,18.65,Graduated
S101035,Student_1035,Female,28,Medicine,400,2.37,95.43,10,1,14.72,In Progress
S101036,Student_1036,Female,29,Education,100,2.3,44.97,17,1,19.43,Dropped
S101037,Student_1037,Male,26,Law,300,3.32,57.45,12,0,12.22,In Progress
S101038,Student_1038,Male,21,Education,500,3.04,83.59,11,4,17.06,Graduated
S101039,Student_1039,Male,25,Engineering,200,3.36,93.06,19,2,1.06,Graduated
S101040,Student_1040,Male,18,Computer Science,500,3.84,42.77,11,7,3.32,Graduated
S101041,Student_1041,Female,18,Business Admin,100,3.06,51.13,19,6,6.85,In Progress
S101042,Student_1042,Male,28,Law,100,2.56,63.27,12,5,10.65,Graduated
S101043,Student_1043,Male,22,Medicine,500,3.15,61.66,17,2,6.59,Graduated
S101044,Student_1044,Female,29,Business Admin,500,4.06,57.31,19,4,15.09,In Progress
S101045,Student_1045,Male,26,Engineering,500,3.02,54.54,11,6,14.67,Graduated
S101046,Student_1046,Male,18,Education,300,4.51,56.12,17,0,14.82,Graduated
S101047,Student_1047,Male,28,Computer Science,400,3.62,48.01,8,5,13.4,In Progress
S101048,Student_1048,Male,20,Education,200,3.55,49.8,15,7,11.54,Graduated
S101049,Student_1049,Male,22,Medicine,200,2.62,76.41,10,2,18.21,Graduated
S101050,Student_1050,Female,21,Law,200,2.91,57.53,16,0,18.92,In Progress
S101051,Student_1051,Male,17,Medicine,500,3.37,63.98,6,6,8.79,In Progress
S101052,Student_1052,Male,22,Education,500,2.98,64.72,12,4,5.64,In Progress
S101053,Student_1053,Male,17,Education,500,3.88,46.58,7,4,16.06,Graduated
S101054,Student_1054,Male,19,Business Admin,300,3.15,89.17,20,4,19.39,Graduated
S101055,Student_1055,Male,26,Medicine,300,2.59,97.38,8,2,22.49,Graduated
S101056,Student_1056,Female,21,Medicine,300,3.25,55.81,6,4,13.17,Graduated
S101057,Student_1057,Male,30,Medicine,300,2.78,57.66,20,2,9.12,In Progress
S101058,Student_1058,Female,26,Computer Science,100,3.51,81.59,20,0,4.32,Graduated
S101059,Student_1059,Female,29,Education,300,2.67,44.84,19,3,9.63,Graduated
S101060,Student_1060,Male,21,Engineering,300,4.33,94.44,13,0,5.44,Dropped
S101061,Student_1061,Male,29,Computer Science,300,1.99,47.24,6,6,4.59,Dropped
S101062,Student_1062,Male,26,Computer Science,200,2.81,83.92,18,2,14.81,In Progress
S101063,Student_1063,Male,22,Computer Science,200,3.17,57.49,17,6,7.63,Graduated
S101064,Student_1064,Female,28,Business Admin,200,2.71,59.4,10,1,9.88,Graduated
S101065,Student_1065,Male,26,Engineering,400,1.47,48.45,7,7,17.96,In Progress
S101066,Student_1066,Male,24,Medicine,100,4.4,78.78,16,7,0.0,Graduated
S101067,Student_1067,Male,21,Business Admin,500,3.58,87.7,20,7,5.23,Graduated
S101068,Student_1068,Male,30,Education,300,2.19,97.01,19,1,14.02,Graduated
S101069,Student_1069,Male,27,Law,200,2.29,59.89,10,5,7.55,In Progress
S101070,Student_1070,Male,17,Business Admin,100,2.04,77.27,8,3,7.38,Graduated
S101071,Student_1071,Female,21,Law,300,2.97,64.9,17,4,11.63,In Progress
S101072,Student_1072,Female,19,Education,400,4.1,73.47,12,0,9.19,Graduated
S101073,Student_1073,Male,20,Engineering,500,2.87,49.78,7,7,0.13,Graduated
S101074,Student_1074,Male,29,Law,300,2.75,74.91,12,0,6.9,Graduated
S101075,Student_1075,Male,24,Computer Science,500,3.75,90.94,7,2,2.46,Graduated
S101076,Student_1076,Female,23,Business Admin,300,3.3,91.82,18,5,14.32,Graduated
S101077,Student_1077,Male,27,Law,400,3.03,69.0,9,3,3.07,In Progress
S101078,Student_1078,Female,21,Education,100,3.59,54.14,15,4,3.05,Graduated
S101079,Student_1079,Male,18,Computer Science,500,1.84,90.2,17,3,3.7,In Progress
S101080,Student_1080,Male,22,Law,500,3.4,99.97,6,7,14.21,Graduated
S101081,Student_1081,Male,27,Education,100,3.97,62.63,10,6,6.81,In Progress
S101082,Student_1082,Male,22,Engineering,500,2.21,95.46,11,1,16.65,In Progress
S101083,Student_1083,Female,26,Education,200,2.81,99.01,12,5,14.39,Graduated
S101084,Student_1084,Female,26,Engineering,100,1.71,63.74,17,3,15.57,In Progress
S101085,Student_1085,Male,30,Computer Science,400,2.77,82.98,8,6,8.26,In Progress
S101086,Student_1086,Male,27,Education,300,2.62,74.87,13,4,3.85,Graduated
S101087,Student_1087,Female,22,Medicine,300,4.27,83.33,6,5,8.41,In Progress
S101088,Student_1088,Female,30,Business Admin,100,2.75,49.25,18,7,0.0,In Progress
S101089,Student_1089,Female,25,Medicine,200,3.28,62.0,18,4,12.81,Graduated
S101090,Student_1090,Female,27,Medicine,400,4.02,43.77,12,7,11.33,Graduated
S101091,Student_1091,Male,24,Medicine,300,1.55,76.79,10,0,6.66,In Progress
S101092,Student_1092,Female,24,Business Admin,300,3.16,95.6,8,0,7.44,Graduated
S101093,Student_1093,Male,17,Medicine,200,2.3,73.62,6,4,15.56,Graduated
S101094,Student_1094,Female,21,Engineering,500,2.32,44.22,8,0,12.45,Graduated
S101095,Student_1095,Female,23,Education,100,2.47,95.82,19,0,17.38,Graduated
S101096,Student_1096,Female,22,Computer Science,200,2.73,47.98,7,0,5.63,Graduated
S101097,Student_1097,Female,21,Medicine,200,2.35,92.98,17,6,3.64,Graduated
S101098,Student_1098,Female,24,Medicine,200,2.78,82.85,8,4,11.82,Graduated
S101099,Student_1099,Male,19,Computer Science,200,3.75,78.18,8,0,13.97,Graduated
S101100,Student_1100,Male,22,Computer Science,500,3.41,75.21,19,1,11.5,Graduated
S101101,Student_1101,Female,21,Medicine,400,4.97,47.87,15,5,7.83,In Progress
S101102,Student_1102,Female,24,Engineering,200,3.2,70.05,11,4,24.73,Graduated
S101103,Student_1103,Male,20,Computer Science,200,3.49,51.8,5,3,20.24,In Progress
S101104,Student_1104,Female,24,Education,100,3.95,74.31,19,5,6.29,Graduated
S101105,Student_1105,Female,26,Education,300,2.24,66.84,13,6,6.99,Graduated
S101106,Student_1106,Male,30,Engineering,500,3.93,80.78,9,6,6.2,In Progress
S101107,Student_1107,Female,18,Business Admin,200,2.38,98.95,7,2,16.97,Graduated
S101108,Student_1108,Female,25,Law,400,3.37,61.66,11,5,14.54,Graduated
S101109,Student_1109,Male,29,Engineering,400,3.71,77.0,11,6,13.71,Graduated
S101110,Student_1110,Male,25,Medicine,400,1.71,91.86,12,2,9.21,Graduated
S101111,Student_1111,Male,30,Law,100,2.78,45.58,14,7,14.39,In Progress
S101112,Student_1112,Female,26,Medicine,400,2.99,88.01,8,7,11.82,Graduated
S101113,Student_1113,Male,26,Education,100,2.25,54.37,17,1,9.12,Graduated
S101114,Student_1114,Male,29,Computer Science,500,3.27,72.42,13,4,11.91,In Progress
S101115,Student_1115,Male,22,Medicine,400,4.22,99.49,6,3,17.99,Graduated
S101116,Student_1116,Male,20,Education,300,2.36,99.04,10,4,13.99,Graduated
S101117,Student_1117,Male,20,Engineering,200,3.87,58.95,7,3,5.12,Graduated
S101118,Student_1118,Male,29,Medicine,500,3.38,47.91,12,7,5.75,Graduated
S101119,Student_1119,Female,22,Education,300,2.09,96.29,12,3,13.79,In Progress
S101120,Student_1120,Female,21,Computer Science,500,2.74,93.61,20,7,6.68,In Progress
S101121,Student_1121,Male,22,Medicine,400,3.22,76.96,10,4,11.82,Graduated
S101122,Student_1122,Male,23,Business Admin,500,4.15,41.94,8,5,6.97,Graduated
S101123,Student_1123,Male,23,Education,500,3.6,85.08,18,0,14.09,Graduated
S101124,Student_1124,Female,25,Medicine,500,2.55,49.65,12,2,4.75,Graduated
S101125,Student_1125,Female,24,Computer Science,100,3.31,96.58,10,0,11.54,Graduated
S101126,Student_1126,Female,29,Medicine,300,1.07,66.11,16,2,7.79,Dropped
S101127,Student_1127,Female,22,Medicine,400,3.67,76.91,13,0,9.73,In Progress
S101128,Student_1128,Female,28,Business Admin,200,2.5,56.86,18,4,10.62,Graduated
S101129,Student_1129,Female,22,Education,400,2.3,68.5,11,7,15.65,In Progress
S101130,Student_1130,Female,30,Law,400,2.81,85.28,13,4,9.59,Graduated
S101131,Student_1131,Female,21,Medicine,100,2.16,69.52,17,3,14.92,In Progress
S101132,Student_1132,Female,17,Law,100,2.9,90.83,18,1,5.56,Graduated
S101133,Student_1133,Male,25,Engineering,500,3.77,82.78,20,4,1.78,Dropped
S101134,Student_1134,Male,25,Medicine,400,1.65,44.64,12,7,12.31,In Progress
S101135,Student_1135,Male,25,Law,300,2.98,76.41,18,2,8.46,Graduated
S101136,Student_1136,Male,27,Engineering,100,2.92,76.76,20,3,4.76,Dropped
S101137,Student_1137,Female,24,Business Admin,100,3.4,62.85,8,2,4.85,Graduated
S101138,Student_1138,Female,29,Education,300,2.9,59.36,16,0,5.53,Graduated
S101139,Student_1139,Male,26,Medicine,100,3.7,43.77,10,1,11.56,Graduated
S101140,Student_1140,Female,29,Education,300,3.99,66.77,18,4,8.21,Graduated
S101141,Student_1141,Male,19,Engineering,200,3.76,60.2,11,0,2.83,Graduated
S101142,Student_1142,Female,17,Education,300,2.53,97.06,8,3,7.12,In Progress
S101143,Student_1143,Male,27,Education,200,4.4,80.45,8,2,6.24,Graduated
S101144,Student_1144,Female,28,Computer Science,500,2.23,67.6,14,5,4.66,Graduated
S101145,Student_1145,Female,28,Engineering,500,3.54,85.28,7,6,14.85,Graduated
S101146,Student_1146,Male,24,Education,100,3.85,86.73,14,1,9.54,Graduated
S101147,Student_1147,Female,23,Law,300,4.5,68.83,10,4,21.36,Dropped
S101148,Student_1148,Male,29,Engineering,100,3.75,44.55,15,7,13.81,In Progress
S101149,Student_1149,Male,21,Computer Science,300,2.51,86.83,6,2,14.06,Graduated
S101150,Student_1150,Male,26,Medicine,100,3.69,45.42,17,4,10.76,Graduated
S101151,Student_1151,Male,23,Business Admin,500,2.95,90.85,15,4,17.01,Dropped
S101152,Student_1152,Female,26,Education,500,3.82,60.05,8,7,16.24,Graduated
S101153,Student_1153,Female,20,Law,100,3.18,78.29,12,2,11.13,In Progress
S101154,Student_1154,Female,25,Computer Science,300,4.04,84.42,7,4,0.0,Graduated
S101155,Student_1155,Male,27,Engineering,400,3.06,42.11,16,3,0.0,Graduated
S101156,Student_1156,Female,26,Business Admin,300,3.7,63.08,17,1,6.35,Graduated
S101157,Student_1157,Male,30,Business Admin,100,2.61,76.25,12,0,11.15,Graduated
S101158,Student_1158,Female,18,Education,300,3.87,90.89,11,1,2.88,Dropped
S101159,Student_1159,Female,25,Computer Science,200,1.54,83.07,18,0,12.12,Graduated
S101160,Student_1160,Female,25,Computer Science,300,3.54,93.77,11,3,10.54,Graduated
S101161,Student_1161,Male,21,Law,500,3.3,44.96,15,1,9.34,Graduated
S101162,Student_1162,Female,27,Medicine,500,3.15,44.31,13,3,10.29,Graduated
S101163,Student_1163,Female,17,Medicine,200,1.53,82.81,8,2,0.0,In Progress
S101164,Student_1164,Male,23,Medicine,300,2.7,63.91,15,0,17.95,Graduated
S101165,Student_1165,Female,26,Business Admin,400,3.89,68.9,12,2,8.17,Graduated
S101166,Student_1166,Male,26,Business Admin,300,2.46,76.26,6,2,10.87,In Progress
S101167,Student_1167,Female,20,Engineering,500,2.02,99.16,19,1,10.53,Dropped
S101168,Student_1168,Male,25,Business Admin,500,2.29,44.03,7,4,6.96,Graduated
S101169,Student_1169,Male,22,Business Admin,100,3.88,46.53,8,6,10.49,Graduated
S101170,Student_1170,Female,29,Computer Science,500,3.37,89.76,13,4,4.98,In Progress
S101171,Student_1171,Male,19,Engineering,100,4.04,41.23,5,3,9.53,In Progress
S101172,Student_1172,Male,22,Computer Science,500,3.53,67.03,20,1,10.35,In Progress
S101173,Student_1173,Male,29,Law,500,2.44,86.45,11,2,8.53,In Progress
S101174,Student_1174,Male,26,Law,400,4.32,51.72,6,7,10.3,Dropped
S101175,Student_1175,Male,22,Engineering,100,2.62,51.22,9,7,13.19,In Progress
S101176,Student_1176,Male,21,Engineering,100,2.47,58.62,5,5,15.77,Dropped
S101177,Student_1177,Female,18,Business Admin,500,3.22,49.0,10,7,20.1,Graduated
S101178,Student_1178,Male,26,Law,100,3.34,80.71,17,3,13.24,Graduated
S101179,Student_1179,Male,26,Education,500,3.63,52.01,16,2,8.52,Graduated
S101180,Student_1180,Female,18,Medicine,500,2.81,53.61,7,3,4.33,Graduated
S101181,Student_1181,Female,23,Business Admin,300,4.03,74.5,17,5,7.45,Graduated
S101182,Student_1182,Female,18,Medicine,100,2.59,98.04,10,7,3.2,Graduated
S101183,Student_1183,Female,28,Law,200,2.28,94.83,12,0,8.56,In Progress
S101184,Student_1184,Female,22,Medicine,100,1.67,91.87,12,7,11.48,In Progress
S101185,Student_1185,Female,21,Education,100,2.88,71.86,16,3,11.85,Graduated
S101186,Student_1186,Female,20,Education,400,3.63,57.87,8,7,10.97,Graduated
S101187,Student_1187,Male,23,Computer Science,200,3.54,82.35,11,3,11.03,Dropped
S101188,Student_1188,Male,24,Engineering,200,3.26,63.37,16,2,11.54,Dropped
S101189,Student_1189,Female,20,Medicine,400,2.71,86.67,20,6,16.14,In Progress
S101190,Student_1190,Male,17,Education,400,3.91,40.97,20,4,5.37,In Progress
S101191,Student_1191,Male,17,Engineering,100,3.09,71.77,10,2,6.55,In Progress
S101192,Student_1192,Male,17,Engineering,300,3.31,60.24,6,1,17.76,Graduated
S101193,Student_1193,Female,27,Computer Science,400,2.21,54.94,10,2,6.63,In Progress
S101194,Student_1194,Female,17,Engineering,200,1.73,79.71,6,6,16.73,In Progress
S101195,Student_1195,Male,21,Engineering,200,3.64,79.5,17,6,16.46,In Progress
S101196,Student_1196,Female,20,Business Admin,100,4.8,42.22,8,5,7.11,Graduated
S101197,Student_1197,Male,29,Law,300,3.34,96.86,9,4,11.26,In Progress
S101198,Student_1198,Male,30,Computer Science,500,3.64,61.71,13,7,12.95,Graduated
S101199,Student_1199,Male,25,Computer Science,400,3.63,95.04,17,1,19.52,In Progress
S101200,Student_1200,Male,19,Medicine,400,3.09,75.02,7,5,9.76,Dropped
S101201,Student_1201,Female,30,Engineering,100,1.95,79.16,16,6,9.56,Graduated
S101202,Student_1202,Female,23,Medicine,300,3.55,97.63,20,6,13.8,In Progress
S101203,Student_1203,Female,27,Business Admin,200,4.11,89.33,9,4,6.34,In Progress
S101204,Student_1204,Male,24,Education,200,3.42,48.4,6,6,10.05,Graduated
S101205,Student_1205,Female,22,Engineering,500,2.89,40.31,7,1,0.0,Dropped
S101206,Student_1206,Male,28,Education,200,3.35,58.52,17,6,21.65,Graduated
S101207,Student_1207,Female,29,Law,400,3.01,69.31,9,2,18.05,Graduated
S101208,Student_1208,Male,26,Business Admin,500,3.98,83.93,11,4,9.94,Graduated
S101209,Student_1209,Male,29,Engineering,300,3.21,79.66,17,5,5.39,Graduated
S101210,Student_1210,Male,17,Medicine,500,3.57,58.77,20,5,5.14,Graduated
S101211,Student_1211,Female,24,Medicine,300,3.86,72.52,10,7,12.92,Graduated
S101212,Student_1212,Female,26,Engineering,200,3.57,79.06,18,7,5.47,Graduated
S101213,Student_1213,Female,19,Medicine,100,3.11,70.83,18,4,3.97,Graduated
S101214,Student_1214,Female,24,Engineering,500,2.01,81.34,6,5,3.18,In Progress
S101215,Student_1215,Male,28,Computer Science,500,3.38,69.11,17,5,10.56,Graduated
S101216,Student_1216,Female,20,Medicine,400,3.72,71.78,18,6,11.24,Dropped
S101217,Student_1217,Female,24,Engineering,400,1.95,96.45,13,0,19.76,Graduated
S101218,Student_1218,Male,27,Engineering,300,3.36,63.35,12,0,6.72,Graduated
S101219,Student_1219,Male,17,Medicine,100,3.08,85.34,13,3,12.81,In Progress
S101220,Student_1220,Male,19,Computer Science,400,1.48,60.08,13,7,6.52,Graduated
S101221,Student_1221,Female,22,Medicine,400,3.3,59.91,9,6,5.7,Graduated
S101222,Student_1222,Male,25,Engineering,200,4.04,95.6,15,7,12.27,In Progress
S101223,Student_1223,Male,18,Computer Science,200,3.09,81.92,11,0,15.12,In Progress
S101224,Student_1224,Male,27,Education,400,1.62,95.74,11,4,9.17,Graduated
S101225,Student_1225,Female,17,Law,300,3.32,99.67,20,3,3.54,Graduated
S101226,Student_1226,Male,26,Medicine,100,3.84,40.01,14,2,13.92,Dropped
S101227,Student_1227,Female,19,Business Admin,400,2.47,98.99,13,6,12.67,Graduated
S101228,Student_1228,Female,20,Engineering,300,2.9,46.05,13,3,13.13,Graduated
S101229,Student_1229,Male,27,Computer Science,300,2.81,44.22,10,5,18.94,In Progress
S101230,Student_1230,Male,21,Computer Science,400,3.13,86.07,7,1,5.66,Graduated
S101231,Student_1231,Female,19,Education,300,2.79,61.01,12,7,13.78,Graduated
S101232,Student_1232,Male,29,Medicine,500,3.99,95.07,5,6,13.19,Graduated
S101233,Student_1233,Male,26,Business Admin,300,3.98,72.67,14,7,9.93,Graduated
S101234,Student_1234,Female,27,Computer Science,400,2.63,63.17,15,3,10.41,Graduated
S101235,Student_1235,Female,18,Education,300,3.99,44.41,8,0,12.2,Graduated
S101236,Student_1236,Male,18,Engineering,400,1.89,67.88,14,6,13.13,Graduated
S101237,Student_1237,Female,23,Education,200,2.48,56.67,6,6,6.05,In Progress
S101238,Student_1238,Male,25,Medicine,400,3.48,44.6,9,2,14.84,Graduated
S101239,Student_1239,Male,26,Education,300,3.11,80.22,16,7,12.8,Graduated
S101240,Student_1240,Male,18,Computer Science,400,3.15,98.64,16,1,7.01,In Progress
S101241,Student_1241,Female,23,Computer Science,100,3.31,62.73,11,3,12.14,Graduated
S101242,Student_1242,Male,23,Law,400,2.71,57.84,15,2,12.44,Dropped
S101243,Student_1243,Male,27,Education,400,3.93,45.4,5,0,12.26,Graduated
S101244,Student_1244,Male,23,Engineering,100,3.54,53.39,8,6,9.91,Graduated
S101245,Student_1245,Female,19,Business Admin,100,2.98,57.1,7,2,5.37,Graduated
S101246,Student_1246,Female,28,Business Admin,100,3.7,60.65,8,2,5.86,Graduated
S101247,Student_1247,Female,23,Medicine,500,3.37,78.04,10,7,18.34,In Progress
S101248,Student_1248,Female,17,Law,400,2.88,46.89,14,1,10.37,Graduated
S101249,Student_1249,Female,26,Education,100,2.85,43.51,10,4,14.96,In Progress
S101250,Student_1250,Male,17,Engineering,100,2.25,95.83,16,0,10.42,In Progress
S101251,Student_1251,Female,21,Law,200,2.62,87.95,5,1,4.76,In Progress
S101252,Student_1252,Female,18,Computer Science,500,2.92,56.69,7,1,12.84,Graduated
S101253,Student_1253,Female,25,Medicine,400,3.11,78.33,5,1,10.48,Dropped
S101254,Student_1254,Male,23,Education,300,2.41,75.55,17,4,14.62,In Progress
S101255,Student_1255,Female,20,Business Admin,500,3.08,84.58,5,4,9.08,In Progress
S101256,Student_1256,Female,20,Engineering,500,2.67,91.56,5,6,7.45,Graduated
S101257,Student_1257,Male,18,Computer Science,200,2.55,61.47,7,3,0.39,Graduated
S101258,Student_1258,Female,21,Law,400,3.42,79.65,18,3,13.71,Dropped
S101259,Student_1259,Male,20,Medicine,400,3.17,88.12,6,7,11.69,Dropped
S101260,Student_1260,Male,28,Law,100,2.96,81.96,18,0,7.21,Graduated
S101261,Student_1261,Male,29,Business Admin,100,3.41,95.33,16,5,12.22,In Progress
S101262,Student_1262,Male,17,Law,500,2.15,69.68,8,0,4.96,Dropped
S101263,Student_1263,Male,28,Engineering,200,2.21,88.16,11,4,20.26,Graduated
S101264,Student_1264,Female,24,Computer Science,400,2.77,94.58,15,4,0.97,Graduated
S101265,Student_1265,Male,19,Education,200,2.93,73.42,15,4,7.65,Graduated
S101266,Student_1266,Male,30,Engineering,300,3.54,41.04,18,7,8.45,Graduated
S101267,Student_1267,Female,22,Business Admin,400,2.56,89.08,19,6,8.38,Graduated
S101268,Student_1268,Male,20,Medicine,100,2.58,90.76,6,1,9.58,In Progress
S101269,Student_1269,Female,25,Business Admin,500,3.76,63.99,6,4,9.86,Graduated
S101270,Student_1270,Female,23,Business Admin,200,2.24,53.74,17,1,10.76,In Progress
S101271,Student_1271,Female,25,Law,100,3.71,98.69,16,1,8.45,Dropped
S101272,Student_1272,Male,26,Medicine,500,3.01,73.1,16,0,6.02,Graduated
S101273,Student_1273,Male,19,Engineering,100,2.46,70.97,19,6,11.25,Graduated
S101274,Student_1274,Male,17,Business Admin,400,2.23,96.76,17,2,19.91,In Progress
S101275,Student_1275,Female,21,Engineering,200,2.87,64.49,15,3,3.78,In Progress
S101276,Student_1276,Male,19,Education,300,3.46,90.89,11,3,7.85,In Progress
S101277,Student_1277,Male,22,Law,100,2.99,82.04,16,6,12.75,Dropped
S101278,Student_1278,Male,24,Engineering,200,3.64,98.06,13,0,16.75,Graduated
S101279,Student_1279,Female,27,Medicine,400,3.62,65.72,15,7,26.57,Graduated
S101280,Student_1280,Female,29,Business Admin,100,3.56,94.46,19,0,15.87,In Progress
S101281,Student_1281,Male,20,Education,400,3.59,74.13,7,4,6.25,Graduated
S101282,Student_1282,Male,21,Medicine,300,2.63,68.55,14,4,14.4,Graduated
S101283,Student_1283,Male,21,Law,300,3.55,58.34,12,4,11.91,Graduated
S101284,Student_1284,Male,20,Education,500,4.49,73.16,10,1,5.17,Graduated
S101285,Student_1285,Female,20,Education,500,3.68,74.35,19,1,7.81,Graduated
S101286,Student_1286,Female,20,Education,500,2.73,93.9,17,4,0.91,Dropped
S101287,Student_1287,Female,20,Business Admin,400,2.59,82.24,18,6,1.39,In Progress
S101288,Student_1288,Female,20,Computer Science,500,3.08,89.59,10,1,6.56,Graduated
S101289,Student_1289,Male,21,Education,200,3.54,86.15,7,0,10.68,Graduated
S101290,Student_1290,Male,18,Medicine,400,3.13,56.6,14,4,15.18,Graduated
S101291,Student_1291,Male,18,Medicine,400,2.22,52.35,13,3,8.35,Graduated
S101292,Student_1292,Female,25,Law,500,3.53,55.51,13,3,5.55,Dropped
S101293,Student_1293,Male,18,Engineering,500,3.66,48.79,8,7,19.78,Graduated
S101294,Student_1294,Female,22,Engineering,400,2.39,63.16,20,5,4.42,Graduated
S101295,Student_1295,Female,18,Computer Science,300,3.67,79.23,17,1,5.19,Graduated
S101296,Student_1296,Male,21,Business Admin,300,3.09,72.22,17,7,7.76,Graduated
S101297,Student_1297,Male,20,Business Admin,500,3.34,80.75,14,3,17.81,Graduated
S101298,Student_1298,Male,28,Education,300,3.35,61.37,16,4,13.61,Graduated
S101299,Student_1299,Female,23,Computer Science,200,3.2,52.32,10,6,7.07,Graduated
S101300,Student_1300,Male,23,Law,200,2.72,52.17,9,3,9.08,In Progress
S101301,Student_1301,Female,29,Law,200,3.35,76.05,8,0,9.51,Graduated
S101302,Student_1302,Male,22,Engineering,400,3.03,49.86,6,1,1.3,Graduated
S101303,Student_1303,Female,26,Law,400,3.23,63.83,8,3,11.89,In Progress
S101304,Student_1304,Female,21,Education,400,2.81,52.77,11,1,10.0,Graduated
S101305,Student_1305,Male,17,Medicine,400,3.28,79.77,7,0,9.01,In Progress
S101306,Student_1306,Female,28,Law,400,3.0,76.93,7,3,11.43,Graduated
S101307,Student_1307,Female,19,Computer Science,500,2.3,62.87,15,5,13.92,Graduated
S101308,Student_1308,Male,25,Education,300,3.38,47.72,7,4,9.81,Graduated
S101309,Student_1309,Female,30,Law,500,3.76,52.71,20,7,9.23,Graduated
S101310,Student_1310,Male,17,Business Admin,300,3.29,68.33,13,2,13.93,In Progress
S101311,Student_1311,Female,21,Law,500,2.88,98.32,18,6,4.17,Dropped
S101312,Student_1312,Male,18,Business Admin,200,3.29,56.25,5,3,3.61,Graduated
S101313,Student_1313,Male,20,Education,100,2.54,51.47,9,7,9.16,In Progress
S101314,Student_1314,Female,30,Law,400,3.56,53.24,13,0,13.76,Dropped
S101315,Student_1315,Female,30,Business Admin,100,3.63,82.49,18,5,9.62,In Progress
S101316,Student_1316,Female,27,Medicine,100,2.98,94.88,11,5,15.07,Graduated
S101317,Student_1317,Female,17,Engineering,200,3.09,44.51,16,7,8.78,Graduated
S101318,Student_1318,Female,19,Education,100,2.3,84.96,16,2,18.08,Dropped
S101319,Student_1319,Male,26,Business Admin,100,3.42,69.68,5,5,9.23,In Progress
S101320,Student_1320,Female,23,Computer Science,200,2.85,89.51,8,3,13.41,In Progress
S101321,Student_1321,Male,26,Law,300,1.23,65.29,10,1,13.74,Graduated
S101322,Student_1322,Male,19,Business Admin,500,3.09,40.31,9,0,12.24,Graduated
S101323,Student_1323,Female,20,Business Admin,100,2.94,80.97,6,3,10.69,Graduated
S101324,Student_1324,Male,18,Business Admin,400,2.31,88.48,5,6,8.99,In Progress
S101325,Student_1325,Male,19,Engineering,200,3.69,94.12,15,6,12.19,In Progress
S101326,Student_1326,Male,25,Computer Science,100,2.71,74.14,8,0,15.3,Graduated
S101327,Student_1327,Male,19,Computer Science,300,2.5,47.32,16,4,16.26,Graduated
S101328,Student_1328,Female,27,Medicine,300,3.79,62.19,14,2,6.78,In Progress
S101329,Student_1329,Male,21,Engineering,400,3.3,87.06,20,2,5.89,Graduated
S101330,Student_1330,Female,18,Business Admin,100,2.33,69.66,9,4,4.52,Dropped
S101331,Student_1331,Female,20,Education,400,3.01,81.95,19,2,3.84,Graduated
S101332,Student_1332,Male,28,Engineering,300,2.46,40.28,8,2,12.14,In Progress
S101333,Student_1333,Female,29,Engineering,300,2.13,44.38,7,5,12.95,Graduated
S101334,Student_1334,Female,23,Computer Science,500,2.08,80.87,14,6,16.31,In Progress
S101335,Student_1335,Female,30,Medicine,300,3.49,57.41,19,4,10.27,In Progress
S101336,Student_1336,Male,23,Medicine,200,2.46,63.29,12,1,8.3,Graduated
S101337,Student_1337,Female,28,Engineering,500,2.33,78.53,16,5,19.46,Dropped
S101338,Student_1338,Female,19,Engineering,400,2.86,46.72,18,2,8.49,Graduated
S101339,Student_1339,Female,21,Law,300,4.81,89.96,10,1,3.35,Graduated
S101340,Student_1340,Male,17,Business Admin,200,3.34,48.67,15,7,6.67,Graduated
S101341,Student_1341,Female,26,Computer Science,500,3.59,84.0,19,0,5.41,Graduated
S101342,Student_1342,Male,26,Business Admin,200,2.35,57.57,18,0,14.8,Graduated
S101343,Student_1343,Male,26,Education,500,3.31,55.6,16,6,6.02,Graduated
S101344,Student_1344,Male,27,Education,500,3.01,89.28,7,2,17.3,In Progress
S101345,Student_1345,Male,17,Medicine,500,2.52,73.13,10,0,10.19,Graduated
S101346,Student_1346,Male,21,Computer Science,400,2.86,52.33,19,4,11.39,In Progress
S101347,Student_1347,Male,29,Business Admin,500,2.56,40.15,14,2,14.69,Graduated
S101348,Student_1348,Female,26,Medicine,500,3.11,98.38,12,4,15.34,In Progress
S101349,Student_1349,Male,25,Education,200,2.86,65.88,11,6,8.61,In Progress
S101350,Student_1350,Female,17,Engineering,500,2.57,63.85,19,1,15.55,Graduated
S101351,Student_1351,Female,17,Computer Science,400,2.84,43.02,17,3,11.05,In Progress
S101352,Student_1352,Male,20,Computer Science,200,3.62,93.66,5,7,12.29,Graduated
S101353,Student_1353,Female,20,Business Admin,500,2.2,48.44,20,3,1.84,In Progress
S101354,Student_1354,Female,18,Law,200,2.63,60.13,10,5,13.39,In Progress
S101355,Student_1355,Female,25,Business Admin,400,3.24,65.27,5,6,5.08,In Progress
S101356,Student_1356,Female,30,Engineering,200,2.59,88.61,17,2,16.8,Graduated
S101357,Student_1357,Male,25,Engineering,400,3.89,61.57,8,6,20.55,Graduated
S101358,Student_1358,Female,29,Medicine,300,3.81,71.89,14,4,3.38,Graduated
S101359,Student_1359,Male,29,Computer Science,500,3.85,65.72,20,3,17.39,Graduated
S101360,Student_1360,Female,18,Medicine,400,3.46,58.71,7,2,12.64,Graduated
S101361,Student_1361,Female,30,Engineering,500,3.68,96.78,11,6,7.34,Graduated
S101362,Student_1362,Male,25,Law,400,3.02,87.81,6,5,1.74,In Progress
S101363,Student_1363,Female,22,Computer Science,100,2.6,50.46,17,6,0.0,Graduated
S101364,Student_1364,Female,24,Engineering,100,2.64,73.28,16,3,15.8,Graduated
S101365,Student_1365,Female,26,Law,100,1.91,87.79,8,6,16.18,In Progress
S101366,Student_1366,Male,29,Business Admin,400,2.76,74.79,19,5,7.14,Dropped
S101367,Student_1367,Female,29,Education,500,2.8,69.63,20,3,5.99,Graduated
S101368,Student_1368,Male,20,Engineering,100,2.88,44.32,9,0,10.12,Dropped
S101369,Student_1369,Female,18,Education,500,4.77,46.36,6,6,9.6,Dropped
S101370,Student_1370,Male,18,Medicine,400,2.49,54.71,20,6,14.87,Graduated
S101371,Student_1371,Male,25,Education,500,2.85,70.8,13,6,9.98,Graduated
S101372,Student_1372,Female,17,Engineering,500,4.51,99.24,6,2,14.91,In Progress
S101373,Student_1373,Female,28,Education,100,2.52,88.14,20,5,6.6,Dropped
S101374,Student_1374,Male,23,Computer Science,200,2.28,46.6,20,5,11.03,Graduated
S101375,Student_1375,Male,27,Engineering,300,2.87,83.04,10,3,13.42,Graduated
S101376,Student_1376,Female,30,Law,400,2.52,88.63,16,5,8.38,Graduated
S101377,Student_1377,Male,19,Education,400,3.76,64.86,12,2,9.58,In Progress
S101378,Student_1378,Female,19,Computer Science,400,3.11,59.81,16,7,19.81,Graduated
S101379,Student_1379,Female,18,Medicine,300,2.23,75.08,11,0,16.88,Graduated
S101380,Student_1380,Female,30,Medicine,200,3.22,71.15,18,7,4.09,Graduated
S101381,Student_1381,Female,26,Education,500,3.14,55.91,19,2,11.5,In Progress
S101382,Student_1382,Male,22,Medicine,400,2.04,63.84,10,6,0.21,In Progress
S101383,Student_1383,Female,29,Law,500,3.31,72.67,19,0,12.3,Graduated
S101384,Student_1384,Male,26,Engineering,100,3.35,74.8,12,6,5.75,In Progress
S101385,Student_1385,Female,18,Computer Science,100,2.06,71.9,9,3,8.99,Graduated
S101386,Student_1386,Male,26,Business Admin,100,2.15,90.77,14,5,12.91,Graduated
S101387,Student_1387,Female,20,Education,400,2.75,41.9,13,5,11.38,Graduated
S101388,Student_1388,Male,26,Medicine,300,2.56,59.98,6,3,5.92,Graduated
S101389,Student_1389,Male,25,Engineering,400,3.42,84.99,10,7,3.34,Graduated
S101390,Student_1390,Female,25,Business Admin,100,2.7,79.11,16,3,12.1,Graduated
S101391,Student_1391,Female,22,Law,100,2.88,95.1,14,0,6.42,Graduated
S101392,Student_1392,Female,29,Medicine,400,2.26,75.28,16,1,8.74,Graduated
S101393,Student_1393,Female,20,Medicine,300,3.66,78.29,16,0,3.86,In Progress
S101394,Student_1394,Male,23,Computer Science,300,2.47,82.3,20,0,0.0,Graduated
S101395,Student_1395,Female,30,Law,500,2.28,51.17,15,6,13.1,Graduated
S101396,Student_1396,Male,17,Law,200,3.04,85.19,11,5,7.69,Graduated
S101397,Student_1397,Male,28,Education,100,3.75,57.99,20,4,6.15,In Progress
S101398,Student_1398,Female,20,Business Admin,300,3.32,65.47,13,3,16.92,In Progress
S101399,Student_1399,Male,21,Computer Science,100,2.6,40.84,9,3,14.05,In Progress
S101400,Student_1400,Male,24,Education,200,2.72,90.61,10,7,11.98,In Progress
S101401,Student_1401,Male,28,Computer Science,100,2.06,97.21,13,6,10.49,Graduated
S101402,Student_1402,Male,18,Law,300,4.35,43.61,14,4,3.34,Graduated
S101403,Student_1403,Female,28,Computer Science,500,4.09,78.11,10,5,12.76,In Progress
S101404,Student_1404,Female,21,Computer Science,400,3.2,97.65,18,1,16.29,In Progress
S101405,Student_1405,Female,22,Computer Science,400,2.99,76.41,15,2,9.83,Graduated
S101406,Student_1406,Female,21,Engineering,300,2.21,87.88,16,3,15.87,Graduated
S101407,Student_1407,Male,29,Engineering,300,2.9,47.09,5,3,5.69,Dropped
S101408,Student_1408,Male,25,Business Admin,200,3.62,54.69,8,0,2.52,In Progress
S101409,Student_1409,Female,26,Business Admin,100,3.51,60.74,8,1,6.93,Graduated
S101410,Student_1410,Female,17,Law,200,2.68,98.87,7,1,11.12,Graduated
S101411,Student_1411,Female,30,Computer Science,400,3.56,86.91,18,7,10.02,In Progress
S101412,Student_1412,Male,19,Law,100,3.81,93.14,12,7,8.57,In Progress
S101413,Student_1413,Female,30,Engineering,200,3.02,69.22,10,5,12.66,Dropped
S101414,Student_1414,Female,18,Computer Science,400,3.69,83.01,11,1,9.47,Graduated
S101415,Student_1415,Female,28,Education,100,4.16,83.89,20,1,2.97,Graduated
S101416,Student_1416,Male,29,Engineering,500,4.34,74.14,13,4,12.51,Graduated
S101417,Student_1417,Male,19,Engineering,500,2.58,92.68,12,0,6.75,Graduated
S101418,Student_1418,Male,26,Engineering,200,3.31,49.5,7,7,10.73,Dropped
S101419,Student_1419,Male,25,Computer Science,300,3.49,43.45,19,6,8.12,Graduated
S101420,Student_1420,Male,29,Business Admin,100,2.99,58.24,8,7,2.94,Graduated
S101421,Student_1421,Male,30,Medicine,200,3.87,45.3,5,5,11.74,In Progress
S101422,Student_1422,Male,25,Education,300,3.04,43.62,18,6,6.71,Graduated
S101423,Student_1423,Male,26,Education,300,2.89,65.15,8,4,5.35,Graduated
S101424,Student_1424,Female,18,Law,100,2.08,52.03,16,7,7.79,In Progress
S101425,Student_1425,Female,30,Computer Science,100,1.82,87.41,13,4,11.89,Graduated
S101426,Student_1426,Male,19,Business Admin,300,2.75,74.79,9,2,10.11,In Progress
S101427,Student_1427,Male,30,Engineering,400,0.97,61.64,7,0,4.72,Graduated
S101428,Student_1428,Female,20,Medicine,200,3.87,57.19,6,1,8.2,In Progress
S101429,Student_1429,Male,25,Computer Science,100,3.62,73.79,10,5,12.38,In Progress
S101430,Student_1430,Male,19,Computer Science,300,3.48,66.04,8,0,9.9,Graduated
S101431,Student_1431,Male,29,Business Admin,400,3.78,43.34,10,7,5.12,Graduated
S101432,Student_1432,Female,23,Medicine,500,2.81,79.91,7,1,13.67,In Progress
S101433,Student_1433,Female,28,Engineering,300,3.15,69.99,7,2,17.19,Graduated
S101434,Student_1434,Female,19,Computer Science,400,2.74,56.61,5,3,7.42,Graduated
S101435,Student_1435,Female,23,Education,500,3.78,57.42,13,4,9.54,Graduated
S101436,Student_1436,Female,23,Education,400,1.21,67.17,11,2,12.46,In Progress
S101437,Student_1437,Male,25,Medicine,100,3.78,89.66,13,4,8.83,Graduated
S101438,Student_1438,Female,18,Engineering,300,1.73,65.38,15,7,12.72,Graduated
S101439,Student_1439,Male,29,Medicine,500,2.86,90.37,5,5,3.38,Graduated
S101440,Student_1440,Male,22,Computer Science,400,2.27,65.49,12,1,9.87,Graduated
S101441,Student_1441,Female,25,Education,500,2.9,89.79,6,5,14.52,Graduated
S101442,Student_1442,Female,28,Law,200,2.61,95.89,7,1,4.4,In Progress
S101443,Student_1443,Male,28,Medicine,300,2.73,41.23,5,6,9.16,In Progress
S101444,Student_1444,Male,18,Law,100,3.38,43.74,11,2,3.55,Graduated
S101445,Student_1445,Male,18,Law,500,3.16,48.04,16,3,9.64,In Progress
S101446,Student_1446,Female,29,Business Admin,400,3.7,47.33,15,7,14.07,In Progress
S101447,Student_1447,Female,30,Education,500,3.29,67.27,9,3,8.39,Dropped
S101448,Student_1448,Female,21,Medicine,400,1.89,85.84,17,4,13.86,Graduated
S101449,Student_1449,Female,26,Law,500,4.65,97.68,15,1,15.12,Graduated
S101450,Student_1450,Female,26,Computer Science,100,1.61,65.07,7,1,1.17,Graduated
S101451,Student_1451,Male,28,Business Admin,100,3.22,81.31,17,7,6.34,Dropped
S101452,Student_1452,Female,26,Engineering,300,3.52,78.13,8,3,3.4,In Progress
S101453,Student_1453,Male,24,Business Admin,100,3.2,63.59,16,6,10.52,Graduated
S101454,Student_1454,Male,27,Engineering,500,2.86,83.27,16,1,15.27,In Progress
S101455,Student_1455,Male,25,Education,500,4.04,75.52,14,5,11.49,Graduated
S101456,Student_1456,Female,18,Medicine,100,3.79,85.6,10,1,11.99,In Progress
S101457,Student_1457,Female,21,Medicine,200,2.99,51.62,10,2,7.99,Dropped
S101458,Student_1458,Female,30,Engineering,500,2.69,61.62,19,3,13.27,In Progress
S101459,Student_1459,Male,23,Computer Science,300,2.43,80.27,6,6,10.98,In Progress
S101460,Student_1460,Male,22,Engineering,200,2.48,47.49,11,3,16.18,Graduated
S101461,Student_1461,Male,22,Engineering,100,2.96,86.22,16,7,10.87,In Progress
S101462,Student_1462,Male,23,Medicine,400,1.84,48.01,17,7,2.65,In Progress
S101463,Student_1463,Male,19,Law,500,3.0,59.47,6,7,3.86,Graduated
S101464,Student_1464,Male,29,Computer Science,400,3.56,54.25,13,5,4.4,Graduated
S101465,Student_1465,Female,19,Medicine,300,2.61,43.66,18,6,7.17,Graduated
S101466,Student_1466,Female,26,Business Admin,200,2.98,56.24,6,5,17.55,Graduated
S101467,Student_1467,Female,25,Engineering,400,3.22,94.69,9,0,15.75,Dropped
S101468,Student_1468,Female,30,Law,300,3.34,41.62,20,5,12.13,Graduated
S101469,Student_1469,Male,24,Computer Science,400,2.86,41.01,12,3,13.95,Graduated
S101470,Student_1470,Male,21,Education,400,4.23,82.26,12,3,13.5,Graduated
S101471,Student_1471,Female,22,Computer Science,300,3.0,62.01,17,7,15.19,In Progress
S101472,Student_1472,Male,27,Computer Science,500,2.07,53.78,15,5,4.82,Graduated
S101473,Student_1473,Female,28,Engineering,400,2.73,70.53,17,7,16.41,Graduated
S101474,Student_1474,Female,26,Engineering,300,3.91,56.0,19,0,10.48,Graduated
S101475,Student_1475,Female,17,Education,400,3.85,63.52,8,1,11.61,Graduated
S101476,Student_1476,Male,26,Education,500,1.8,82.92,11,1,15.61,Graduated
S101477,Student_1477,Female,28,Education,300,2.79,47.01,12,4,11.41,In Progress
S101478,Student_1478,Female,17,Medicine,400,2.63,97.58,20,1,5.67,Graduated
S101479,Student_1479,Female,20,Medicine,100,3.55,42.55,20,3,9.15,Graduated
S101480,Student_1480,Male,18,Engineering,500,2.2,88.39,12,7,13.55,Graduated
S101481,Student_1481,Male,27,Engineering,400,4.09,83.48,9,4,7.01,In Progress
S101482,Student_1482,Female,23,Education,200,1.97,56.93,14,4,7.15,Graduated
S101483,Student_1483,Male,18,Medicine,300,2.9,47.1,6,5,11.72,Graduated
S101484,Student_1484,Male,26,Law,400,2.16,91.14,6,5,10.91,In Progress
S101485,Student_1485,Male,18,Medicine,500,3.46,80.78,9,1,6.79,Graduated
S101486,Student_1486,Male,21,Engineering,500,1.56,57.45,20,7,16.7,In Progress
S101487,Student_1487,Male,20,Medicine,200,2.88,41.02,20,4,11.05,Graduated
S101488,Student_1488,Male,24,Engineering,200,2.87,96.31,8,7,0.0,In Progress
S101489,Student_1489,Male,20,Education,400,2.37,64.26,18,0,12.07,Graduated
S101490,Student_1490,Male,30,Education,100,3.85,50.58,8,6,13.27,In Progress
S101491,Student_1491,Male,28,Education,500,4.19,94.71,7,4,13.5,In Progress
S101492,Student_1492,Male,22,Law,100,2.72,61.54,13,2,7.87,Graduated
S101493,Student_1493,Female,21,Law,100,3.09,67.8,12,0,5.32,Graduated
S101494,Student_1494,Female,27,Engineering,400,2.57,81.92,20,3,10.19,In Progress
S101495,Student_1495,Male,30,Computer Science,300,2.12,89.17,8,1,10.97,Graduated
S101496,Student_1496,Female,18,Business Admin,300,2.22,46.01,11,1,13.82,In Progress
S101497,Student_1497,Female,27,Law,300,2.24,93.92,12,5,11.69,Graduated
S101498,Student_1498,Male,29,Engineering,200,3.87,95.95,18,2,15.52,Dropped
S101499,Student_1499,Male,28,Medicine,500,3.3,55.56,20,1,15.76,Graduated
S101500,Student_1500,Male,30,Education,200,2.33,69.84,10,7,10.08,In Progress
S101501,Student_1501,Female,24,Education,500,2.4,91.47,6,3,5.16,Graduated
S101502,Student_1502,Female,18,Education,500,2.3,69.24,12,4,15.15,Graduated
S101503,Student_1503,Male,25,Engineering,500,1.69,68.92,7,1,12.9,Graduated
S101504,Student_1504,Male,25,Education,400,3.36,77.11,18,3,5.05,Dropped
S101505,Student_1505,Male,19,Law,300,2.91,86.05,8,5,8.86,Graduated
S101506,Student_1506,Female,20,Medicine,200,4.2,79.94,8,0,4.93,Graduated
S101507,Student_1507,Female,24,Education,200,1.54,77.59,11,6,0.32,In Progress
S101508,Student_1508,Female,25,Engineering,400,3.59,62.3,12,7,5.12,Graduated
S101509,Student_1509,Female,19,Medicine,500,3.66,77.8,13,3,0.0,Graduated
S101510,Student_1510,Male,21,Education,300,3.75,46.2,5,5,12.36,Graduated
S101511,Student_1511,Male,27,Computer Science,100,3.17,64.57,5,2,10.25,Graduated
S101512,Student_1512,Male,24,Education,100,3.65,51.3,16,3,5.8,Graduated
S101513,Student_1513,Male,19,Business Admin,400,3.21,72.25,18,6,13.64,Graduated
S101514,Student_1514,Female,23,Law,300,2.48,55.72,11,1,2.85,Graduated
S101515,Student_1515,Female,27,Medicine,100,2.72,70.36,8,4,16.21,In Progress
S101516,Student_1516,Male,24,Law,100,2.7,86.64,14,3,7.72,Dropped
S101517,Student_1517,Male,26,Computer Science,200,3.81,66.04,12,2,12.16,In Progress
S101518,Student_1518,Female,27,Computer Science,300,3.9,53.12,9,0,4.78,Graduated
S101519,Student_1519,Male,30,Business Admin,100,3.57,53.38,5,2,10.61,Graduated
S101520,Student_1520,Female,19,Law,200,3.04,94.38,6,5,9.46,Graduated
S101521,Student_1521,Male,18,Medicine,300,1.56,86.85,14,0,8.53,In Progress
S101522,Student_1522,Male,26,Computer Science,500,3.58,42.19,18,3,7.68,In Progress
S101523,Student_1523,Male,29,Computer Science,300,3.55,96.56,7,7,12.01,Graduated
S101524,Student_1524,Male,23,Education,400,3.2,46.75,6,4,5.55,Graduated
S101525,Student_1525,Male,28,Business Admin,200,3.34,79.18,13,2,0.17,Graduated
S101526,Student_1526,Male,25,Engineering,500,2.43,73.09,17,4,9.67,In Progress
S101527,Student_1527,Male,17,Computer Science,200,2.76,42.8,11,5,15.31,Graduated
S101528,Student_1528,Female,19,Medicine,200,2.43,57.71,20,3,1.58,In Progress
S101529,Student_1529,Female,21,Medicine,100,2.89,86.55,6,4,10.41,Graduated
S101530,Student_1530,Female,19,Education,300,3.61,58.41,11,7,9.99,Graduated
S101531,Student_1531,Female,17,Medicine,200,3.31,68.82,16,4,12.72,Graduated
S101532,Student_1532,Female,23,Education,200,2.27,81.88,16,2,10.47,Graduated
S101533,Student_1533,Male,23,Computer Science,400,4.28,44.29,14,3,6.53,Graduated
S101534,Student_1534,Male,26,Computer Science,400,3.12,89.96,5,4,1.92,Graduated
S101535,Student_1535,Female,28,Computer Science,400,2.53,42.49,18,0,10.44,In Progress
S101536,Student_1536,Male,24,Computer Science,200,2.79,55.74,18,1,6.61,In Progress
S101537,Student_1537,Female,21,Engineering,500,2.61,85.78,9,7,5.7,Dropped
S101538,Student_1538,Female,26,Business Admin,300,3.16,94.71,9,0,10.46,Graduated
S101539,Student_1539,Male,28,Business Admin,200,2.07,85.62,13,5,4.57,Graduated
S101540,Student_1540,Male,21,Engineering,100,3.21,53.62,8,4,10.59,In Progress
S101541,Student_1541,Male,21,Computer Science,500,3.59,99.14,8,3,12.67,Graduated
S101542,Student_1542,Female,17,Medicine,500,3.46,64.8,10,0,2.48,Graduated
S101543,Student_1543,Male,26,Education,300,3.19,62.59,19,3,14.82,In Progress
S101544,Student_1544,Female,21,Business Admin,500,3.4,91.91,18,7,9.84,Graduated
S101545,Student_1545,Female,22,Law,300,3.27,43.97,15,5,15.1,In Progress
S101546,Student_1546,Female,29,Education,500,3.73,73.36,6,0,8.41,Graduated
S101547,Student_1547,Male,28,Law,300,2.83,97.94,18,3,19.22,Dropped
S101548,Student_1548,Male,17,Law,400,2.36,46.01,14,4,17.34,Graduated
S101549,Student_1549,Female,27,Computer Science,400,3.26,72.45,20,2,9.96,In Progress
S101550,Student_1550,Male,23,Law,500,3.76,47.95,10,6,9.2,Graduated
S101551,Student_1551,Male,17,Computer Science,500,2.73,93.4,11,0,0.0,Graduated
S101552,Student_1552,Male,27,Engineering,300,4.12,75.26,8,5,8.97,Graduated
S101553,Student_1553,Female,18,Medicine,300,3.27,54.08,14,6,11.36,Graduated
S101554,Student_1554,Female,18,Law,200,3.65,58.42,13,3,9.92,Graduated
S101555,Student_1555,Male,21,Medicine,400,2.19,71.0,20,0,10.92,Graduated
S101556,Student_1556,Female,30,Computer Science,200,3.55,83.52,9,3,12.43,Graduated
S101557,Student_1557,Male,26,Law,200,3.33,69.25,18,3,8.5,Graduated
S101558,Student_1558,Male,29,Education,100,4.48,51.36,7,2,11.07,Graduated
S101559,Student_1559,Male,23,Engineering,300,3.36,82.49,13,3,6.82,Graduated
S101560,Student_1560,Male,17,Business Admin,100,3.46,47.1,5,0,3.92,Graduated
S101561,Student_1561,Female,26,Engineering,100,2.43,88.56,12,5,18.32,Graduated
S101562,Student_1562,Female,17,Law,200,3.22,63.74,5,6,4.02,In Progress
S101563,Student_1563,Female,17,Engineering,100,3.8,79.16,14,6,8.65,Graduated
S101564,Student_1564,Male,22,Business Admin,300,2.76,60.68,12,4,13.74,In Progress
S101565,Student_1565,Male,18,Education,200,2.5,80.14,9,5,8.7,Graduated
S101566,Student_1566,Male,17,Medicine,300,4.41,93.35,11,1,12.84,Dropped
S101567,Student_1567,Female,22,Education,500,2.81,82.08,12,3,15.38,Graduated
S101568,Student_1568,Male,30,Engineering,100,3.63,80.28,19,1,10.36,Graduated
S101569,Student_1569,Female,18,Business Admin,200,2.67,85.44,15,4,12.3,Graduated
S101570,Student_1570,Female,22,Medicine,400,2.69,70.01,16,5,12.78,Graduated
S101571,Student_1571,Female,26,Business Admin,300,2.91,53.22,5,1,5.79,Graduated
S101572,Student_1572,Female,24,Education,100,3.4,88.93,5,3,3.04,Graduated
S101573,Student_1573,Female,18,Computer Science,300,3.82,78.91,11,7,20.08,Graduated
S101574,Student_1574,Female,27,Computer Science,300,2.61,58.83,5,0,12.18,Graduated
S101575,Student_1575,Male,25,Medicine,500,3.78,56.55,8,5,5.67,In Progress
S101576,Student_1576,Male,24,Medicine,300,3.1,70.0,19,5,20.45,Graduated
S101577,Student_1577,Female,28,Medicine,500,2.88,52.44,10,2,2.57,Graduated
S101578,Student_1578,Female,26,Computer Science,500,3.39,92.69,6,5,5.62,Graduated
S101579,Student_1579,Male,17,Education,500,4.0,87.31,14,6,7.65,In Progress
S101580,Student_1580,Female,23,Medicine,100,3.36,58.5,9,3,14.89,Dropped
S101581,Student_1581,Female,30,Computer Science,300,2.49,42.96,14,7,8.05,In Progress
S101582,Student_1582,Male,29,Medicine,300,3.1,43.11,14,3,9.48,Graduated
S101583,Student_1583,Female,26,Medicine,500,3.39,57.83,15,2,3.85,Graduated
S101584,Student_1584,Female,22,Business Admin,300,2.58,48.85,20,2,9.16,Graduated
S101585,Student_1585,Female,30,Medicine,300,3.2,92.4,15,6,8.63,Graduated
S101586,Student_1586,Male,22,Computer Science,500,2.5,65.25,19,5,2.02,Graduated
S101587,Student_1587,Male,22,Education,400,3.44,60.88,14,7,8.41,Graduated
S101588,Student_1588,Male,22,Computer Science,400,4.03,53.07,15,2,5.51,Dropped
S101589,Student_1589,Female,26,Computer Science,500,2.94,90.47,10,7,17.19,Graduated
S101590,Student_1590,Female,23,Medicine,100,3.52,87.55,9,2,11.35,In Progress
S101591,Student_1591,Male,28,Business Admin,300,3.72,63.06,14,2,17.37,Graduated
S101592,Student_1592,Female,19,Law,300,2.7,50.16,12,3,0.45,Graduated
S101593,Student_1593,Female,30,Law,400,3.3,97.12,15,1,4.83,Graduated
S101594,Student_1594,Female,22,Law,500,3.8,58.95,8,0,6.39,Graduated
S101595,Student_1595,Female,19,Computer Science,100,4.15,86.27,12,6,5.94,Graduated
S101596,Student_1596,Female,23,Medicine,500,2.81,67.78,15,7,11.56,In Progress
S101597,Student_1597,Male,23,Law,400,2.21,86.9,7,3,8.56,Dropped
S101598,Student_1598,Female,24,Engineering,400,3.41,68.9,11,6,4.95,Graduated
S101599,Student_1599,Male,18,Engineering,300,3.16,95.53,16,7,24.23,Graduated
S101600,Student_1600,Female,25,Engineering,200,3.02,88.03,9,4,10.96,Graduated
S101601,Student_1601,Male,29,Education,100,2.64,55.62,16,5,0.0,In Progress
S101602,Student_1602,Female,21,Medicine,100,3.62,65.82,9,6,13.63,In Progress
S101603,Student_1603,Male,25,Computer Science,200,2.59,46.04,10,7,22.01,Graduated
S101604,Student_1604,Female,26,Computer Science,400,2.53,94.21,19,3,13.64,Graduated
S101605,Student_1605,Male,21,Medicine,500,2.91,44.16,16,7,4.83,Graduated
S101606,Student_1606,Female,23,Business Admin,100,3.65,41.09,9,5,7.76,In Progress
S101607,Student_1607,Male,27,Business Admin,200,2.05,69.79,17,3,14.06,Dropped
S101608,Student_1608,Female,25,Education,300,2.29,76.19,5,6,5.3,In Progress
S101609,Student_1609,Male,20,Medicine,300,2.43,53.39,19,1,9.23,Graduated
S101610,Student_1610,Male,18,Business Admin,400,4.39,74.23,13,5,5.48,Dropped
S101611,Student_1611,Female,25,Education,100,3.2,93.73,15,6,12.95,Dropped
S101612,Student_1612,Female,29,Law,500,2.27,77.57,8,7,14.04,Graduated
S101613,Student_1613,Male,18,Law,100,2.91,67.34,9,2,16.62,Graduated
S101614,Student_1614,Female,19,Education,300,3.54,48.67,5,5,15.06,Graduated
S101615,Student_1615,Male,26,Medicine,100,4.4,50.14,7,7,17.1,In Progress
S101616,Student_1616,Male,18,Law,300,1.92,69.06,7,6,18.13,Dropped
S101617,Student_1617,Male,19,Medicine,200,2.25,67.79,12,4,3.01,In Progress
S101618,Student_1618,Female,22,Business Admin,200,2.76,71.34,15,1,6.11,Graduated
S101619,Student_1619,Male,19,Law,300,2.79,70.47,20,7,5.43,Graduated
S101620,Student_1620,Male,26,Business Admin,500,2.78,60.48,12,0,10.82,In Progress
S101621,Student_1621,Female,24,Medicine,500,2.92,81.75,13,6,6.83,Graduated
S101622,Student_1622,Female,27,Medicine,100,4.42,52.73,18,7,8.09,Graduated
S101623,Student_1623,Female,22,Engineering,300,2.11,91.14,14,7,15.36,In Progress
S101624,Student_1624,Female,23,Education,400,3.11,51.66,19,4,12.76,Dropped
S101625,Student_1625,Male,17,Computer Science,500,3.39,64.95,11,4,7.52,Graduated
S101626,Student_1626,Male,19,Education,500,1.98,52.64,10,1,13.95,Graduated
S101627,Student_1627,Male,19,Medicine,200,4.0,77.11,20,4,11.44,Dropped
S101628,Student_1628,Male,18,Medicine,500,2.89,68.66,18,3,11.46,Dropped
S101629,Student_1629,Female,23,Education,500,2.24,62.46,20,3,13.34,Graduated
S101630,Student_1630,Male,25,Medicine,500,4.08,68.51,12,2,0.0,Graduated
S101631,Student_1631,Male,20,Business Admin,300,3.48,65.27,7,1,5.53,Graduated
S101632,Student_1632,Female,28,Law,300,2.62,91.31,19,6,4.9,Graduated
S101633,Student_1633,Male,21,Medicine,200,3.51,47.46,19,3,10.16,Graduated
S101634,Student_1634,Male,19,Education,100,3.27,87.59,14,6,13.84,Graduated
S101635,Student_1635,Male,27,Education,500,1.92,79.32,14,4,7.42,Dropped
S101636,Student_1636,Male,25,Education,100,1.99,60.9,14,6,5.33,In Progress
S101637,Student_1637,Male,30,Engineering,300,3.24,95.15,12,7,0.0,In Progress
S101638,Student_1638,Male,20,Business Admin,500,1.76,50.62,7,4,11.85,In Progress
S101639,Student_1639,Female,21,Business Admin,100,3.7,58.62,17,3,4.11,Graduated
S101640,Student_1640,Female,17,Engineering,100,2.03,62.49,6,1,11.52,Graduated
S101641,Student_1641,Male,27,Business Admin,400,3.64,78.87,13,1,5.57,Graduated
S101642,Student_1642,Male,28,Engineering,300,4.0,96.78,5,0,12.77,Graduated
S101643,Student_1643,Female,29,Business Admin,200,3.34,75.61,14,1,11.83,Graduated
S101644,Student_1644,Male,18,Engineering,200,0.42,91.38,14,5,1.1,Graduated
S101645,Student_1645,Male,28,Engineering,400,3.78,94.3,6,5,14.37,Graduated
S101646,Student_1646,Male,29,Business Admin,100,2.69,67.99,11,5,11.49,In Progress
S101647,Student_1647,Female,25,Engineering,400,2.96,68.35,5,3,15.42,Graduated
S101648,Student_1648,Male,18,Business Admin,400,2.48,55.0,16,0,3.06,In Progress
S101649,Student_1649,Female,21,Engineering,300,4.18,76.1,9,4,4.45,In Progress
S101650,Student_1650,Male,29,Education,500,3.12,47.2,16,3,8.06,In Progress
S101651,Student_1651,Female,24,Computer Science,100,2.72,78.06,13,2,9.22,Graduated
S101652,Student_1652,Female,19,Business Admin,200,3.94,93.57,13,2,8.65,In Progress
S101653,Student_1653,Male,22,Engineering,200,3.62,85.65,15,1,0.25,Graduated
S101654,Student_1654,Female,20,Education,400,2.21,78.95,8,0,11.33,Dropped
S101655,Student_1655,Male,27,Computer Science,400,3.23,90.3,14,0,8.57,Graduated
S101656,Student_1656,Female,23,Engineering,400,3.15,83.79,18,4,8.1,Graduated
S101657,Student_1657,Male,26,Computer Science,100,1.97,71.78,19,6,10.08,Graduated
S101658,Student_1658,Male,30,Business Admin,400,3.58,71.26,6,1,11.22,In Progress
S101659,Student_1659,Female,29,Computer Science,400,2.98,46.42,13,0,9.4,Graduated
S101660,Student_1660,Male,19,Law,500,4.51,66.06,15,6,5.15,Graduated
S101661,Student_1661,Male,22,Medicine,100,3.99,71.35,8,3,3.08,Dropped
S101662,Student_1662,Female,28,Law,300,3.16,68.2,7,4,14.41,In Progress
S101663,Student_1663,Male,26,Business Admin,300,2.94,86.56,17,7,5.09,Graduated
S101664,Student_1664,Male,25,Business Admin,500,1.57,49.66,7,0,3.77,In Progress
S101665,Student_1665,Female,27,Computer Science,200,3.59,87.69,17,2,10.11,Graduated
S101666,Student_1666,Female,26,Education,300,2.95,84.5,11,2,12.39,Dropped
S101667,Student_1667,Male,17,Engineering,100,2.67,94.05,16,0,16.34,Dropped
S101668,Student_1668,Male,19,Medicine,200,3.02,62.41,20,5,5.62,Graduated
S101669,Student_1669,Female,18,Engineering,400,4.09,50.59,6,5,6.32,In Progress
S101670,Student_1670,Female,24,Education,100,3.96,85.52,9,2,11.03,In Progress
S101671,Student_1671,Male,23,Business Admin,200,3.95,75.31,6,7,13.2,Dropped
S101672,Student_1672,Female,18,Medicine,300,2.27,82.75,11,3,7.07,Graduated
S101673,Student_1673,Male,22,Law,400,4.11,99.8,11,4,13.28,Graduated
S101674,Student_1674,Male,19,Business Admin,400,2.66,51.67,7,3,7.0,Graduated
S101675,Student_1675,Male,24,Business Admin,100,3.52,64.66,7,7,10.6,Graduated
S101676,Student_1676,Male,26,Computer Science,400,3.44,51.56,12,7,3.44,Graduated
S101677,Student_1677,Male,29,Education,200,2.9,91.64,11,2,12.1,Graduated
S101678,Student_1678,Female,19,Computer Science,500,3.15,41.02,8,0,12.55,In Progress
S101679,Student_1679,Female,26,Computer Science,300,1.85,48.11,6,0,11.0,Dropped
S101680,Student_1680,Female,30,Engineering,100,3.04,54.87,16,4,0.61,Graduated
S101681,Student_1681,Female,25,Business Admin,500,2.84,86.28,20,2,8.01,Dropped
S101682,Student_1682,Male,17,Education,500,4.54,77.71,17,2,11.8,Graduated
S101683,Student_1683,Male,21,Computer Science,100,3.02,63.32,7,2,6.03,Graduated
S101684,Student_1684,Male,19,Law,200,2.5,49.52,15,6,16.03,Graduated
S101685,Student_1685,Male,22,Medicine,300,3.08,59.3,15,1,21.38,In Progress
S101686,Student_1686,Female,26,Education,100,2.53,84.61,18,7,5.6,In Progress
S101687,Student_1687,Male,18,Engineering,500,2.01,62.92,15,0,13.14,Graduated
S101688,Student_1688,Male,25,Education,500,3.29,67.76,19,2,9.23,Graduated
S101689,Student_1689,Female,22,Business Admin,100,3.01,76.52,7,4,12.23,Graduated
S101690,Student_1690,Female,23,Engineering,500,3.7,94.77,9,5,9.43,In Progress
S101691,Student_1691,Female,21,Medicine,100,4.02,55.01,20,6,9.07,Graduated
S101692,Student_1692,Female,25,Law,100,4.32,66.88,17,1,7.69,Graduated
S101693,Student_1693,Male,17,Computer Science,300,3.16,58.62,11,2,12.57,Graduated
S101694,Student_1694,Male,21,Education,100,3.48,67.97,8,0,2.44,Graduated
S101695,Student_1695,Female,27,Engineering,500,3.2,81.79,5,7,6.5,Graduated
S101696,Student_1696,Male,26,Medicine,400,1.38,68.92,7,5,10.41,Dropped
S101697,Student_1697,Male,27,Computer Science,300,3.87,90.07,7,7,7.01,In Progress
S101698,Student_1698,Male,22,Medicine,500,3.38,73.2,5,1,16.15,Graduated
S101699,Student_1699,Female,23,Law,500,3.39,63.15,12,6,12.72,In Progress
S101700,Student_1700,Male,28,Computer Science,300,2.64,86.94,8,3,4.63,In Progress
S101701,Student_1701,Female,20,Computer Science,300,2.55,65.88,9,4,8.72,Graduated
S101702,Student_1702,Male,28,Computer Science,500,2.95,70.93,7,0,13.92,In Progress
S101703,Student_1703,Male,29,Engineering,400,3.39,99.68,8,3,11.53,Graduated
S101704,Student_1704,Male,17,Computer Science,200,1.63,87.19,5,0,9.37,Graduated
S101705,Student_1705,Female,27,Medicine,500,3.14,91.31,17,4,9.25,Graduated
S101706,Student_1706,Male,24,Engineering,300,4.18,75.57,17,2,15.86,In Progress
S101707,Student_1707,Female,26,Computer Science,100,2.91,60.89,8,3,3.34,Graduated
S101708,Student_1708,Female,20,Medicine,100,1.61,99.48,6,3,19.16,Graduated
S101709,Student_1709,Female,19,Medicine,300,2.87,54.64,14,1,11.03,Dropped
S101710,Student_1710,Male,28,Education,300,3.21,92.37,18,2,18.57,In Progress
S101711,Student_1711,Male,23,Medicine,200,3.26,94.68,10,4,9.84,Dropped
S101712,Student_1712,Male,28,Business Admin,300,3.11,89.05,6,5,22.46,Graduated
S101713,Student_1713,Male,18,Law,100,4.36,46.85,19,7,6.84,Dropped
S101714,Student_1714,Female,24,Computer Science,400,3.1,91.25,13,1,10.39,Graduated
S101715,Student_1715,Female,30,Computer Science,300,3.13,79.83,6,3,14.08,Graduated
S101716,Student_1716,Female,22,Computer Science,200,2.6,80.85,8,0,13.92,In Progress
S101717,Student_1717,Male,23,Medicine,400,3.66,87.19,17,6,5.67,Graduated
S101718,Student_1718,Female,30,Medicine,200,4.19,69.43,8,6,2.76,Graduated
S101719,Student_1719,Male,21,Computer Science,400,2.56,56.03,20,4,5.8,Graduated
S101720,Student_1720,Female,25,Business Admin,300,2.92,74.5,16,1,8.79,In Progress
S101721,Student_1721,Male,21,Engineering,100,1.37,46.52,15,5,9.28,In Progress
S101722,Student_1722,Male,27,Engineering,400,2.41,80.49,20,2,10.53,Graduated
S101723,Student_1723,Female,21,Law,500,4.38,68.98,5,5,13.62,Graduated
S101724,Student_1724,Female,19,Education,200,2.79,70.14,17,0,9.45,In Progress
S101725,Student_1725,Female,27,Law,400,3.16,51.15,15,7,0.04,In Progress
S101726,Student_1726,Female,17,Computer Science,200,2.49,42.48,11,1,14.86,Graduated
S101727,Student_1727,Male,18,Computer Science,100,3.31,76.68,5,6,15.81,Graduated
S101728,Student_1728,Female,24,Computer Science,200,2.88,79.53,17,6,11.62,Graduated
S101729,Student_1729,Female,17,Education,200,3.29,69.9,12,4,8.59,In Progress
S101730,Student_1730,Female,23,Medicine,500,3.07,85.94,20,6,11.27,Dropped
S101731,Student_1731,Male,30,Education,200,4.01,73.82,7,0,15.81,In Progress
S101732,Student_1732,Male,30,Law,400,3.12,90.89,18,1,4.43,Graduated
S101733,Student_1733,Female,21,Medicine,200,2.42,57.29,12,1,6.91,Dropped
S101734,Student_1734,Male,19,Medicine,300,2.55,54.59,12,5,6.83,Graduated
S101735,Student_1735,Female,28,Law,200,1.69,55.67,14,4,4.39,Graduated
S101736,Student_1736,Male,28,Medicine,300,3.09,41.83,16,2,23.34,Dropped
S101737,Student_1737,Male,27,Engineering,200,2.96,94.04,18,0,10.63,In Progress
S101738,Student_1738,Male,23,Law,200,4.06,99.95,14,5,4.35,In Progress
S101739,Student_1739,Male,25,Law,400,2.18,88.99,9,1,3.11,Graduated
S101740,Student_1740,Female,18,Engineering,300,2.51,64.76,18,5,14.2,Graduated
S101741,Student_1741,Female,24,Education,300,2.52,61.24,18,5,15.72,Graduated
S101742,Student_1742,Female,25,Education,500,2.82,86.48,7,5,14.78,Graduated
S101743,Student_1743,Male,27,Education,200,2.12,70.6,15,4,19.38,Graduated
S101744,Student_1744,Female,19,Medicine,200,2.81,96.37,15,1,7.8,In Progress
S101745,Student_1745,Female,18,Engineering,400,3.01,56.77,16,4,3.57,In Progress
S101746,Student_1746,Female,23,Law,500,3.03,59.43,15,4,22.85,Graduated
S101747,Student_1747,Male,21,Law,500,3.89,99.93,13,1,6.59,In Progress
S101748,Student_1748,Male,21,Law,400,2.98,98.69,5,5,13.19,Graduated
S101749,Student_1749,Male,26,Medicine,300,2.96,93.11,5,7,5.8,In Progress
S101750,Student_1750,Female,21,Medicine,100,3.8,64.28,20,5,15.36,Graduated
S101751,Student_1751,Female,20,Business Admin,400,3.0,90.26,18,4,3.61,Graduated
S101752,Student_1752,Female,29,Education,300,2.15,57.0,6,6,22.81,Graduated
S101753,Student_1753,Male,21,Business Admin,500,2.25,55.29,17,0,11.94,In Progress
S101754,Student_1754,Male,29,Business Admin,400,2.25,72.79,14,5,3.28,Graduated
S101755,Student_1755,Female,20,Medicine,100,2.15,91.62,10,4,0.0,Dropped
S101756,Student_1756,Male,29,Education,200,4.4,45.85,6,2,9.64,Graduated
S101757,Student_1757,Male,22,Education,400,2.25,73.92,8,6,15.5,In Progress
S101758,Student_1758,Male,20,Law,100,2.97,76.58,10,2,7.69,Graduated
S101759,Student_1759,Male,18,Medicine,100,3.04,74.79,6,4,16.47,Graduated
S101760,Student_1760,Female,25,Education,400,2.88,53.11,8,6,4.92,Graduated
S101761,Student_1761,Male,18,Business Admin,300,2.45,43.85,11,6,13.81,Graduated
S101762,Student_1762,Male,25,Engineering,400,3.32,93.7,5,0,8.61,Graduated
S101763,Student_1763,Male,26,Engineering,500,1.93,74.47,20,5,13.64,Graduated
S101764,Student_1764,Male,22,Medicine,100,2.25,86.07,20,6,5.89,Graduated
S101765,Student_1765,Female,25,Law,100,3.79,61.87,13,3,7.11,In Progress
S101766,Student_1766,Female,25,Law,200,2.23,42.55,14,3,3.09,Dropped
S101767,Student_1767,Male,19,Education,100,3.91,55.57,14,0,15.84,Graduated
S101768,Student_1768,Male,17,Medicine,200,3.97,44.4,20,2,7.54,Dropped
S101769,Student_1769,Male,17,Engineering,100,3.98,44.69,11,4,7.57,Graduated
S101770,Student_1770,Male,19,Business Admin,100,3.59,52.87,13,1,7.45,In Progress
S101771,Student_1771,Male,21,Education,400,2.03,78.01,11,4,12.72,Graduated
S101772,Student_1772,Male,29,Business Admin,400,1.92,89.07,20,4,0.0,In Progress
S101773,Student_1773,Female,19,Education,500,2.22,89.28,15,3,3.6,Dropped
S101774,Student_1774,Male,28,Computer Science,300,2.33,96.27,20,6,16.77,In Progress
S101775,Student_1775,Female,25,Business Admin,500,2.09,79.38,5,4,11.16,Graduated
S101776,Student_1776,Female,25,Medicine,100,2.52,41.19,11,3,6.98,In Progress
S101777,Student_1777,Male,19,Business Admin,500,3.54,62.64,15,1,14.42,Graduated
S101778,Student_1778,Female,19,Business Admin,400,3.46,46.69,13,4,11.02,Dropped
S101779,Student_1779,Female,28,Education,100,3.21,86.65,17,0,16.76,Graduated
S101780,Student_1780,Female,30,Engineering,100,2.85,47.18,12,4,6.96,Graduated
S101781,Student_1781,Female,21,Computer Science,500,2.95,46.36,20,5,6.01,Graduated
S101782,Student_1782,Female,18,Business Admin,200,3.21,41.69,20,7,3.07,Graduated
S101783,Student_1783,Female,22,Engineering,300,2.67,97.33,16,5,15.43,Graduated
S101784,Student_1784,Male,23,Law,500,3.68,87.14,8,0,15.34,Graduated
S101785,Student_1785,Female,29,Computer Science,500,2.08,60.0,9,3,13.5,In Progress
S101786,Student_1786,Female,25,Computer Science,300,2.46,62.59,7,4,5.06,Graduated
S101787,Student_1787,Female,22,Education,100,2.35,43.57,14,3,2.85,Graduated
S101788,Student_1788,Male,19,Business Admin,100,3.32,49.48,14,0,14.49,Graduated
S101789,Student_1789,Female,28,Law,200,2.16,58.69,16,3,11.23,Graduated
S101790,Student_1790,Male,21,Education,500,2.36,63.27,6,2,5.41,Graduated
S101791,Student_1791,Female,20,Medicine,300,3.3,77.2,7,5,13.13,In Progress
S101792,Student_1792,Male,21,Engineering,500,2.39,61.02,11,0,19.35,In Progress
S101793,Student_1793,Male,24,Engineering,400,3.59,97.28,12,3,8.26,Graduated
S101794,Student_1794,Female,24,Education,500,3.57,60.57,6,4,9.58,Graduated
S101795,Student_1795,Female,22,Engineering,500,2.62,96.5,13,3,14.71,In Progress
S101796,Student_1796,Male,17,Business Admin,400,3.09,83.79,17,1,16.19,In Progress
S101797,Student_1797,Female,24,Engineering,400,4.44,93.99,8,6,10.28,Graduated
S101798,Student_1798,Male,24,Business Admin,300,3.61,82.19,19,0,1.19,In Progress
S101799,Student_1799,Male,18,Medicine,100,3.35,74.12,6,3,15.32,Graduated
S101800,Student_1800,Male,20,Law,200,4.09,70.54,11,5,6.73,Graduated
S101801,Student_1801,Male,28,Computer Science,400,2.33,57.48,20,2,12.1,Graduated
S101802,Student_1802,Male,18,Education,100,3.88,57.89,15,5,15.69,Graduated
S101803,Student_1803,Female,20,Education,300,3.25,53.39,6,1,13.45,Graduated
S101804,Student_1804,Male,28,Business Admin,500,4.02,63.13,11,0,10.53,Graduated
S101805,Student_1805,Male,29,Medicine,300,2.63,47.62,12,1,9.81,In Progress
S101806,Student_1806,Female,29,Medicine,300,3.97,63.26,17,4,6.28,Graduated
S101807,Student_1807,Male,26,Computer Science,400,1.78,90.02,13,2,11.29,Graduated
S101808,Student_1808,Female,23,Law,200,2.74,92.22,18,4,4.67,Graduated
S101809,Student_1809,Female,25,Education,400,3.19,78.57,16,5,14.22,Graduated
S101810,Student_1810,Female,30,Business Admin,500,3.46,55.41,16,5,14.66,In Progress
S101811,Student_1811,Male,30,Medicine,400,1.53,54.42,15,3,9.69,Graduated
S101812,Student_1812,Male,24,Education,500,2.13,56.68,5,1,6.51,Graduated
S101813,Student_1813,Male,28,Business Admin,400,2.24,70.0,6,4,1.27,Graduated
S101814,Student_1814,Female,25,Engineering,200,2.35,98.59,6,6,5.91,Graduated
S101815,Student_1815,Male,24,Education,100,2.47,46.55,18,3,6.5,Graduated
S101816,Student_1816,Female,18,Law,200,3.12,70.03,11,2,10.34,In Progress
S101817,Student_1817,Male,23,Business Admin,400,4.03,80.93,20,5,5.57,Graduated
S101818,Student_1818,Female,18,Law,300,2.74,54.74,10,7,14.44,In Progress
S101819,Student_1819,Male,29,Education,100,4.08,98.15,19,4,17.14,In Progress
S101820,Student_1820,Male,28,Engineering,300,3.06,60.94,18,1,10.61,In Progress
S101821,Student_1821,Male,27,Law,200,2.85,95.94,15,4,3.23,Graduated
S101822,Student_1822,Female,18,Medicine,100,3.73,75.84,13,2,0.0,In Progress
S101823,Student_1823,Female,20,Business Admin,400,2.89,40.24,7,3,10.28,Graduated
S101824,Student_1824,Male,17,Education,300,2.45,58.67,12,4,8.01,Dropped
S101825,Student_1825,Male,21,Engineering,400,3.93,41.29,9,4,4.85,In Progress
S101826,Student_1826,Female,22,Medicine,500,2.97,62.89,9,5,8.58,Graduated
S101827,Student_1827,Female,25,Education,100,4.25,95.95,14,0,22.23,Graduated
S101828,Student_1828,Female,26,Engineering,300,2.75,86.74,17,3,19.08,In Progress
S101829,Student_1829,Male,24,Medicine,200,2.07,77.21,15,6,18.83,Graduated
S101830,Student_1830,Female,18,Law,200,2.46,72.31,16,6,7.76,Dropped
S101831,Student_1831,Male,17,Education,200,2.53,62.35,9,7,8.53,Graduated
S101832,Student_1832,Female,18,Education,200,2.93,52.69,12,7,14.9,In Progress
S101833,Student_1833,Male,23,Law,300,2.44,43.75,11,6,10.27,Graduated
S101834,Student_1834,Female,20,Computer Science,500,2.12,51.41,15,5,12.95,In Progress
S101835,Student_1835,Female,26,Medicine,200,2.77,61.09,16,0,3.69,Dropped
S101836,Student_1836,Female,21,Law,200,3.06,71.2,11,0,12.19,In Progress
S101837,Student_1837,Female,28,Education,200,3.29,52.26,8,5,2.51,Graduated
S101838,Student_1838,Female,23,Medicine,500,2.99,98.46,18,2,0.0,Graduated
S101839,Student_1839,Male,19,Medicine,100,3.96,44.61,19,2,8.08,Dropped
S101840,Student_1840,Female,26,Computer Science,200,3.04,45.69,10,1,14.76,In Progress
S101841,Student_1841,Female,18,Education,200,1.47,80.96,17,5,11.88,In Progress
S101842,Student_1842,Female,29,Engineering,200,3.18,85.3,5,3,9.11,Graduated
S101843,Student_1843,Male,23,Computer Science,100,3.01,98.35,10,3,0.0,In Progress
S101844,Student_1844,Female,21,Computer Science,200,3.51,71.83,9,2,1.91,In Progress
S101845,Student_1845,Male,30,Engineering,100,2.22,49.96,17,2,8.57,In Progress
S101846,Student_1846,Female,17,Engineering,100,3.74,96.28,5,0,8.27,Graduated
S101847,Student_1847,Female,17,Computer Science,400,3.19,98.81,17,2,9.71,Graduated
S101848,Student_1848,Male,25,Medicine,400,3.09,95.41,15,6,19.0,Graduated
S101849,Student_1849,Female,21,Law,200,3.66,92.3,5,4,10.71,In Progress
S101850,Student_1850,Male,17,Law,300,3.81,44.65,7,3,16.71,Dropped
S101851,Student_1851,Male,23,Computer Science,400,3.74,91.29,8,1,6.4,In Progress
S101852,Student_1852,Female,25,Medicine,400,1.36,97.19,5,0,0.0,Dropped
S101853,Student_1853,Male,27,Engineering,300,2.0,73.14,16,4,15.37,Graduated
S101854,Student_1854,Female,17,Business Admin,500,2.69,86.36,18,2,16.64,Graduated
S101855,Student_1855,Female,26,Computer Science,200,2.17,79.65,14,1,17.32,In Progress
S101856,Student_1856,Male,30,Education,500,2.51,57.28,11,2,5.28,Graduated
S101857,Student_1857,Male,29,Medicine,500,2.96,75.25,6,5,7.08,In Progress
S101858,Student_1858,Male,20,Education,100,2.67,93.36,15,4,7.22,Graduated
S101859,Student_1859,Male,30,Education,100,2.98,69.78,8,5,12.54,Graduated
S101860,Student_1860,Female,19,Computer Science,200,3.95,75.41,16,6,5.27,Graduated
S101861,Student_1861,Female,21,Medicine,300,4.25,71.89,13,5,11.64,Graduated
S101862,Student_1862,Male,23,Education,100,3.26,56.94,12,1,14.58,In Progress
S101863,Student_1863,Female,24,Medicine,400,3.93,78.62,6,5,13.54,Graduated
S101864,Student_1864,Female,29,Law,200,2.72,70.57,15,2,4.99,Graduated
S101865,Student_1865,Female,18,Business Admin,500,2.56,53.95,15,4,14.81,In Progress
S101866,Student_1866,Female,23,Education,200,2.95,93.72,13,7,10.35,In Progress
S101867,Student_1867,Male,30,Education,100,2.78,97.0,5,4,7.12,In Progress
S101868,Student_1868,Male,30,Medicine,300,3.47,43.32,10,1,15.13,Graduated
S101869,Student_1869,Female,17,Business Admin,500,3.01,77.34,7,7,10.33,Graduated
S101870,Student_1870,Male,23,Law,300,4.06,64.9,5,5,17.07,Graduated
S101871,Student_1871,Male,24,Education,200,3.08,71.56,12,5,15.28,Graduated
S101872,Student_1872,Male,18,Computer Science,300,2.51,62.43,10,4,13.44,Graduated
S101873,Student_1873,Female,25,Medicine,300,2.67,68.46,8,2,9.8,In Progress
S101874,Student_1874,Female,17,Medicine,200,2.58,59.41,7,1,2.87,In Progress
S101875,Student_1875,Female,29,Education,500,3.51,47.06,17,5,2.61,In Progress
S101876,Student_1876,Male,22,Law,300,2.93,58.12,14,5,22.92,Graduated
S101877,Student_1877,Female,17,Education,300,3.08,80.22,6,0,12.67,Graduated
S101878,Student_1878,Female,19,Engineering,200,3.29,43.02,17,7,16.62,Graduated
S101879,Student_1879,Male,27,Education,400,3.38,62.96,9,4,10.78,Graduated
S101880,Student_1880,Female,22,Business Admin,300,3.74,42.54,19,7,9.48,Graduated
S101881,Student_1881,Female,19,Business Admin,100,3.24,61.38,12,2,10.47,In Progress
S101882,Student_1882,Male,24,Engineering,500,2.33,45.26,16,1,11.13,Graduated
S101883,Student_1883,Male,21,Business Admin,300,2.66,60.38,12,5,10.23,In Progress
S101884,Student_1884,Male,18,Business Admin,200,2.66,90.29,7,0,18.16,In Progress
S101885,Student_1885,Female,20,Computer Science,100,2.49,76.8,13,0,14.32,In Progress
S101886,Student_1886,Female,25,Medicine,200,3.73,80.94,14,3,11.98,Graduated
S101887,Student_1887,Female,20,Business Admin,300,2.9,70.23,20,5,14.3,In Progress
S101888,Student_1888,Male,26,Medicine,100,3.12,95.34,9,3,14.84,In Progress
S101889,Student_1889,Male,26,Law,500,3.23,72.47,20,5,11.77,Graduated
S101890,Student_1890,Female,24,Education,500,3.15,46.26,11,1,13.05,Graduated
S101891,Student_1891,Female,21,Computer Science,500,3.22,95.99,15,4,13.73,Graduated
S101892,Student_1892,Male,27,Engineering,400,4.69,47.98,13,5,13.5,In Progress
S101893,Student_1893,Male,27,Law,200,3.47,99.95,11,2,9.94,Graduated
S101894,Student_1894,Male,26,Computer Science,300,2.36,66.12,14,4,14.08,Graduated
S101895,Student_1895,Male,29,Computer Science,100,3.22,44.41,7,2,4.71,In Progress
S101896,Student_1896,Female,29,Engineering,200,3.07,91.85,6,2,10.79,In Progress
S101897,Student_1897,Male,30,Engineering,300,2.03,45.57,16,7,10.04,Graduated
S101898,Student_1898,Female,17,Medicine,400,1.33,50.47,11,3,13.76,Dropped
S101899,Student_1899,Female,23,Education,300,3.1,65.04,14,3,6.56,In Progress
S101900,Student_1900,Female,19,Law,200,2.8,80.57,12,4,7.32,Graduated
S101901,Student_1901,Male,26,Education,300,2.2,47.27,16,1,5.86,In Progress
S101902,Student_1902,Male,24,Law,100,2.62,77.36,16,2,13.24,Graduated
S101903,Student_1903,Male,30,Computer Science,400,2.82,86.82,8,7,1.5,Graduated
S101904,Student_1904,Male,28,Business Admin,100,2.59,47.41,5,3,5.44,Graduated
S101905,Student_1905,Female,19,Business Admin,400,3.19,78.85,10,1,0.0,In Progress
S101906,Student_1906,Male,17,Engineering,400,3.12,97.53,13,3,6.57,In Progress
S101907,Student_1907,Male,21,Engineering,300,3.56,98.04,8,2,10.17,In Progress
S101908,Student_1908,Female,18,Computer Science,100,3.81,49.7,7,0,16.02,Graduated
S101909,Student_1909,Male,27,Computer Science,400,3.45,85.58,10,3,16.67,Dropped
S101910,Student_1910,Female,20,Law,400,2.52,90.8,10,1,3.02,Graduated
S101911,Student_1911,Female,17,Computer Science,300,3.12,93.34,8,6,8.11,In Progress
S101912,Student_1912,Female,25,Law,200,1.88,59.42,11,6,12.11,In Progress
S101913,Student_1913,Female,22,Education,200,2.67,56.21,15,4,8.38,Graduated
S101914,Student_1914,Female,24,Engineering,500,1.22,42.87,6,6,5.85,Graduated
S101915,Student_1915,Female,27,Engineering,500,2.75,63.97,5,4,1.22,Graduated
S101916,Student_1916,Female,20,Business Admin,400,2.63,47.44,15,2,4.44,Dropped
S101917,Student_1917,Female,25,Business Admin,200,3.48,87.18,10,5,16.39,Graduated
S101918,Student_1918,Male,18,Engineering,400,2.32,48.58,7,0,15.67,Graduated
S101919,Student_1919,Male,25,Education,100,3.12,89.13,20,6,23.48,Graduated
S101920,Student_1920,Male,28,Education,200,2.74,46.46,7,6,14.46,Graduated
S101921,Student_1921,Male,21,Medicine,200,2.7,68.84,17,3,5.1,Graduated
S101922,Student_1922,Female,29,Law,200,2.46,63.08,5,5,12.35,Dropped
S101923,Student_1923,Male,22,Business Admin,500,3.21,76.09,17,7,12.77,Graduated
S101924,Student_1924,Female,19,Law,300,2.89,71.13,6,3,13.3,In Progress
S101925,Student_1925,Male,20,Business Admin,300,2.33,75.92,7,6,9.2,Graduated
S101926,Student_1926,Male,22,Medicine,500,3.09,40.06,5,0,8.58,Graduated
S101927,Student_1927,Male,23,Engineering,500,3.21,47.65,12,2,12.42,Graduated
S101928,Student_1928,Female,17,Law,500,4.07,71.03,20,2,5.77,Dropped
S101929,Student_1929,Male,23,Business Admin,300,2.59,53.78,20,1,15.49,Graduated
S101930,Student_1930,Female,17,Law,400,2.73,44.58,10,1,4.62,Graduated
S101931,Student_1931,Female,21,Engineering,500,2.1,53.06,13,6,4.09,Graduated
S101932,Student_1932,Male,22,Computer Science,400,2.69,86.79,5,1,8.01,Graduated
S101933,Student_1933,Male,29,Business Admin,400,2.26,72.5,15,7,12.77,In Progress
S101934,Student_1934,Male,18,Computer Science,100,3.77,51.4,18,6,15.07,Graduated
S101935,Student_1935,Female,29,Medicine,300,3.36,40.96,16,7,12.29,Graduated
S101936,Student_1936,Male,26,Education,400,2.25,61.46,19,2,6.95,Graduated
S101937,Student_1937,Female,25,Law,300,2.32,61.45,8,3,9.22,Graduated
S101938,Student_1938,Female,30,Business Admin,300,2.61,84.11,8,4,7.77,Graduated
S101939,Student_1939,Male,26,Law,100,3.91,95.17,9,2,15.31,Dropped
S101940,Student_1940,Male,22,Medicine,300,2.57,62.32,15,0,11.05,Graduated
S101941,Student_1941,Female,23,Medicine,400,2.88,81.29,6,4,16.96,Dropped
S101942,Student_1942,Female,30,Law,200,4.07,78.09,20,2,13.85,Graduated
S101943,Student_1943,Female,26,Business Admin,400,3.29,65.32,17,5,8.64,In Progress
S101944,Student_1944,Male,24,Engineering,400,1.99,43.95,5,6,9.36,In Progress
S101945,Student_1945,Female,27,Engineering,300,1.72,68.41,16,2,10.41,Graduated
S101946,Student_1946,Male,29,Education,400,3.07,61.25,13,1,9.71,In Progress
S101947,Student_1947,Female,26,Law,200,4.61,73.01,9,3,13.82,Dropped
S101948,Student_1948,Female,17,Law,300,3.95,47.52,12,5,12.12,In Progress
S101949,Student_1949,Male,30,Business Admin,500,3.26,83.45,18,3,7.26,In Progress
S101950,Student_1950,Female,24,Law,400,3.55,87.27,16,4,20.23,In Progress
S101951,Student_1951,Male,20,Business Admin,400,3.6,63.31,7,2,11.04,Graduated
S101952,Student_1952,Male,26,Law,100,1.86,50.52,8,1,5.17,Graduated
S101953,Student_1953,Female,24,Medicine,500,3.15,77.41,8,5,13.1,Dropped
S101954,Student_1954,Male,29,Computer Science,500,3.92,97.35,10,7,4.72,Graduated
S101955,Student_1955,Male,22,Law,200,4.46,82.03,8,0,11.58,Graduated
S101956,Student_1956,Female,27,Computer Science,500,3.35,47.41,20,2,9.73,Graduated
S101957,Student_1957,Male,25,Engineering,100,2.05,63.83,9,1,10.32,Graduated
S101958,Student_1958,Male,27,Education,200,3.4,94.92,16,7,5.79,In Progress
S101959,Student_1959,Male,20,Engineering,500,3.39,78.07,18,0,9.4,Graduated
S101960,Student_1960,Female,18,Law,200,3.61,48.83,9,0,9.48,In Progress
S101961,Student_1961,Male,30,Business Admin,500,3.28,83.48,12,7,9.95,In Progress
S101962,Student_1962,Female,18,Engineering,500,4.3,61.21,13,4,19.26,Dropped
S101963,Student_1963,Female,21,Medicine,500,3.13,69.37,15,7,7.21,Graduated
S101964,Student_1964,Male,26,Computer Science,400,3.04,64.9,12,3,11.09,Graduated
S101965,Student_1965,Male,25,Business Admin,500,2.82,83.54,16,3,3.45,In Progress
S101966,Student_1966,Male,28,Business Admin,400,3.07,53.07,9,4,0.0,In Progress
S101967,Student_1967,Female,19,Law,300,3.2,63.3,16,2,8.39,Graduated
S101968,Student_1968,Male,24,Medicine,100,3.09,84.67,16,6,17.09,Graduated
S101969,Student_1969,Male,20,Computer Science,200,3.55,82.29,10,5,3.7,In Progress
S101970,Student_1970,Male,22,Medicine,200,1.55,52.1,8,7,13.6,In Progress
S101971,Student_1971,Male,26,Engineering,300,2.9,61.04,6,1,15.93,Graduated
S101972,Student_1972,Male,22,Law,500,3.36,40.86,15,5,17.15,Dropped
S101973,Student_1973,Female,19,Business Admin,100,3.2,71.81,15,5,13.34,In Progress
S101974,Student_1974,Female,30,Business Admin,300,2.11,56.86,9,3,6.01,Graduated
S101975,Student_1975,Male,21,Engineering,300,3.37,40.71,5,5,3.91,Graduated
S101976,Student_1976,Male,28,Business Admin,200,3.03,65.48,5,7,0.57,In Progress
S101977,Student_1977,Male,19,Education,400,3.54,95.61,5,4,19.34,Graduated
S101978,Student_1978,Male,27,Law,400,3.4,95.4,8,3,14.34,Graduated
S101979,Student_1979,Female,27,Engineering,500,3.23,62.33,18,3,13.21,In Progress
S101980,Student_1980,Male,17,Law,500,3.0,66.95,9,3,0.0,In Progress
S101981,Student_1981,Female,23,Computer Science,300,3.2,54.56,19,2,13.15,Graduated
S101982,Student_1982,Female,20,Law,500,3.2,44.1,8,4,11.0,Graduated
S101983,Student_1983,Male,30,Law,400,3.93,81.64,10,3,11.65,In Progress
S101984,Student_1984,Female,23,Computer Science,100,5.0,88.0,6,6,7.91,Graduated
S101985,Student_1985,Female,19,Engineering,200,2.25,92.81,9,3,10.82,Graduated
S101986,Student_1986,Female,28,Law,400,1.14,96.12,17,4,4.76,Graduated
S101987,Student_1987,Female,27,Medicine,500,2.63,94.96,10,0,10.39,Graduated
S101988,Student_1988,Male,21,Law,200,2.34,41.64,19,5,3.63,Graduated
S101989,Student_1989,Male,21,Engineering,200,3.59,98.69,9,2,15.1,Dropped
S101990,Student_1990,Female,29,Business Admin,300,4.04,62.77,10,7,14.23,Graduated
S101991,Student_1991,Male,18,Computer Science,500,3.57,93.17,12,7,13.63,Graduated
S101992,Student_1992,Male,27,Business Admin,300,2.78,66.45,6,2,2.46,Graduated
S101993,Student_1993,Male,26,Engineering,200,3.51,65.33,17,6,10.45,In Progress
S101994,Student_1994,Male,28,Education,300,3.85,40.67,20,5,13.62,Graduated
S101995,Student_1995,Male,18,Business Admin,500,3.47,43.15,11,1,13.82,In Progress
S101996,Student_1996,Female,20,Law,400,3.39,80.28,18,1,18.87,Graduated
S101997,Student_1997,Male,20,Law,100,2.92,96.26,10,5,5.18,Graduated
S101998,Student_1998,Male,20,Computer Science,400,2.15,53.46,14,0,8.48,In Progress
S101999,Student_1999,Male,22,Law,200,3.77,45.64,12,6,12.17,Graduated
S102000,Student_2000,Male,18,Medicine,400,4.19,52.83,13,1,10.84,Graduated
S102001,Student_2001,Female,22,Medicine,300,2.04,52.74,18,3,14.28,Dropped
S102002,Student_2002,Female,23,Business Admin,500,3.54,57.59,12,3,0.75,Graduated
S102003,Student_2003,Female,27,Engineering,400,2.44,45.68,18,5,8.36,Graduated
S102004,Student_2004,Female,26,Computer Science,400,3.33,54.13,9,1,8.4,Graduated
S102005,Student_2005,Male,19,Education,500,2.02,95.28,8,7,13.91,Graduated
S102006,Student_2006,Female,27,Business Admin,300,3.55,93.41,7,5,16.01,Graduated
S102007,Student_2007,Male,28,Engineering,100,3.3,58.98,14,2,11.62,Graduated
S102008,Student_2008,Male,24,Computer Science,400,3.58,99.81,13,0,20.0,Graduated
S102009,Student_2009,Male,18,Computer Science,200,3.45,57.9,11,3,9.68,In Progress
S102010,Student_2010,Male,27,Business Admin,300,3.13,83.31,5,0,6.92,Graduated
S102011,Student_2011,Male,24,Engineering,300,3.55,78.64,7,1,18.14,In Progress
S102012,Student_2012,Female,29,Engineering,400,2.69,43.87,17,4,9.15,Graduated
S102013,Student_2013,Female,27,Law,500,3.4,60.54,19,5,6.28,In Progress
S102014,Student_2014,Female,21,Education,400,2.61,97.09,16,5,15.07,Graduated
S102015,Student_2015,Female,18,Medicine,400,3.44,43.05,7,7,6.41,Dropped
S102016,Student_2016,Male,23,Law,500,2.87,50.49,17,6,12.76,Graduated
S102017,Student_2017,Female,30,Computer Science,200,3.34,98.26,10,0,16.86,In Progress
S102018,Student_2018,Male,18,Education,500,2.8,42.39,19,0,10.02,Graduated
S102019,Student_2019,Female,30,Education,400,2.81,66.8,17,1,16.53,Graduated
S102020,Student_2020,Male,22,Engineering,100,2.84,95.1,6,6,12.09,In Progress
S102021,Student_2021,Male,26,Education,500,2.07,96.62,8,1,2.33,Graduated
S102022,Student_2022,Female,19,Business Admin,200,3.61,98.76,16,3,14.75,Graduated
S102023,Student_2023,Male,25,Education,500,3.03,68.88,6,7,17.77,In Progress
S102024,Student_2024,Male,19,Computer Science,500,2.1,45.19,9,6,12.59,In Progress
S102025,Student_2025,Female,27,Business Admin,300,2.62,86.36,17,4,8.38,In Progress
S102026,Student_2026,Male,28,Business Admin,300,2.58,82.54,19,6,11.55,Graduated
S102027,Student_2027,Female,28,Law,400,3.28,74.78,8,4,7.44,Graduated
S102028,Student_2028,Female,19,Education,400,2.85,93.29,8,0,17.15,Graduated
S102029,Student_2029,Female,21,Engineering,500,3.63,94.69,16,4,11.41,Dropped
S102030,Student_2030,Male,23,Law,100,2.16,80.99,8,1,11.91,Graduated
S102031,Student_2031,Male,30,Engineering,400,3.3,46.73,17,5,9.38,Graduated
S102032,Student_2032,Male,24,Education,500,3.25,45.73,8,6,15.56,Graduated
S102033,Student_2033,Female,28,Law,500,2.71,64.52,18,1,5.62,In Progress
S102034,Student_2034,Male,27,Education,500,3.18,57.56,9,1,22.05,Graduated
S102035,Student_2035,Female,23,Computer Science,500,2.97,47.98,6,7,10.39,Graduated
S102036,Student_2036,Female,25,Law,500,3.85,76.67,10,6,11.31,Graduated
S102037,Student_2037,Male,21,Engineering,300,3.06,81.01,5,0,5.46,Graduated
S102038,Student_2038,Female,26,Computer Science,200,3.8,81.88,14,2,18.51,Graduated
S102039,Student_2039,Male,27,Medicine,200,3.58,50.52,6,1,12.47,Dropped
S102040,Student_2040,Male,19,Engineering,500,2.13,58.35,7,4,14.11,In Progress
S102041,Student_2041,Male,22,Education,400,2.94,51.94,20,7,7.38,Graduated
S102042,Student_2042,Male,21,Engineering,100,3.58,76.08,6,6,16.95,Graduated
S102043,Student_2043,Male,28,Medicine,500,3.17,74.02,19,7,7.12,Graduated
S102044,Student_2044,Female,20,Engineering,100,3.06,70.2,7,4,14.74,Graduated
S102045,Student_2045,Female,28,Computer Science,300,3.1,57.76,12,1,8.24,Graduated
S102046,Student_2046,Female,18,Business Admin,200,3.42,54.22,7,7,4.18,In Progress
S102047,Student_2047,Male,23,Engineering,300,2.73,93.42,15,5,7.69,Graduated
S102048,Student_2048,Male,29,Law,400,2.8,42.93,18,2,4.39,Dropped
S102049,Student_2049,Male,21,Medicine,400,3.59,79.38,20,0,9.83,Graduated
S102050,Student_2050,Female,20,Engineering,500,3.15,41.17,20,1,17.99,Graduated
S102051,Student_2051,Male,28,Medicine,400,2.88,51.63,14,0,19.07,Graduated
S102052,Student_2052,Female,30,Business Admin,400,3.03,57.37,5,6,22.48,Graduated
S102053,Student_2053,Female,24,Computer Science,300,3.36,93.19,19,6,8.89,In Progress
S102054,Student_2054,Male,25,Law,100,2.99,48.26,18,2,9.65,Graduated
S102055,Student_2055,Male,25,Education,200,3.11,96.27,15,1,11.42,Graduated
S102056,Student_2056,Female,19,Engineering,400,1.8,88.93,12,5,1.87,In Progress
S102057,Student_2057,Male,19,Computer Science,400,3.17,80.74,12,7,7.22,Graduated
S102058,Student_2058,Female,21,Medicine,300,2.91,64.7,11,1,7.08,Graduated
S102059,Student_2059,Male,21,Business Admin,200,3.64,94.32,8,1,5.63,In Progress
S102060,Student_2060,Male,26,Medicine,300,2.96,71.68,16,3,8.34,Graduated
S102061,Student_2061,Female,18,Business Admin,100,4.04,62.27,9,7,2.93,Graduated
S102062,Student_2062,Male,17,Business Admin,300,3.43,75.14,16,6,10.51,Graduated
S102063,Student_2063,Female,24,Computer Science,200,2.48,53.94,16,1,2.1,Graduated
S102064,Student_2064,Male,19,Engineering,200,2.14,56.37,15,1,7.04,In Progress
S102065,Student_2065,Female,17,Education,400,2.94,95.16,18,5,1.61,Graduated
S102066,Student_2066,Female,17,Engineering,100,3.02,87.64,20,2,15.74,In Progress
S102067,Student_2067,Male,27,Law,500,1.81,70.81,20,2,20.03,In Progress
S102068,Student_2068,Female,18,Engineering,400,2.96,64.99,14,3,7.33,Graduated
S102069,Student_2069,Male,22,Business Admin,300,2.77,88.45,10,1,5.72,In Progress
S102070,Student_2070,Male,22,Business Admin,300,3.14,74.24,10,4,13.3,Graduated
S102071,Student_2071,Male,30,Law,200,4.41,64.9,11,0,6.91,Graduated
S102072,Student_2072,Female,19,Medicine,200,1.83,70.93,8,7,3.98,Graduated
S102073,Student_2073,Female,28,Business Admin,200,3.66,53.96,12,7,1.35,In Progress
S102074,Student_2074,Male,20,Law,500,3.34,52.12,6,5,3.77,Graduated
S102075,Student_2075,Male,28,Business Admin,500,2.65,99.35,13,7,15.88,In Progress
S102076,Student_2076,Female,29,Education,400,3.02,98.18,19,7,16.14,Graduated
S102077,Student_2077,Male,18,Business Admin,500,3.64,65.25,10,1,7.48,Graduated
S102078,Student_2078,Male,18,Computer Science,200,3.08,70.92,18,5,12.29,Graduated
S102079,Student_2079,Female,23,Law,400,1.64,89.63,16,6,16.46,Dropped
S102080,Student_2080,Male,29,Engineering,400,3.26,83.55,5,3,3.53,In Progress
S102081,Student_2081,Female,17,Law,100,3.51,45.97,19,4,11.2,In Progress
S102082,Student_2082,Male,23,Medicine,500,2.71,62.48,5,2,1.18,In Progress
S102083,Student_2083,Female,30,Business Admin,300,3.6,55.01,17,0,8.95,Graduated
S102084,Student_2084,Male,28,Law,300,3.66,99.56,12,3,13.9,In Progress
S102085,Student_2085,Male,30,Education,100,3.91,84.92,14,2,17.0,Dropped
S102086,Student_2086,Female,28,Law,200,3.7,42.87,14,6,13.23,Graduated
S102087,Student_2087,Male,30,Education,100,4.78,94.0,17,1,0.0,Graduated
S102088,Student_2088,Female,17,Business Admin,200,3.82,95.68,11,3,4.46,Graduated
S102089,Student_2089,Male,30,Engineering,500,3.12,60.0,7,1,8.76,Graduated
S102090,Student_2090,Female,22,Business Admin,500,3.56,78.52,12,7,11.31,Graduated
S102091,Student_2091,Female,19,Medicine,400,3.09,80.92,19,3,10.93,In Progress
S102092,Student_2092,Female,24,Computer Science,400,2.83,83.77,12,3,6.5,Graduated
S102093,Student_2093,Female,22,Engineering,400,2.27,81.61,17,7,15.02,Dropped
S102094,Student_2094,Male,27,Engineering,400,2.92,73.58,11,1,10.34,Graduated
S102095,Student_2095,Male,18,Computer Science,300,3.63,97.23,18,7,4.35,In Progress
S102096,Student_2096,Female,24,Law,400,2.44,70.74,9,3,7.06,Graduated
S102097,Student_2097,Female,21,Business Admin,400,3.29,46.65,12,6,23.61,In Progress
S102098,Student_2098,Female,24,Law,400,2.76,44.83,9,5,16.52,Graduated
S102099,Student_2099,Male,24,Law,200,3.04,41.1,5,2,14.65,Graduated
S102100,Student_2100,Male,22,Business Admin,400,3.0,65.68,12,6,11.6,In Progress
S102101,Student_2101,Male,18,Medicine,100,3.17,56.39,11,7,5.04,Graduated
S102102,Student_2102,Male,24,Engineering,400,4.62,93.71,11,5,9.62,In Progress
S102103,Student_2103,Female,27,Education,400,2.68,92.03,6,5,6.72,In Progress
S102104,Student_2104,Female,22,Computer Science,300,3.02,90.27,15,7,9.42,Graduated
S102105,Student_2105,Female,22,Engineering,400,2.89,92.04,16,2,5.4,Graduated
S102106,Student_2106,Male,24,Law,200,1.99,57.86,16,7,12.76,Graduated
S102107,Student_2107,Male,17,Computer Science,500,3.64,65.57,16,0,6.18,In Progress
S102108,Student_2108,Male,18,Education,400,2.46,58.7,7,0,6.67,Graduated
S102109,Student_2109,Female,28,Engineering,400,4.0,45.16,16,7,12.23,In Progress
S102110,Student_2110,Female,28,Engineering,400,2.49,95.44,7,3,19.92,Dropped
S102111,Student_2111,Male,25,Medicine,300,3.31,76.96,16,2,4.76,Dropped
S102112,Student_2112,Female,27,Engineering,500,4.25,47.95,16,5,6.58,Graduated
S102113,Student_2113,Male,28,Engineering,300,3.36,52.36,15,1,10.29,Graduated
S102114,Student_2114,Male,24,Education,300,2.63,67.05,14,7,7.61,Graduated
S102115,Student_2115,Female,28,Education,300,2.42,43.11,10,7,0.0,Graduated
S102116,Student_2116,Male,23,Computer Science,200,1.5,56.32,10,3,18.05,In Progress
S102117,Student_2117,Female,23,Law,500,2.78,82.21,7,5,4.72,Graduated
S102118,Student_2118,Male,21,Education,200,2.05,95.22,20,7,11.62,Graduated
S102119,Student_2119,Female,18,Computer Science,200,3.02,95.72,15,6,13.76,Graduated
S102120,Student_2120,Female,27,Engineering,500,2.74,71.2,9,1,4.5,In Progress
S102121,Student_2121,Female,22,Computer Science,200,3.11,58.73,13,4,11.41,In Progress
S102122,Student_2122,Male,26,Computer Science,500,2.23,95.24,11,0,13.26,Graduated
S102123,Student_2123,Male,19,Computer Science,400,2.67,87.2,13,3,0.0,Graduated
S102124,Student_2124,Female,20,Business Admin,300,3.4,75.23,6,3,9.09,Graduated
S102125,Student_2125,Female,29,Computer Science,200,3.24,90.07,14,1,12.03,Dropped
S102126,Student_2126,Male,26,Education,500,1.75,67.53,14,6,14.82,Graduated
S102127,Student_2127,Male,28,Business Admin,100,3.58,46.73,5,0,1.28,In Progress
S102128,Student_2128,Male,27,Law,200,2.28,96.29,6,7,10.5,Graduated
S102129,Student_2129,Female,18,Computer Science,200,1.94,72.04,10,1,14.64,In Progress
S102130,Student_2130,Male,30,Medicine,500,2.85,81.72,14,7,11.62,In Progress
S102131,Student_2131,Male,18,Engineering,100,4.7,63.54,11,1,13.71,Graduated
S102132,Student_2132,Female,28,Engineering,100,2.77,48.14,12,0,13.61,Graduated
S102133,Student_2133,Male,24,Business Admin,400,3.08,56.31,20,6,5.5,Graduated
S102134,Student_2134,Male,24,Engineering,200,3.49,42.62,15,6,14.65,In Progress
S102135,Student_2135,Male,26,Engineering,300,2.4,45.25,10,4,13.76,Graduated
S102136,Student_2136,Female,22,Business Admin,200,3.22,52.3,10,2,7.55,Dropped
S102137,Student_2137,Female,29,Engineering,300,2.43,73.66,7,5,9.65,Graduated
S102138,Student_2138,Female,21,Computer Science,300,3.39,99.57,19,2,14.12,In Progress
S102139,Student_2139,Female,24,Law,500,3.28,90.62,13,7,16.43,Graduated
S102140,Student_2140,Female,20,Business Admin,200,3.22,45.15,15,4,9.1,In Progress
S102141,Student_2141,Female,27,Medicine,500,3.12,90.54,6,0,11.95,In Progress
S102142,Student_2142,Female,20,Business Admin,400,4.41,72.18,15,3,16.81,Graduated
S102143,Student_2143,Male,21,Education,300,3.17,79.62,18,0,7.45,Graduated
S102144,Student_2144,Male,17,Medicine,100,3.37,47.79,9,5,17.72,In Progress
S102145,Student_2145,Female,17,Education,300,3.26,63.73,7,1,5.65,Dropped
S102146,Student_2146,Male,18,Business Admin,400,2.3,93.05,5,5,9.14,Dropped
S102147,Student_2147,Male,30,Education,300,2.46,65.52,6,7,13.82,In Progress
S102148,Student_2148,Female,24,Medicine,500,2.24,47.63,10,0,15.96,In Progress
S102149,Student_2149,Male,23,Computer Science,200,2.45,58.66,18,2,11.06,In Progress
S102150,Student_2150,Male,26,Business Admin,100,2.65,53.29,14,3,0.79,In Progress
S102151,Student_2151,Male,25,Business Admin,500,2.86,81.21,5,5,9.02,Graduated
S102152,Student_2152,Male,21,Engineering,200,2.85,94.66,15,4,8.87,Graduated
S102153,Student_2153,Male,18,Business Admin,100,3.4,84.01,19,0,9.36,Graduated
S102154,Student_2154,Female,23,Business Admin,400,3.95,90.62,6,3,16.12,In Progress
S102155,Student_2155,Female,24,Computer Science,300,3.8,88.35,14,5,4.41,Graduated
S102156,Student_2156,Female,28,Engineering,100,3.19,40.88,9,7,9.57,Graduated
S102157,Student_2157,Male,23,Law,400,2.42,47.46,5,3,9.16,Graduated
S102158,Student_2158,Female,30,Education,200,3.73,65.4,18,2,8.87,In Progress
S102159,Student_2159,Male,23,Medicine,100,2.61,46.73,18,1,5.41,Dropped
S102160,Student_2160,Male,28,Law,400,3.3,84.1,19,6,11.17,Graduated
S102161,Student_2161,Male,30,Engineering,200,3.2,44.21,15,3,8.07,Dropped
S102162,Student_2162,Male,21,Computer Science,500,2.26,64.97,15,3,6.67,Graduated
S102163,Student_2163,Female,18,Medicine,300,2.63,63.54,14,0,7.56,In Progress
S102164,Student_2164,Female,22,Education,400,3.36,72.61,8,4,7.1,Graduated
S102165,Student_2165,Male,20,Business Admin,500,2.89,77.76,9,0,5.2,Graduated
S102166,Student_2166,Female,26,Business Admin,200,5.0,96.82,9,2,6.1,Graduated
S102167,Student_2167,Male,18,Law,100,2.69,56.27,9,3,2.57,Graduated
S102168,Student_2168,Female,28,Education,300,2.29,79.96,18,1,18.79,Dropped
S102169,Student_2169,Female,25,Engineering,200,3.05,42.11,14,3,10.96,In Progress
S102170,Student_2170,Male,23,Education,400,2.77,40.06,13,1,9.47,Graduated
S102171,Student_2171,Female,22,Computer Science,300,1.8,41.52,13,6,15.04,Dropped
S102172,Student_2172,Male,28,Law,500,3.58,66.93,9,1,11.35,Graduated
S102173,Student_2173,Female,21,Law,300,3.69,73.3,10,6,13.07,In Progress
S102174,Student_2174,Male,19,Computer Science,500,3.6,40.37,12,5,10.85,Dropped
S102175,Student_2175,Male,28,Education,200,3.22,63.78,20,5,18.77,Graduated
S102176,Student_2176,Female,26,Computer Science,100,2.91,42.45,16,6,22.89,Graduated
S102177,Student_2177,Female,26,Medicine,300,3.12,79.2,11,1,19.36,Graduated
S102178,Student_2178,Male,20,Computer Science,100,2.91,77.87,19,7,0.0,Graduated
S102179,Student_2179,Female,19,Education,100,2.56,87.05,10,4,6.98,Dropped
S102180,Student_2180,Female,28,Computer Science,300,4.08,72.78,8,0,7.26,Graduated
S102181,Student_2181,Male,27,Engineering,300,3.89,77.38,20,6,16.69,Graduated
S102182,Student_2182,Male,24,Business Admin,100,3.46,56.77,7,5,7.99,Graduated
S102183,Student_2183,Female,19,Computer Science,400,2.7,45.13,8,6,8.38,In Progress
S102184,Student_2184,Male,23,Business Admin,400,3.41,84.24,17,2,7.6,Graduated
S102185,Student_2185,Male,23,Computer Science,300,2.83,76.71,7,5,8.39,Graduated
S102186,Student_2186,Male,23,Education,100,2.81,96.3,17,4,9.89,In Progress
S102187,Student_2187,Female,29,Medicine,100,2.99,99.35,12,7,12.85,Dropped
S102188,Student_2188,Female,23,Medicine,200,3.31,90.84,10,4,9.51,Graduated
S102189,Student_2189,Male,30,Business Admin,100,2.72,99.14,20,1,9.3,In Progress
S102190,Student_2190,Female,18,Education,400,2.9,78.85,10,4,7.6,Graduated
S102191,Student_2191,Male,26,Education,200,3.92,45.52,5,2,11.17,Graduated
S102192,Student_2192,Female,19,Education,400,1.83,45.39,9,2,0.64,Graduated
S102193,Student_2193,Male,26,Engineering,500,3.71,88.43,12,6,1.35,Graduated
S102194,Student_2194,Male,25,Law,300,2.91,54.21,15,3,4.99,Graduated
S102195,Student_2195,Female,19,Computer Science,500,2.68,43.66,17,4,13.1,In Progress
S102196,Student_2196,Male,18,Education,300,2.79,68.34,6,5,1.65,Dropped
S102197,Student_2197,Female,25,Education,400,3.01,58.88,18,3,14.78,Graduated
S102198,Student_2198,Female,29,Education,400,3.65,75.29,7,5,10.58,Graduated
S102199,Student_2199,Male,26,Medicine,500,3.12,76.01,16,2,4.52,Graduated
S102200,Student_2200,Male,25,Education,300,2.66,80.89,13,6,12.55,In Progress
S102201,Student_2201,Female,20,Computer Science,300,3.48,74.59,16,6,5.32,Graduated
S102202,Student_2202,Male,30,Education,200,2.93,62.86,17,4,10.06,Graduated
S102203,Student_2203,Male,28,Computer Science,100,3.37,41.42,8,1,7.42,In Progress
S102204,Student_2204,Male,25,Engineering,200,3.19,94.31,15,1,14.96,In Progress
S102205,Student_2205,Male,19,Law,400,2.26,59.62,14,7,14.09,Graduated
S102206,Student_2206,Male,23,Medicine,500,3.4,70.43,20,4,15.02,In Progress
S102207,Student_2207,Female,23,Computer Science,300,1.85,73.42,16,5,16.22,Graduated
S102208,Student_2208,Female,27,Business Admin,200,2.93,58.89,9,7,13.68,In Progress
S102209,Student_2209,Male,24,Engineering,500,2.29,58.51,16,3,11.46,In Progress
S102210,Student_2210,Male,26,Law,500,1.62,55.65,16,7,0.79,Dropped
S102211,Student_2211,Male,20,Law,100,3.17,54.6,19,3,10.16,Graduated
S102212,Student_2212,Female,19,Law,300,3.58,41.82,20,6,0.0,Dropped
S102213,Student_2213,Male,19,Computer Science,500,2.98,97.47,15,1,3.66,In Progress
S102214,Student_2214,Female,28,Engineering,300,3.9,75.72,19,7,13.85,Graduated
S102215,Student_2215,Female,21,Education,200,3.0,46.48,11,7,4.05,Dropped
S102216,Student_2216,Female,27,Business Admin,500,3.12,75.52,17,3,12.34,Graduated
S102217,Student_2217,Male,30,Engineering,500,2.41,53.93,19,1,9.04,Graduated
S102218,Student_2218,Female,17,Engineering,200,3.41,58.64,9,0,9.05,Graduated
S102219,Student_2219,Male,26,Engineering,300,3.38,88.07,6,1,8.23,In Progress
S102220,Student_2220,Female,19,Computer Science,300,2.71,93.15,11,6,12.47,Graduated
S102221,Student_2221,Male,30,Business Admin,500,2.1,81.99,20,0,8.41,Graduated
S102222,Student_2222,Female,22,Computer Science,200,1.95,95.95,15,4,7.83,Graduated
S102223,Student_2223,Male,19,Business Admin,400,3.71,94.3,10,0,11.96,Graduated
S102224,Student_2224,Female,21,Business Admin,300,2.18,73.07,15,2,9.59,In Progress
S102225,Student_2225,Male,25,Computer Science,400,4.07,94.47,13,5,4.27,Graduated
S102226,Student_2226,Male,18,Business Admin,500,2.45,72.7,6,3,9.52,In Progress
S102227,Student_2227,Male,27,Engineering,400,2.79,46.26,6,0,3.51,Dropped
S102228,Student_2228,Male,18,Computer Science,400,4.98,89.77,17,2,10.0,In Progress
S102229,Student_2229,Female,28,Business Admin,300,2.67,47.87,17,6,16.1,Graduated
S102230,Student_2230,Female,22,Law,500,2.33,58.96,12,2,5.31,Graduated
S102231,Student_2231,Male,22,Computer Science,400,2.76,62.79,14,3,14.21,Graduated
S102232,Student_2232,Female,27,Medicine,300,1.94,88.44,15,1,13.07,Dropped
S102233,Student_2233,Male,27,Computer Science,400,2.8,45.01,5,2,2.32,Graduated
S102234,Student_2234,Male,24,Computer Science,300,3.05,66.7,12,5,10.52,In Progress
S102235,Student_2235,Female,28,Computer Science,500,3.7,66.2,9,0,15.86,Graduated
S102236,Student_2236,Male,29,Business Admin,200,3.36,74.93,5,3,7.02,Graduated
S102237,Student_2237,Male,27,Computer Science,300,3.1,61.23,20,0,6.81,Dropped
S102238,Student_2238,Female,30,Medicine,300,4.5,74.63,14,1,5.82,Graduated
S102239,Student_2239,Male,18,Education,400,3.42,99.15,15,3,11.23,In Progress
S102240,Student_2240,Male,25,Computer Science,500,4.0,44.29,5,2,1.9,In Progress
S102241,Student_2241,Male,18,Law,100,3.62,92.48,10,0,4.01,In Progress
S102242,Student_2242,Male,29,Medicine,100,3.98,58.52,16,5,5.64,Dropped
S102243,Student_2243,Female,17,Education,200,3.8,67.94,20,6,0.5,Graduated
S102244,Student_2244,Female,26,Business Admin,500,3.58,84.47,20,0,1.7,Graduated
S102245,Student_2245,Female,18,Computer Science,300,3.43,94.6,14,5,5.5,Graduated
S102246,Student_2246,Male,28,Education,100,4.04,40.54,15,2,8.28,In Progress
S102247,Student_2247,Male,23,Law,200,2.59,79.73,6,6,16.38,Graduated
S102248,Student_2248,Female,24,Medicine,500,2.49,44.17,6,7,15.2,In Progress
S102249,Student_2249,Male,21,Medicine,200,1.88,71.54,20,2,12.26,Graduated
S102250,Student_2250,Male,22,Business Admin,100,3.37,84.99,5,1,20.63,Graduated
S102251,Student_2251,Male,28,Business Admin,400,3.81,50.17,5,1,9.65,Graduated
S102252,Student_2252,Male,17,Business Admin,400,2.27,85.83,8,6,14.05,Graduated
S102253,Student_2253,Female,22,Education,500,2.49,58.57,9,2,7.93,Graduated
S102254,Student_2254,Female,28,Computer Science,200,4.01,76.63,8,6,13.23,Graduated
S102255,Student_2255,Female,24,Engineering,300,3.49,79.48,10,3,6.78,In Progress
S102256,Student_2256,Male,29,Medicine,100,3.46,78.94,12,2,0.62,In Progress
S102257,Student_2257,Female,19,Engineering,400,3.29,41.11,15,7,8.59,Graduated
S102258,Student_2258,Female,27,Medicine,400,2.85,49.14,19,2,16.5,Graduated
S102259,Student_2259,Male,17,Business Admin,200,1.91,91.37,15,7,1.13,Graduated
S102260,Student_2260,Male,27,Computer Science,400,3.41,96.39,6,6,4.9,Graduated
S102261,Student_2261,Female,20,Computer Science,200,4.49,73.82,5,7,11.21,Graduated
S102262,Student_2262,Female,17,Medicine,100,3.21,75.82,6,4,12.91,In Progress
S102263,Student_2263,Female,30,Education,200,2.2,85.3,17,6,14.77,Graduated
S102264,Student_2264,Female,24,Business Admin,400,2.86,64.37,14,3,15.09,In Progress
S102265,Student_2265,Male,21,Computer Science,200,3.67,59.68,18,3,9.96,In Progress
S102266,Student_2266,Female,17,Computer Science,400,3.75,86.09,15,5,3.76,In Progress
S102267,Student_2267,Female,30,Law,500,4.09,41.7,10,1,14.85,Dropped
S102268,Student_2268,Male,24,Computer Science,400,3.74,93.12,15,1,5.67,Graduated
S102269,Student_2269,Female,25,Law,400,1.6,66.45,18,1,5.18,Graduated
S102270,Student_2270,Male,26,Computer Science,400,3.16,70.25,8,0,18.05,Graduated
S102271,Student_2271,Male,18,Computer Science,500,1.99,78.06,11,3,8.38,In Progress
S102272,Student_2272,Male,25,Education,300,3.44,56.46,20,4,11.27,Graduated
S102273,Student_2273,Female,24,Education,400,3.51,75.84,18,1,14.66,Graduated
S102274,Student_2274,Female,23,Business Admin,300,2.43,81.58,6,1,10.48,Graduated
S102275,Student_2275,Male,19,Computer Science,100,2.79,47.08,20,1,10.49,Graduated
S102276,Student_2276,Female,18,Business Admin,200,2.55,71.23,5,1,18.01,Graduated
S102277,Student_2277,Female,23,Business Admin,300,3.57,59.77,17,1,5.16,In Progress
S102278,Student_2278,Male,21,Business Admin,100,2.94,73.44,9,0,10.75,Graduated
S102279,Student_2279,Male,22,Business Admin,200,2.55,41.28,18,4,11.95,Graduated
S102280,Student_2280,Female,20,Medicine,400,3.55,84.56,13,3,0.0,Graduated
S102281,Student_2281,Male,18,Medicine,400,3.43,50.1,17,4,6.44,Graduated
S102282,Student_2282,Female,25,Computer Science,400,3.57,81.36,10,2,3.66,Graduated
S102283,Student_2283,Female,19,Medicine,500,1.92,86.13,10,5,14.48,Graduated
S102284,Student_2284,Female,28,Computer Science,500,2.59,85.16,5,3,10.48,Graduated
S102285,Student_2285,Female,30,Education,500,3.48,89.05,5,1,9.19,In Progress
S102286,Student_2286,Male,23,Engineering,500,1.84,58.46,8,2,8.87,Graduated
S102287,Student_2287,Male,30,Law,100,1.86,98.03,18,5,15.56,In Progress
S102288,Student_2288,Male,24,Medicine,100,2.49,41.43,6,2,9.43,In Progress
S102289,Student_2289,Male,18,Medicine,400,3.54,68.87,20,6,11.5,In Progress
S102290,Student_2290,Female,30,Education,200,3.01,56.22,7,7,5.93,In Progress
S102291,Student_2291,Female,22,Medicine,500,3.35,84.39,15,2,14.4,In Progress
S102292,Student_2292,Male,27,Computer Science,200,2.31,88.31,10,2,15.24,In Progress
S102293,Student_2293,Female,24,Computer Science,100,2.3,89.34,14,1,1.84,Graduated
S102294,Student_2294,Female,23,Engineering,500,3.97,57.81,17,7,7.38,Graduated
S102295,Student_2295,Female,27,Engineering,100,3.3,56.45,19,7,5.08,Graduated
S102296,Student_2296,Male,19,Engineering,100,2.25,80.62,5,6,10.98,In Progress
S102297,Student_2297,Male,17,Computer Science,300,1.62,95.69,15,5,10.66,Graduated
S102298,Student_2298,Male,30,Business Admin,100,2.01,55.25,16,7,13.07,In Progress
S102299,Student_2299,Female,22,Business Admin,400,2.26,94.64,17,2,6.59,Graduated
S102300,Student_2300,Male,24,Engineering,100,2.11,75.49,20,4,9.54,In Progress
S102301,Student_2301,Male,22,Engineering,500,2.98,84.28,16,1,7.91,In Progress
S102302,Student_2302,Male,21,Computer Science,400,3.47,66.39,15,2,3.05,Dropped
S102303,Student_2303,Male,27,Education,100,2.94,88.41,14,7,4.25,In Progress
S102304,Student_2304,Male,28,Medicine,400,2.68,98.23,6,2,0.23,In Progress
S102305,Student_2305,Male,24,Law,100,3.24,50.23,8,6,16.31,Graduated
S102306,Student_2306,Female,18,Business Admin,400,2.76,63.13,10,4,3.74,In Progress
S102307,Student_2307,Female,28,Business Admin,200,1.8,91.75,17,5,8.05,Dropped
S102308,Student_2308,Male,17,Computer Science,300,3.14,50.6,7,0,17.72,Graduated
S102309,Student_2309,Male,17,Computer Science,400,3.27,64.78,13,0,7.26,Graduated
S102310,Student_2310,Female,30,Law,500,3.84,49.97,14,4,14.27,In Progress
S102311,Student_2311,Female,20,Law,300,3.64,78.9,8,5,7.89,In Progress
S102312,Student_2312,Male,22,Engineering,300,2.61,54.3,11,0,11.41,In Progress
S102313,Student_2313,Male,29,Law,100,2.85,62.85,20,3,8.64,Graduated
S102314,Student_2314,Male,25,Medicine,400,3.02,69.47,15,5,3.77,In Progress
S102315,Student_2315,Male,17,Medicine,300,3.15,57.83,9,3,19.46,Graduated
S102316,Student_2316,Female,28,Business Admin,500,4.05,80.79,10,5,14.92,Graduated
S102317,Student_2317,Male,17,Medicine,500,2.95,46.67,13,3,8.88,Graduated
S102318,Student_2318,Male,29,Medicine,500,2.64,92.79,20,6,5.31,Graduated
S102319,Student_2319,Male,29,Medicine,100,3.87,68.88,13,0,5.65,Dropped
S102320,Student_2320,Male,21,Engineering,200,3.85,74.37,10,3,8.39,Graduated
S102321,Student_2321,Female,26,Business Admin,400,3.63,77.33,6,3,5.19,Graduated
S102322,Student_2322,Female,21,Computer Science,300,1.88,43.58,13,0,9.85,Graduated
S102323,Student_2323,Female,21,Business Admin,400,3.06,85.42,15,4,16.29,Graduated
S102324,Student_2324,Male,26,Business Admin,300,2.84,96.76,6,5,7.34,In Progress
S102325,Student_2325,Male,22,Business Admin,100,3.31,71.19,6,1,16.68,Graduated
S102326,Student_2326,Female,24,Law,400,2.39,63.45,6,3,4.48,Graduated
S102327,Student_2327,Male,19,Computer Science,100,3.57,87.09,18,5,15.15,In Progress
S102328,Student_2328,Male,25,Law,100,3.25,83.22,11,0,15.54,In Progress
S102329,Student_2329,Female,29,Engineering,400,3.61,79.06,15,1,15.26,Graduated
S102330,Student_2330,Female,17,Engineering,400,2.48,97.92,8,1,12.18,Graduated
S102331,Student_2331,Female,20,Education,300,3.19,74.91,12,5,9.62,In Progress
S102332,Student_2332,Female,25,Education,500,3.55,54.9,12,2,14.64,In Progress
S102333,Student_2333,Male,30,Engineering,100,1.22,41.49,5,1,10.76,In Progress
S102334,Student_2334,Male,24,Engineering,200,3.47,67.21,5,3,10.54,Graduated
S102335,Student_2335,Female,26,Law,300,2.75,79.14,8,4,5.16,Graduated
S102336,Student_2336,Male,25,Engineering,300,2.98,50.33,6,5,5.33,Dropped
S102337,Student_2337,Female,17,Computer Science,500,3.88,41.55,20,3,12.51,Graduated
S102338,Student_2338,Female,25,Law,500,3.76,94.55,17,2,8.22,Graduated
S102339,Student_2339,Male,19,Engineering,100,2.59,58.12,7,1,13.68,In Progress
S102340,Student_2340,Female,27,Law,300,1.82,67.96,14,5,14.77,Graduated
S102341,Student_2341,Male,28,Law,300,2.95,45.46,6,2,3.2,Dropped
S102342,Student_2342,Male,26,Medicine,200,3.74,62.9,14,3,6.4,Graduated
S102343,Student_2343,Male,25,Education,100,3.92,65.43,13,3,6.08,Graduated
S102344,Student_2344,Male,17,Law,100,1.54,94.16,18,7,17.59,Graduated
S102345,Student_2345,Female,17,Business Admin,500,3.42,91.93,10,3,9.31,In Progress
S102346,Student_2346,Male,25,Law,100,3.32,51.34,11,4,11.74,Dropped
S102347,Student_2347,Female,27,Business Admin,200,3.54,73.36,10,3,6.05,Graduated
S102348,Student_2348,Female,30,Medicine,100,3.01,83.87,5,6,10.28,Graduated
S102349,Student_2349,Female,22,Engineering,400,1.76,57.51,18,3,7.15,Graduated
S102350,Student_2350,Female,20,Law,400,2.68,63.67,9,1,0.99,In Progress
S102351,Student_2351,Male,23,Medicine,200,2.36,99.09,7,5,7.01,Graduated
S102352,Student_2352,Male,21,Computer Science,500,2.28,85.58,19,5,11.16,Graduated
S102353,Student_2353,Female,26,Medicine,300,3.55,66.23,14,5,27.03,Dropped
S102354,Student_2354,Female,30,Education,100,2.88,72.04,12,4,3.54,In Progress
S102355,Student_2355,Male,23,Education,500,3.28,77.55,19,5,9.48,In Progress
S102356,Student_2356,Female,24,Engineering,500,3.74,69.93,18,1,11.25,Graduated
S102357,Student_2357,Male,24,Business Admin,100,1.79,64.7,19,2,14.14,In Progress
S102358,Student_2358,Female,17,Engineering,300,4.12,61.56,11,0,8.14,Graduated
S102359,Student_2359,Male,24,Business Admin,100,4.25,50.14,13,7,7.17,Dropped
S102360,Student_2360,Female,22,Business Admin,300,1.76,98.42,16,6,13.74,Graduated
S102361,Student_2361,Female,20,Business Admin,200,3.48,45.48,5,5,13.58,In Progress
S102362,Student_2362,Male,29,Business Admin,300,4.39,76.06,6,1,14.37,In Progress
S102363,Student_2363,Female,30,Education,500,2.02,97.58,6,5,13.4,Graduated
S102364,Student_2364,Female,28,Education,200,2.18,62.5,5,4,2.07,Graduated
S102365,Student_2365,Male,24,Law,400,3.57,55.15,12,1,13.68,In Progress
S102366,Student_2366,Female,19,Education,200,3.32,97.33,16,6,10.76,Graduated
S102367,Student_2367,Male,29,Engineering,300,3.15,88.1,8,6,0.0,Graduated
S102368,Student_2368,Male,20,Education,200,2.82,79.3,11,0,13.03,Graduated
S102369,Student_2369,Female,22,Engineering,200,3.11,76.72,14,1,7.82,In Progress
S102370,Student_2370,Female,27,Computer Science,400,1.24,61.61,19,5,15.1,Graduated
S102371,Student_2371,Female,23,Education,300,2.16,78.48,5,5,8.83,Graduated
S102372,Student_2372,Female,20,Engineering,500,2.92,83.5,12,0,12.89,In Progress
S102373,Student_2373,Female,20,Business Admin,200,1.52,41.9,15,4,12.43,Graduated
S102374,Student_2374,Female,23,Medicine,100,2.9,47.06,12,1,4.66,Graduated
S102375,Student_2375,Female,22,Business Admin,500,2.99,58.91,15,6,16.66,Dropped
S102376,Student_2376,Male,29,Law,200,2.48,59.39,14,4,5.92,In Progress
S102377,Student_2377,Female,27,Engineering,500,2.52,94.03,16,4,5.41,Graduated
S102378,Student_2378,Male,24,Business Admin,100,2.27,81.07,7,2,15.02,In Progress
S102379,Student_2379,Female,17,Education,500,2.66,62.41,13,2,10.89,Graduated
S102380,Student_2380,Female,26,Education,500,3.25,88.55,19,1,20.9,Dropped
S102381,Student_2381,Male,29,Computer Science,100,3.3,59.39,9,1,4.39,Graduated
S102382,Student_2382,Female,27,Medicine,100,3.72,99.45,9,5,13.36,Dropped
S102383,Student_2383,Female,23,Engineering,100,2.89,86.9,16,5,12.21,Graduated
S102384,Student_2384,Male,28,Business Admin,400,3.32,88.5,18,7,16.34,Graduated
S102385,Student_2385,Female,23,Medicine,100,1.98,55.66,9,4,17.28,Graduated
S102386,Student_2386,Female,27,Computer Science,500,3.15,48.7,5,2,13.74,Dropped
S102387,Student_2387,Female,23,Law,100,2.84,63.37,18,7,12.63,In Progress
S102388,Student_2388,Male,23,Medicine,200,3.35,60.05,14,7,10.0,In Progress
S102389,Student_2389,Female,26,Computer Science,100,2.8,86.19,6,7,10.12,In Progress
S102390,Student_2390,Female,30,Engineering,100,2.74,50.46,5,1,14.49,In Progress
S102391,Student_2391,Female,26,Law,300,2.42,71.65,6,6,12.94,Graduated
S102392,Student_2392,Female,24,Education,500,3.71,77.69,13,1,12.93,In Progress
S102393,Student_2393,Male,25,Computer Science,500,2.57,63.11,13,6,9.64,In Progress
S102394,Student_2394,Male,25,Education,200,4.31,52.04,17,1,3.13,In Progress
S102395,Student_2395,Female,18,Law,400,2.08,93.74,18,2,6.85,Graduated
S102396,Student_2396,Female,29,Computer Science,300,3.82,48.33,9,1,7.17,Graduated
S102397,Student_2397,Male,29,Computer Science,200,1.48,58.23,8,4,11.19,Graduated
S102398,Student_2398,Male,23,Law,200,2.88,85.39,17,1,15.52,Graduated
S102399,Student_2399,Female,23,Engineering,500,2.59,76.32,6,6,9.62,Graduated
S102400,Student_2400,Male,20,Computer Science,300,3.31,83.84,10,3,5.66,Graduated
S102401,Student_2401,Female,25,Law,500,3.57,88.53,17,5,1.03,Graduated
S102402,Student_2402,Male,24,Medicine,400,4.35,93.72,13,0,7.82,In Progress
S102403,Student_2403,Male,28,Education,500,2.63,58.27,17,4,5.13,Graduated
S102404,Student_2404,Male,17,Computer Science,100,2.48,68.46,12,1,14.14,Graduated
S102405,Student_2405,Male,18,Medicine,500,3.62,81.3,14,3,13.47,In Progress
S102406,Student_2406,Female,29,Computer Science,100,2.9,87.68,8,2,6.13,Graduated
S102407,Student_2407,Male,29,Engineering,200,2.56,74.67,10,6,11.72,Graduated
S102408,Student_2408,Male,18,Law,400,2.69,70.82,15,6,10.5,In Progress
S102409,Student_2409,Female,28,Computer Science,100,2.5,81.51,18,7,4.9,Graduated
S102410,Student_2410,Male,28,Law,400,1.83,62.92,13,6,11.91,Graduated
S102411,Student_2411,Male,27,Business Admin,500,4.09,93.62,14,7,10.39,Graduated
S102412,Student_2412,Female,24,Computer Science,500,3.34,52.73,14,4,14.14,Graduated
S102413,Student_2413,Male,17,Engineering,200,1.87,93.04,19,4,9.52,Dropped
S102414,Student_2414,Female,20,Engineering,500,4.05,78.62,15,1,17.23,In Progress
S102415,Student_2415,Female,26,Medicine,100,3.12,76.04,8,7,7.12,Graduated
S102416,Student_2416,Female,28,Engineering,200,2.85,68.2,20,2,3.04,In Progress
S102417,Student_2417,Female,21,Law,400,3.37,49.28,13,1,11.05,Graduated
S102418,Student_2418,Male,25,Business Admin,200,2.7,91.9,16,7,16.02,In Progress
S102419,Student_2419,Female,23,Engineering,400,2.08,43.15,12,3,4.47,Graduated
S102420,Student_2420,Male,24,Computer Science,300,2.62,56.2,7,0,8.72,Dropped
S102421,Student_2421,Male,30,Engineering,100,2.95,46.58,13,5,12.94,Graduated
S102422,Student_2422,Male,27,Business Admin,100,2.37,46.41,17,5,0.0,In Progress
S102423,Student_2423,Male,25,Law,400,3.36,63.43,16,2,20.99,Graduated
S102424,Student_2424,Male,29,Computer Science,500,3.9,49.63,9,0,11.38,In Progress
S102425,Student_2425,Male,23,Medicine,500,2.74,74.88,5,3,7.93,Graduated
S102426,Student_2426,Male,21,Medicine,300,1.4,77.63,15,4,14.23,Graduated
S102427,Student_2427,Male,29,Medicine,400,2.88,92.93,12,3,10.2,Dropped
S102428,Student_2428,Male,21,Computer Science,300,2.4,57.98,9,5,7.43,In Progress
S102429,Student_2429,Male,26,Medicine,400,2.85,58.55,20,0,13.89,Graduated
S102430,Student_2430,Female,27,Engineering,300,2.84,54.78,20,2,11.9,Graduated
S102431,Student_2431,Female,22,Computer Science,400,2.4,86.91,9,7,0.38,In Progress
S102432,Student_2432,Female,21,Computer Science,100,2.04,65.68,6,1,8.2,Graduated
S102433,Student_2433,Male,29,Computer Science,300,3.01,73.15,13,0,7.29,Graduated
S102434,Student_2434,Female,28,Education,300,2.46,62.48,10,2,8.26,In Progress
S102435,Student_2435,Female,27,Law,400,4.22,49.41,15,0,11.61,In Progress
S102436,Student_2436,Female,25,Education,200,3.17,46.15,20,7,0.0,Graduated
S102437,Student_2437,Male,19,Education,200,2.49,92.1,14,6,14.84,Graduated
S102438,Student_2438,Male,19,Education,100,2.67,55.93,16,7,7.25,In Progress
S102439,Student_2439,Male,23,Law,500,2.89,96.5,7,5,13.83,Graduated
S102440,Student_2440,Male,23,Education,500,3.07,96.84,11,6,7.2,Dropped
S102441,Student_2441,Female,22,Medicine,100,3.43,68.74,6,4,8.41,Graduated
S102442,Student_2442,Female,19,Computer Science,500,3.8,97.52,11,5,19.42,Graduated
S102443,Student_2443,Female,30,Computer Science,400,2.95,41.71,16,4,4.82,Graduated
S102444,Student_2444,Female,29,Engineering,200,3.32,45.5,19,1,7.4,In Progress
S102445,Student_2445,Male,23,Business Admin,100,3.3,54.6,15,4,6.72,In Progress
S102446,Student_2446,Male,21,Medicine,400,3.07,52.55,6,7,18.05,Graduated
S102447,Student_2447,Male,23,Law,100,2.85,55.16,15,3,3.4,Graduated
S102448,Student_2448,Female,18,Business Admin,200,3.1,67.14,9,5,14.34,Dropped
S102449,Student_2449,Male,22,Computer Science,500,2.54,43.78,20,5,1.9,Graduated
S102450,Student_2450,Male,30,Education,400,2.21,73.32,14,6,3.64,In Progress
S102451,Student_2451,Female,24,Engineering,200,4.01,58.57,17,5,6.04,Dropped
S102452,Student_2452,Female,17,Engineering,100,3.15,44.29,14,1,8.31,Graduated
S102453,Student_2453,Male,20,Computer Science,300,3.19,85.19,17,6,15.12,Graduated
S102454,Student_2454,Male,27,Medicine,400,2.85,79.21,19,5,8.8,In Progress
S102455,Student_2455,Male,17,Business Admin,100,3.35,87.61,13,0,12.57,Graduated
S102456,Student_2456,Male,30,Engineering,100,2.87,96.35,17,7,6.72,Graduated
S102457,Student_2457,Male,17,Computer Science,200,1.94,75.15,13,6,10.32,In Progress
S102458,Student_2458,Male,26,Medicine,100,2.63,87.2,20,6,15.18,In Progress
S102459,Student_2459,Female,28,Computer Science,400,3.42,51.95,10,5,13.16,Graduated
S102460,Student_2460,Female,30,Computer Science,400,2.58,64.62,7,3,12.8,In Progress
S102461,Student_2461,Female,30,Medicine,100,1.72,71.8,19,2,0.73,In Progress
S102462,Student_2462,Male,27,Medicine,200,2.79,72.47,16,0,6.91,Graduated
S102463,Student_2463,Female,24,Medicine,400,1.79,83.1,8,5,10.64,Graduated
S102464,Student_2464,Male,23,Computer Science,300,2.78,87.76,8,7,8.93,Graduated
S102465,Student_2465,Male,28,Engineering,500,3.83,80.01,13,5,7.38,Dropped
S102466,Student_2466,Female,26,Law,200,2.11,42.83,8,5,5.67,Dropped
S102467,Student_2467,Male,29,Law,200,3.45,61.07,8,4,14.93,Graduated
S102468,Student_2468,Male,17,Computer Science,500,4.2,74.35,9,0,11.7,Graduated
S102469,Student_2469,Female,27,Computer Science,500,3.89,70.47,10,4,14.37,Graduated
S102470,Student_2470,Female,30,Engineering,400,2.84,42.69,12,6,21.85,Graduated
S102471,Student_2471,Female,29,Medicine,100,2.36,98.84,16,3,0.69,In Progress
S102472,Student_2472,Male,18,Computer Science,100,3.12,97.37,5,6,11.31,Graduated
S102473,Student_2473,Female,20,Education,300,3.13,86.43,9,5,8.82,In Progress
S102474,Student_2474,Female,17,Medicine,100,3.65,43.32,13,3,15.89,In Progress
S102475,Student_2475,Male,19,Computer Science,300,3.04,65.81,14,3,14.96,Graduated
S102476,Student_2476,Female,24,Education,300,3.28,64.59,8,5,9.27,In Progress
S102477,Student_2477,Female,24,Business Admin,200,2.36,73.48,12,1,10.67,Graduated
S102478,Student_2478,Female,24,Engineering,200,3.52,43.36,13,6,15.11,Graduated
S102479,Student_2479,Male,22,Education,400,2.11,65.42,5,4,13.61,Dropped
S102480,Student_2480,Male,22,Computer Science,500,2.56,85.47,12,0,19.13,In Progress
S102481,Student_2481,Male,21,Law,500,3.42,99.88,12,5,11.35,Dropped
S102482,Student_2482,Male,29,Computer Science,300,3.9,75.73,20,0,8.34,In Progress
S102483,Student_2483,Female,25,Law,500,3.48,96.44,9,7,5.65,Graduated
S102484,Student_2484,Male,20,Engineering,300,2.98,99.91,14,6,11.04,Graduated
S102485,Student_2485,Male,26,Engineering,500,2.98,66.09,6,0,5.33,Graduated
S102486,Student_2486,Female,28,Medicine,400,2.36,80.12,16,1,10.59,Graduated
S102487,Student_2487,Female,28,Medicine,200,2.74,52.79,11,1,18.67,Dropped
S102488,Student_2488,Female,28,Law,200,1.66,68.54,18,4,14.87,Graduated
S102489,Student_2489,Male,23,Law,300,4.16,44.7,15,1,3.14,Graduated
S102490,Student_2490,Male,17,Engineering,500,4.55,41.75,15,5,0.85,Graduated
S102491,Student_2491,Male,25,Education,100,1.64,93.58,20,3,1.47,Graduated
S102492,Student_2492,Female,23,Law,400,2.0,91.5,9,6,7.03,In Progress
S102493,Student_2493,Female,26,Law,500,3.95,58.72,19,6,8.36,Graduated
S102494,Student_2494,Male,28,Education,100,2.45,67.42,16,0,15.6,Graduated
S102495,Student_2495,Female,25,Medicine,400,3.97,69.62,9,7,14.03,In Progress
S102496,Student_2496,Female,23,Medicine,400,3.53,71.24,10,3,12.86,In Progress
S102497,Student_2497,Female,18,Law,200,2.78,48.07,16,7,6.97,Graduated
S102498,Student_2498,Male,22,Medicine,300,3.66,86.5,14,7,7.18,In Progress
S102499,Student_2499,Female,26,Medicine,500,2.97,60.87,12,1,6.64,In Progress
S102500,Student_2500,Female,28,Business Admin,400,2.96,41.9,15,0,17.01,Graduated
S102501,Student_2501,Male,27,Medicine,500,3.37,80.59,5,6,6.9,Graduated
S102502,Student_2502,Male,20,Engineering,400,3.55,89.79,7,2,2.65,Graduated
S102503,Student_2503,Female,19,Computer Science,200,3.7,95.09,16,3,9.14,Graduated
S102504,Student_2504,Female,18,Law,300,4.65,80.46,20,2,17.79,Graduated
S102505,Student_2505,Male,22,Law,100,3.26,51.48,11,4,9.66,Graduated
S102506,Student_2506,Male,24,Engineering,100,3.91,75.39,20,6,9.7,In Progress
S102507,Student_2507,Female,22,Computer Science,200,3.89,94.71,18,5,3.37,In Progress
S102508,Student_2508,Female,25,Computer Science,400,3.48,61.03,15,3,12.71,In Progress
S102509,Student_2509,Female,30,Engineering,200,2.63,97.2,13,6,14.97,Graduated
S102510,Student_2510,Female,21,Education,300,3.77,45.86,14,0,9.11,Graduated
S102511,Student_2511,Male,18,Education,100,3.31,83.68,6,6,13.73,In Progress
S102512,Student_2512,Female,24,Computer Science,500,2.1,47.19,8,0,0.0,Dropped
S102513,Student_2513,Female,25,Education,100,3.71,87.93,15,5,18.01,Graduated
S102514,Student_2514,Male,30,Education,300,1.86,45.86,8,2,10.56,Graduated
S102515,Student_2515,Female,26,Education,400,3.45,59.54,15,7,6.53,In Progress
S102516,Student_2516,Male,20,Computer Science,200,2.61,86.61,11,0,7.99,In Progress
S102517,Student_2517,Female,22,Education,100,3.11,67.61,9,5,20.87,Graduated
S102518,Student_2518,Female,27,Law,100,2.02,92.96,16,3,11.11,Graduated
S102519,Student_2519,Male,26,Business Admin,500,2.49,64.1,15,1,11.88,Graduated
S102520,Student_2520,Male,24,Computer Science,200,2.63,99.7,9,6,10.25,In Progress
S102521,Student_2521,Female,25,Engineering,500,2.89,41.12,11,1,7.25,In Progress
S102522,Student_2522,Female,28,Education,500,2.58,81.76,16,5,2.71,Graduated
S102523,Student_2523,Female,21,Medicine,400,3.24,94.95,19,0,13.77,Graduated
S102524,Student_2524,Male,28,Computer Science,100,3.33,72.16,6,4,8.25,Graduated
S102525,Student_2525,Female,22,Engineering,200,2.69,99.31,12,3,9.52,Graduated
S102526,Student_2526,Male,27,Business Admin,400,3.03,82.48,10,7,15.35,Graduated
S102527,Student_2527,Male,20,Law,400,3.37,65.77,9,4,13.78,In Progress
S102528,Student_2528,Female,21,Engineering,400,1.43,70.92,19,2,7.81,Graduated
S102529,Student_2529,Male,23,Education,300,3.31,92.65,16,5,12.54,Graduated
S102530,Student_2530,Female,25,Medicine,300,2.55,97.46,5,6,13.69,Graduated
S102531,Student_2531,Female,26,Education,400,1.14,73.35,18,6,6.29,Graduated
S102532,Student_2532,Female,27,Engineering,300,2.73,58.43,6,7,7.92,In Progress
S102533,Student_2533,Female,29,Computer Science,200,2.29,54.36,10,0,11.53,Graduated
S102534,Student_2534,Female,22,Medicine,100,2.67,68.62,10,5,13.81,Graduated
S102535,Student_2535,Male,30,Medicine,200,3.33,57.78,17,6,12.02,Dropped
S102536,Student_2536,Male,22,Engineering,100,3.6,65.25,15,2,11.99,In Progress
S102537,Student_2537,Female,24,Business Admin,300,3.9,90.07,13,6,7.89,Graduated
S102538,Student_2538,Female,27,Business Admin,200,3.95,68.32,15,6,5.45,In Progress
S102539,Student_2539,Male,20,Education,500,2.27,78.45,20,4,12.51,Graduated
S102540,Student_2540,Male,19,Engineering,400,3.85,45.41,10,6,6.58,Graduated
S102541,Student_2541,Male,30,Medicine,100,2.14,85.73,5,3,7.72,In Progress
S102542,Student_2542,Male,23,Engineering,100,3.74,68.97,16,4,0.93,Graduated
S102543,Student_2543,Female,21,Medicine,500,3.4,61.66,11,1,7.07,Graduated
S102544,Student_2544,Female,18,Education,500,3.12,76.66,20,6,7.91,Dropped
S102545,Student_2545,Male,18,Computer Science,400,2.38,46.12,16,4,5.1,Graduated
S102546,Student_2546,Female,27,Computer Science,300,3.84,64.84,7,4,5.51,In Progress
S102547,Student_2547,Male,22,Engineering,200,2.29,88.66,12,6,10.43,Graduated
S102548,Student_2548,Female,24,Medicine,200,2.98,55.72,10,4,12.68,In Progress
S102549,Student_2549,Male,17,Computer Science,200,3.05,94.85,7,6,12.76,Dropped
S102550,Student_2550,Female,27,Medicine,300,1.81,76.22,7,7,13.16,Graduated
S102551,Student_2551,Male,22,Education,400,3.1,72.45,17,7,15.04,Graduated
S102552,Student_2552,Male,28,Engineering,200,2.23,63.97,12,4,16.23,In Progress
S102553,Student_2553,Female,18,Medicine,100,4.01,84.52,10,3,9.16,Graduated
S102554,Student_2554,Male,18,Engineering,100,4.89,73.87,6,0,7.71,Graduated
S102555,Student_2555,Female,23,Medicine,100,2.49,87.79,7,3,13.75,Graduated
S102556,Student_2556,Female,26,Business Admin,500,2.72,59.9,16,5,2.81,Graduated
S102557,Student_2557,Male,17,Business Admin,500,3.12,82.12,19,2,9.54,Graduated
S102558,Student_2558,Female,22,Medicine,300,1.56,96.61,10,1,5.77,In Progress
S102559,Student_2559,Female,30,Education,200,4.15,56.8,18,0,6.04,Graduated
S102560,Student_2560,Female,23,Engineering,500,2.78,98.86,18,6,7.32,Graduated
S102561,Student_2561,Female,30,Law,100,2.72,64.63,11,5,13.52,In Progress
S102562,Student_2562,Female,24,Medicine,500,3.48,42.31,8,6,20.72,Dropped
S102563,Student_2563,Male,23,Medicine,100,3.06,61.46,12,7,13.87,Graduated
S102564,Student_2564,Female,22,Business Admin,200,3.12,48.98,7,6,0.72,Graduated
S102565,Student_2565,Female,25,Computer Science,300,3.59,58.26,18,5,8.91,Graduated
S102566,Student_2566,Female,29,Business Admin,400,2.91,45.76,20,1,6.77,Graduated
S102567,Student_2567,Female,19,Engineering,400,2.21,50.69,10,1,4.87,In Progress
S102568,Student_2568,Female,27,Business Admin,100,3.86,47.6,11,0,9.1,Dropped
S102569,Student_2569,Male,22,Law,500,2.59,42.61,20,5,6.38,Graduated
S102570,Student_2570,Female,20,Education,500,2.63,57.77,12,5,5.95,In Progress
S102571,Student_2571,Male,18,Law,100,3.16,96.46,15,0,13.43,Graduated
S102572,Student_2572,Male,17,Education,200,2.09,96.96,19,7,10.93,Graduated
S102573,Student_2573,Male,28,Law,100,3.17,90.8,8,5,18.13,Graduated
S102574,Student_2574,Male,28,Business Admin,200,3.66,40.73,9,2,3.88,Dropped
S102575,Student_2575,Female,30,Law,300,4.11,41.69,10,7,2.75,Dropped
S102576,Student_2576,Male,17,Business Admin,300,3.52,40.62,5,3,8.38,In Progress
S102577,Student_2577,Male,27,Business Admin,100,3.75,62.0,16,6,7.52,Graduated
S102578,Student_2578,Female,26,Engineering,300,2.55,98.82,13,6,13.27,Graduated
S102579,Student_2579,Female,19,Business Admin,500,3.58,93.81,7,0,12.08,Graduated
S102580,Student_2580,Female,20,Computer Science,200,2.87,55.03,6,5,12.94,In Progress
S102581,Student_2581,Male,18,Law,400,3.81,64.61,15,2,2.23,Graduated
S102582,Student_2582,Female,29,Medicine,400,3.07,89.47,11,4,8.7,Graduated
S102583,Student_2583,Female,28,Medicine,300,3.75,85.52,15,0,0.53,Graduated
S102584,Student_2584,Male,27,Medicine,200,3.11,47.96,15,3,15.31,In Progress
S102585,Student_2585,Female,27,Computer Science,500,2.46,46.47,18,4,5.83,Graduated
S102586,Student_2586,Female,30,Business Admin,400,3.03,72.62,8,4,9.85,Graduated
S102587,Student_2587,Female,27,Law,500,2.77,46.13,8,4,2.6,In Progress
S102588,Student_2588,Female,17,Education,500,3.91,89.5,14,7,5.92,In Progress
S102589,Student_2589,Male,20,Education,400,2.05,55.2,19,6,8.44,Graduated
S102590,Student_2590,Female,23,Engineering,400,1.83,51.3,13,4,9.44,Graduated
S102591,Student_2591,Female,26,Computer Science,300,3.2,51.14,20,1,10.45,Graduated
S102592,Student_2592,Male,27,Law,200,2.77,42.71,11,3,13.52,Graduated
S102593,Student_2593,Female,22,Business Admin,100,2.2,78.51,13,2,15.2,Dropped
S102594,Student_2594,Male,22,Medicine,200,2.98,49.87,5,0,13.32,Graduated
S102595,Student_2595,Female,27,Computer Science,100,3.19,54.0,7,7,10.59,Graduated
S102596,Student_2596,Male,25,Computer Science,400,3.86,85.08,14,2,6.83,Graduated
S102597,Student_2597,Male,30,Law,500,1.7,43.45,15,6,8.62,Graduated
S102598,Student_2598,Male,18,Business Admin,200,3.13,52.16,14,1,9.79,Graduated
S102599,Student_2599,Male,20,Engineering,500,4.15,48.96,17,4,11.72,Graduated
S102600,Student_2600,Female,21,Business Admin,200,4.12,40.29,16,5,5.76,Dropped
S102601,Student_2601,Male,17,Engineering,200,3.06,72.36,18,7,9.31,Graduated
S102602,Student_2602,Female,24,Engineering,500,2.59,51.4,10,0,14.35,In Progress
S102603,Student_2603,Male,24,Medicine,300,2.81,77.97,18,3,14.81,In Progress
S102604,Student_2604,Male,22,Medicine,400,2.31,70.11,20,7,7.92,In Progress
S102605,Student_2605,Male,28,Law,300,2.69,80.07,15,0,7.23,Graduated
S102606,Student_2606,Female,21,Business Admin,300,3.05,98.89,17,6,10.59,Graduated
S102607,Student_2607,Male,24,Engineering,200,3.33,53.19,5,7,9.65,In Progress
S102608,Student_2608,Female,19,Law,400,3.6,79.95,18,7,0.91,Graduated
S102609,Student_2609,Female,19,Engineering,200,2.92,90.02,9,0,18.67,In Progress
S102610,Student_2610,Female,18,Computer Science,100,2.87,97.44,18,2,6.65,Graduated
S102611,Student_2611,Female,21,Education,200,3.61,77.34,8,5,7.64,Graduated
S102612,Student_2612,Female,19,Education,500,2.76,47.85,18,4,3.72,Graduated
S102613,Student_2613,Female,19,Engineering,200,3.49,43.23,8,3,15.07,In Progress
S102614,Student_2614,Female,22,Law,100,1.84,56.71,18,0,6.54,Graduated
S102615,Student_2615,Female,24,Medicine,200,3.33,95.69,18,1,12.07,Graduated
S102616,Student_2616,Female,18,Business Admin,100,4.48,72.22,16,1,13.15,Graduated
S102617,Student_2617,Male,20,Engineering,400,2.35,74.76,11,7,6.81,In Progress
S102618,Student_2618,Male,27,Engineering,200,4.0,76.64,20,6,6.18,In Progress
S102619,Student_2619,Male,23,Business Admin,100,3.49,59.93,18,5,11.27,Graduated
S102620,Student_2620,Male,17,Medicine,400,3.61,50.9,9,4,0.03,In Progress
S102621,Student_2621,Male,17,Engineering,500,3.47,97.25,11,6,13.34,Graduated
S102622,Student_2622,Female,28,Computer Science,300,2.56,85.32,5,5,8.72,Graduated
S102623,Student_2623,Female,29,Medicine,100,2.09,70.66,15,0,6.34,Graduated
S102624,Student_2624,Female,26,Computer Science,500,3.33,62.6,18,4,7.24,Dropped
S102625,Student_2625,Female,23,Education,400,2.91,68.97,19,7,8.84,Graduated
S102626,Student_2626,Female,30,Business Admin,500,2.03,42.02,13,7,7.93,In Progress
S102627,Student_2627,Female,23,Medicine,200,2.68,54.85,12,0,16.94,In Progress
S102628,Student_2628,Female,17,Medicine,300,2.26,55.04,11,3,4.25,Graduated
S102629,Student_2629,Male,17,Law,100,4.34,66.72,19,7,5.25,In Progress
S102630,Student_2630,Male,20,Law,400,3.59,54.18,14,1,10.12,In Progress
S102631,Student_2631,Male,21,Business Admin,300,2.32,51.13,6,6,15.6,Dropped
S102632,Student_2632,Male,21,Medicine,400,3.35,85.93,15,5,8.11,Graduated
S102633,Student_2633,Female,20,Education,500,2.19,93.61,10,2,5.26,In Progress
S102634,Student_2634,Female,24,Engineering,400,1.73,44.03,18,5,10.39,Graduated
S102635,Student_2635,Female,23,Business Admin,400,2.51,52.58,8,4,13.35,In Progress
S102636,Student_2636,Male,25,Business Admin,500,2.89,86.42,7,3,13.07,Graduated
S102637,Student_2637,Female,23,Law,500,3.27,88.95,17,1,3.31,Graduated
S102638,Student_2638,Female,26,Education,300,3.61,70.01,12,6,13.07,Graduated
S102639,Student_2639,Female,17,Business Admin,100,2.75,81.69,18,3,7.77,Graduated
S102640,Student_2640,Male,29,Education,500,3.47,44.66,8,7,2.77,Graduated
S102641,Student_2641,Female,30,Business Admin,300,1.88,90.97,7,5,14.7,In Progress
S102642,Student_2642,Male,23,Law,400,4.03,89.96,15,7,1.95,Graduated
S102643,Student_2643,Male,17,Engineering,400,1.91,81.6,19,6,3.16,Graduated
S102644,Student_2644,Male,23,Law,200,2.65,94.98,9,5,15.1,Graduated
S102645,Student_2645,Male,26,Business Admin,500,2.51,42.86,17,2,2.71,Graduated
S102646,Student_2646,Female,24,Education,300,1.99,53.86,13,0,6.77,Graduated
S102647,Student_2647,Male,27,Computer Science,300,3.23,61.75,14,0,5.37,In Progress
S102648,Student_2648,Male,25,Law,100,4.19,49.52,7,3,8.91,Graduated
S102649,Student_2649,Female,28,Education,300,1.73,88.89,19,3,6.36,Graduated
S102650,Student_2650,Female,19,Law,500,1.4,85.43,13,6,4.91,Graduated
S102651,Student_2651,Male,20,Business Admin,300,2.39,86.4,8,4,12.2,Graduated
S102652,Student_2652,Female,20,Education,200,2.84,57.48,16,6,13.2,In Progress
S102653,Student_2653,Male,28,Engineering,400,3.54,85.76,14,3,5.64,In Progress
S102654,Student_2654,Male,25,Education,400,2.66,47.38,8,6,11.81,Graduated
S102655,Student_2655,Male,29,Medicine,300,1.71,46.41,6,7,22.63,Graduated
S102656,Student_2656,Male,23,Computer Science,300,3.9,75.04,16,0,9.89,Dropped
S102657,Student_2657,Female,19,Business Admin,300,2.36,42.92,12,5,9.98,Graduated
S102658,Student_2658,Male,26,Education,300,3.44,96.32,8,6,9.57,Graduated
S102659,Student_2659,Female,21,Business Admin,200,2.2,59.73,7,3,10.2,Graduated
S102660,Student_2660,Female,23,Law,500,2.87,68.62,17,1,9.72,Graduated
S102661,Student_2661,Female,24,Law,200,3.25,88.79,7,1,1.0,In Progress
S102662,Student_2662,Female,17,Education,200,2.4,64.0,5,0,11.47,Graduated
S102663,Student_2663,Male,28,Medicine,200,3.3,65.84,12,3,6.71,Graduated
S102664,Student_2664,Female,18,Education,400,2.75,60.88,17,6,4.54,Graduated
S102665,Student_2665,Male,23,Engineering,200,2.68,61.1,15,5,2.95,Graduated
S102666,Student_2666,Female,27,Medicine,300,4.06,68.08,9,3,4.28,In Progress
S102667,Student_2667,Female,29,Business Admin,200,3.25,96.76,9,3,18.34,Graduated
S102668,Student_2668,Male,30,Education,300,3.34,96.16,17,1,6.92,Dropped
S102669,Student_2669,Male,29,Business Admin,500,3.52,72.71,8,0,7.38,In Progress
S102670,Student_2670,Male,18,Computer Science,400,3.4,67.36,17,7,14.7,Graduated
S102671,Student_2671,Female,23,Medicine,500,3.25,88.49,20,4,14.2,Graduated
S102672,Student_2672,Female,25,Education,500,3.87,80.86,16,5,7.0,Graduated
S102673,Student_2673,Male,27,Computer Science,400,2.34,92.89,18,1,4.95,Dropped
S102674,Student_2674,Male,18,Education,300,3.1,83.84,9,0,17.43,Graduated
S102675,Student_2675,Male,23,Engineering,300,2.78,97.14,16,0,12.47,Graduated
S102676,Student_2676,Male,20,Law,300,3.1,93.17,9,4,6.95,In Progress
S102677,Student_2677,Female,27,Business Admin,400,2.51,91.31,13,2,17.25,Dropped
S102678,Student_2678,Male,29,Education,200,1.86,63.49,15,4,7.92,In Progress
S102679,Student_2679,Male,18,Medicine,100,3.56,63.17,10,4,6.38,In Progress
S102680,Student_2680,Male,29,Education,200,4.69,84.47,17,0,4.55,In Progress
S102681,Student_2681,Male,23,Education,200,3.75,45.02,13,2,3.34,Graduated
S102682,Student_2682,Female,29,Education,500,3.61,59.33,12,7,10.77,Graduated
S102683,Student_2683,Male,21,Education,100,3.18,95.93,20,2,0.0,In Progress
S102684,Student_2684,Female,17,Medicine,300,2.89,67.01,7,3,3.74,Graduated
S102685,Student_2685,Male,21,Medicine,200,2.93,56.19,6,4,9.69,In Progress
S102686,Student_2686,Male,28,Education,400,2.92,68.59,10,4,15.82,In Progress
S102687,Student_2687,Female,28,Law,200,2.55,57.32,18,2,12.98,Graduated
S102688,Student_2688,Male,19,Education,300,1.84,86.1,17,2,16.16,Graduated
S102689,Student_2689,Female,23,Business Admin,200,3.14,91.04,6,5,9.3,Graduated
S102690,Student_2690,Female,22,Business Admin,500,2.8,86.96,7,6,20.21,Graduated
S102691,Student_2691,Male,24,Medicine,500,3.8,48.94,7,2,1.67,Graduated
S102692,Student_2692,Female,29,Business Admin,200,3.52,60.16,17,0,6.19,Graduated
S102693,Student_2693,Female,21,Business Admin,500,1.58,52.84,5,0,14.06,In Progress
S102694,Student_2694,Female,18,Engineering,400,4.2,42.57,9,0,10.73,Graduated
S102695,Student_2695,Female,25,Education,100,2.64,84.35,12,6,5.66,In Progress
S102696,Student_2696,Female,30,Education,200,2.75,65.7,13,5,11.4,In Progress
S102697,Student_2697,Female,27,Education,400,1.83,56.6,11,4,6.9,Graduated
S102698,Student_2698,Female,24,Education,400,3.19,58.45,9,5,7.66,Graduated
S102699,Student_2699,Female,22,Computer Science,400,3.29,48.1,12,5,19.42,Graduated
S102700,Student_2700,Male,29,Education,300,4.2,89.61,13,2,15.03,In Progress
S102701,Student_2701,Male,26,Medicine,200,3.6,48.64,20,6,13.12,In Progress
S102702,Student_2702,Female,23,Medicine,200,2.65,60.3,20,0,12.78,Dropped
S102703,Student_2703,Male,25,Computer Science,200,1.76,40.44,16,3,4.38,Dropped
S102704,Student_2704,Female,23,Education,100,2.6,66.18,13,2,5.17,Graduated
S102705,Student_2705,Female,19,Law,400,3.73,61.29,13,5,13.04,Graduated
S102706,Student_2706,Male,22,Education,200,2.72,83.15,15,6,14.72,In Progress
S102707,Student_2707,Female,27,Medicine,500,2.23,82.92,6,2,14.87,In Progress
S102708,Student_2708,Female,29,Engineering,300,3.12,42.32,17,5,7.64,In Progress
S102709,Student_2709,Female,27,Business Admin,100,2.77,46.95,7,6,5.56,In Progress
S102710,Student_2710,Female,23,Engineering,300,2.68,94.28,6,2,12.11,Graduated
S102711,Student_2711,Male,18,Law,400,2.48,87.51,15,0,2.74,Graduated
S102712,Student_2712,Female,19,Education,500,3.08,63.37,18,1,7.63,Graduated
S102713,Student_2713,Female,20,Computer Science,400,3.72,49.98,15,3,15.65,Graduated
S102714,Student_2714,Female,26,Education,200,3.36,55.65,9,3,7.15,Graduated
S102715,Student_2715,Male,22,Law,300,1.65,79.48,18,7,13.6,Graduated
S102716,Student_2716,Female,17,Law,500,4.09,96.73,16,6,0.0,Graduated
S102717,Student_2717,Male,25,Business Admin,300,3.53,76.94,7,1,8.91,Graduated
S102718,Student_2718,Male,21,Law,100,3.21,41.59,17,3,4.33,Graduated
S102719,Student_2719,Female,29,Engineering,500,3.3,79.04,13,6,0.15,Graduated
S102720,Student_2720,Female,28,Business Admin,100,3.41,96.69,6,7,6.51,Graduated
S102721,Student_2721,Male,30,Education,500,3.27,61.52,19,0,9.41,In Progress
S102722,Student_2722,Female,23,Education,200,2.33,96.01,9,6,8.2,Dropped
S102723,Student_2723,Male,25,Computer Science,300,3.36,80.24,16,7,10.69,In Progress
S102724,Student_2724,Male,25,Law,300,3.11,51.39,19,2,12.5,Graduated
S102725,Student_2725,Female,17,Law,400,3.29,48.72,9,1,11.82,In Progress
S102726,Student_2726,Female,17,Medicine,500,2.55,50.58,9,2,9.71,In Progress
S102727,Student_2727,Male,19,Business Admin,500,3.76,81.95,20,5,11.61,Graduated
S102728,Student_2728,Male,22,Medicine,100,2.61,75.37,5,3,2.75,In Progress
S102729,Student_2729,Male,18,Business Admin,500,2.97,67.33,14,4,3.6,Graduated
S102730,Student_2730,Male,26,Engineering,300,2.64,55.8,11,3,4.45,Graduated
S102731,Student_2731,Female,28,Business Admin,500,2.3,94.43,18,3,10.06,Graduated
S102732,Student_2732,Female,27,Education,400,3.5,52.82,6,1,14.15,In Progress
S102733,Student_2733,Female,17,Computer Science,400,2.65,57.02,16,7,18.25,Graduated
S102734,Student_2734,Female,17,Business Admin,300,3.1,43.3,18,2,12.06,Dropped
S102735,Student_2735,Female,29,Business Admin,300,2.03,56.52,18,1,1.83,Graduated
S102736,Student_2736,Male,21,Business Admin,300,1.73,95.37,6,0,11.58,Graduated
S102737,Student_2737,Female,20,Computer Science,500,4.21,51.26,13,2,13.89,Graduated
S102738,Student_2738,Female,17,Law,500,4.11,52.24,16,0,7.37,Graduated
S102739,Student_2739,Female,20,Computer Science,200,2.58,76.0,5,7,8.41,Graduated
S102740,Student_2740,Female,19,Law,100,3.32,74.02,13,0,14.54,Graduated
S102741,Student_2741,Female,18,Education,500,2.69,50.56,10,7,9.23,Graduated
S102742,Student_2742,Male,25,Computer Science,200,3.47,49.26,9,6,10.5,Graduated
S102743,Student_2743,Male,30,Law,200,2.24,47.02,9,6,8.16,Graduated
S102744,Student_2744,Male,27,Education,400,2.18,91.67,9,1,15.54,Graduated
S102745,Student_2745,Female,17,Education,500,3.02,79.27,10,6,2.43,Dropped
S102746,Student_2746,Male,23,Law,200,3.27,97.21,11,3,8.67,Graduated
S102747,Student_2747,Male,30,Law,400,2.51,49.95,15,5,7.59,Graduated
S102748,Student_2748,Female,29,Engineering,100,2.09,67.64,13,7,7.12,Graduated
S102749,Student_2749,Female,20,Education,400,3.88,84.58,6,4,4.2,Graduated
S102750,Student_2750,Female,21,Law,100,2.67,52.81,8,5,16.6,Graduated
S102751,Student_2751,Male,26,Education,300,2.68,81.08,15,3,8.19,Graduated
S102752,Student_2752,Male,21,Computer Science,300,3.86,68.43,9,3,6.39,Graduated
S102753,Student_2753,Female,17,Medicine,400,4.57,65.85,10,2,13.97,Graduated
S102754,Student_2754,Female,22,Medicine,300,3.23,78.7,11,1,9.96,Graduated
S102755,Student_2755,Male,29,Business Admin,500,3.62,68.06,7,7,1.37,Graduated
S102756,Student_2756,Male,25,Law,400,2.2,89.2,18,2,0.36,In Progress
S102757,Student_2757,Female,18,Law,200,3.51,95.83,7,4,9.29,In Progress
S102758,Student_2758,Female,23,Education,500,3.6,75.33,13,1,12.66,Dropped
S102759,Student_2759,Male,22,Business Admin,400,2.33,58.04,13,5,9.53,Graduated
S102760,Student_2760,Female,21,Law,100,2.63,86.63,18,5,2.85,Graduated
S102761,Student_2761,Male,20,Education,300,3.86,50.23,6,5,14.65,Dropped
S102762,Student_2762,Male,20,Law,300,2.81,45.7,8,3,6.03,In Progress
S102763,Student_2763,Male,22,Education,300,4.0,71.12,8,0,20.66,In Progress
S102764,Student_2764,Male,20,Law,400,3.01,78.8,9,6,9.18,Graduated
S102765,Student_2765,Female,21,Engineering,500,2.98,90.1,6,3,12.47,Graduated
S102766,Student_2766,Female,29,Education,100,3.68,97.31,20,3,15.58,In Progress
S102767,Student_2767,Male,22,Engineering,300,4.44,92.4,16,1,11.35,Graduated
S102768,Student_2768,Male,21,Engineering,500,3.46,99.32,19,3,9.7,Graduated
S102769,Student_2769,Male,23,Engineering,200,3.12,68.54,15,4,13.66,Graduated
S102770,Student_2770,Male,25,Engineering,200,3.89,58.99,20,7,8.49,In Progress
S102771,Student_2771,Male,26,Computer Science,100,3.94,67.58,15,7,10.99,Graduated
S102772,Student_2772,Female,23,Business Admin,300,3.37,78.65,8,6,9.06,In Progress
S102773,Student_2773,Female,23,Medicine,200,3.26,70.44,15,3,10.18,Dropped
S102774,Student_2774,Female,20,Computer Science,500,3.49,78.05,18,0,14.17,Graduated
S102775,Student_2775,Female,17,Law,500,2.0,93.2,7,1,3.95,Graduated
S102776,Student_2776,Male,30,Law,200,2.27,49.95,18,5,7.69,Graduated
S102777,Student_2777,Male,24,Business Admin,300,3.17,47.22,17,4,7.47,Graduated
S102778,Student_2778,Male,20,Medicine,100,2.46,69.91,15,5,14.9,Graduated
S102779,Student_2779,Male,17,Medicine,300,3.03,98.91,10,1,9.34,In Progress
S102780,Student_2780,Male,21,Medicine,400,3.14,43.54,8,7,5.36,Dropped
S102781,Student_2781,Female,30,Engineering,200,2.31,99.19,5,0,0.13,Dropped
S102782,Student_2782,Male,30,Computer Science,400,3.42,98.06,7,2,15.71,Graduated
S102783,Student_2783,Female,24,Law,200,1.67,57.56,12,7,9.92,Graduated
S102784,Student_2784,Female,20,Computer Science,100,2.77,93.46,16,4,9.02,Graduated
S102785,Student_2785,Female,29,Computer Science,300,1.93,40.47,7,7,9.55,In Progress
S102786,Student_2786,Female,28,Computer Science,300,2.77,67.24,11,0,15.57,Graduated
S102787,Student_2787,Male,24,Medicine,200,3.67,64.13,6,5,12.18,Graduated
S102788,Student_2788,Female,24,Business Admin,500,2.48,94.16,18,2,0.57,Graduated
S102789,Student_2789,Female,19,Business Admin,400,1.58,68.34,9,7,12.96,Graduated
S102790,Student_2790,Female,25,Medicine,300,2.84,65.08,11,5,1.09,Graduated
S102791,Student_2791,Male,19,Law,300,2.42,78.38,5,0,13.57,In Progress
S102792,Student_2792,Male,17,Law,200,3.0,62.55,18,7,7.69,In Progress
S102793,Student_2793,Male,18,Law,500,2.84,72.19,15,2,13.68,Graduated
S102794,Student_2794,Female,22,Business Admin,400,3.12,97.33,16,2,14.02,Dropped
S102795,Student_2795,Female,28,Business Admin,500,3.82,52.16,5,7,6.86,In Progress
S102796,Student_2796,Male,26,Computer Science,500,2.74,67.53,15,1,9.92,Dropped
S102797,Student_2797,Female,18,Medicine,200,3.06,40.92,12,6,11.14,Graduated
S102798,Student_2798,Male,22,Engineering,500,2.77,90.53,6,3,6.38,Graduated
S102799,Student_2799,Male,30,Computer Science,400,3.71,45.52,16,7,6.34,In Progress
S102800,Student_2800,Female,17,Education,100,3.11,45.69,17,3,12.26,In Progress
S102801,Student_2801,Female,27,Business Admin,100,3.36,92.97,15,0,16.4,In Progress
S102802,Student_2802,Female,29,Computer Science,400,3.53,64.56,8,2,4.17,Graduated
S102803,Student_2803,Female,17,Medicine,200,1.64,81.24,19,3,12.55,Dropped
S102804,Student_2804,Male,21,Education,300,3.55,91.47,20,0,8.82,In Progress
S102805,Student_2805,Male,26,Computer Science,200,3.27,62.47,7,0,13.38,Graduated
S102806,Student_2806,Male,29,Medicine,400,2.53,55.69,9,4,12.3,Graduated
S102807,Student_2807,Male,27,Medicine,500,3.9,50.17,6,1,11.55,Dropped
S102808,Student_2808,Male,25,Business Admin,100,3.69,76.43,10,1,2.81,Dropped
S102809,Student_2809,Female,30,Engineering,500,2.87,55.14,12,7,19.35,Graduated
S102810,Student_2810,Male,24,Computer Science,200,1.55,78.06,9,5,9.51,Graduated
S102811,Student_2811,Male,19,Medicine,400,2.96,59.03,11,6,8.61,Dropped
S102812,Student_2812,Male,19,Law,100,2.3,60.87,9,2,13.43,In Progress
S102813,Student_2813,Female,17,Medicine,400,1.46,54.95,17,3,0.79,Graduated
S102814,Student_2814,Female,30,Engineering,100,3.41,65.11,20,7,13.91,Dropped
S102815,Student_2815,Female,19,Medicine,100,4.07,49.73,10,2,14.89,Graduated
S102816,Student_2816,Female,30,Business Admin,100,2.93,59.18,13,3,3.85,Graduated
S102817,Student_2817,Male,28,Computer Science,200,3.18,86.67,16,3,12.08,In Progress
S102818,Student_2818,Male,28,Business Admin,400,3.94,52.94,15,3,9.63,In Progress
S102819,Student_2819,Female,28,Computer Science,300,3.12,96.83,18,5,11.92,Graduated
S102820,Student_2820,Female,29,Education,300,2.57,69.58,14,3,2.52,In Progress
S102821,Student_2821,Male,27,Computer Science,300,1.44,46.42,15,3,16.25,In Progress
S102822,Student_2822,Male,17,Education,400,3.57,96.58,5,4,13.5,In Progress
S102823,Student_2823,Female,24,Business Admin,500,3.29,67.4,14,4,4.79,Graduated
S102824,Student_2824,Female,17,Law,400,3.65,73.42,13,3,7.51,In Progress
S102825,Student_2825,Female,21,Engineering,100,1.29,51.11,20,5,15.11,Graduated
S102826,Student_2826,Female,25,Law,500,4.45,60.0,7,0,11.83,In Progress
S102827,Student_2827,Male,23,Education,100,2.45,82.22,14,0,6.75,In Progress
S102828,Student_2828,Male,20,Medicine,100,3.76,47.44,19,7,11.07,In Progress
S102829,Student_2829,Male,27,Medicine,400,1.67,74.23,18,1,8.04,Graduated
S102830,Student_2830,Female,25,Law,300,2.46,81.61,7,3,3.93,In Progress
S102831,Student_2831,Female,25,Medicine,500,2.62,40.11,8,0,8.84,Graduated
S102832,Student_2832,Male,18,Education,200,2.28,90.25,12,1,12.39,Graduated
S102833,Student_2833,Male,26,Business Admin,300,2.42,43.38,5,7,6.69,In Progress
S102834,Student_2834,Male,26,Engineering,200,4.13,54.82,8,6,12.61,Graduated
S102835,Student_2835,Male,27,Computer Science,400,2.76,97.81,19,0,14.62,Graduated
S102836,Student_2836,Female,28,Education,500,4.49,44.86,11,7,13.71,Dropped
S102837,Student_2837,Male,22,Education,400,3.74,89.56,16,1,12.35,In Progress
S102838,Student_2838,Male,20,Computer Science,200,1.6,79.12,7,2,3.93,Graduated
S102839,Student_2839,Male,24,Computer Science,100,2.76,75.9,11,7,8.69,Graduated
S102840,Student_2840,Male,28,Engineering,400,2.73,74.9,15,7,11.0,Graduated
S102841,Student_2841,Male,27,Engineering,500,2.34,49.99,9,0,9.75,Graduated
S102842,Student_2842,Male,23,Engineering,400,3.85,80.13,17,3,13.94,Dropped
S102843,Student_2843,Male,23,Medicine,300,3.6,97.1,14,6,9.52,In Progress
S102844,Student_2844,Female,27,Education,400,4.51,44.62,15,3,15.22,In Progress
S102845,Student_2845,Female,26,Business Admin,200,2.68,59.94,13,4,14.45,Graduated
S102846,Student_2846,Female,25,Computer Science,400,3.31,68.34,12,2,7.54,Graduated
S102847,Student_2847,Female,29,Education,500,2.75,53.94,15,2,4.2,In Progress
S102848,Student_2848,Male,21,Education,400,2.72,84.45,7,0,14.24,Graduated
S102849,Student_2849,Female,22,Engineering,400,3.57,81.32,18,1,16.33,In Progress
S102850,Student_2850,Female,17,Engineering,500,4.54,47.07,16,6,8.3,Graduated
S102851,Student_2851,Male,22,Education,400,3.69,74.17,8,5,12.13,In Progress
S102852,Student_2852,Male,18,Engineering,500,3.61,62.13,11,6,14.69,Graduated
S102853,Student_2853,Female,22,Medicine,200,2.96,53.7,17,6,2.8,In Progress
S102854,Student_2854,Female,25,Computer Science,500,3.59,90.9,18,4,17.61,Graduated
S102855,Student_2855,Male,24,Education,200,3.82,43.28,6,7,8.25,Graduated
S102856,Student_2856,Female,25,Computer Science,200,2.4,68.04,14,2,17.9,Graduated
S102857,Student_2857,Male,29,Medicine,500,3.03,68.52,15,7,13.8,In Progress
S102858,Student_2858,Male,26,Engineering,400,2.77,74.21,10,2,11.73,In Progress
S102859,Student_2859,Male,24,Law,300,2.56,51.86,13,5,18.47,In Progress
S102860,Student_2860,Male,19,Medicine,500,3.69,92.27,16,3,11.71,In Progress
S102861,Student_2861,Female,24,Law,400,2.84,97.92,13,5,16.34,Graduated
S102862,Student_2862,Male,22,Computer Science,200,3.33,72.94,10,3,13.85,Graduated
S102863,Student_2863,Male,29,Education,100,3.34,55.37,16,7,7.74,Graduated
S102864,Student_2864,Female,22,Engineering,300,2.81,92.61,10,1,4.8,In Progress
S102865,Student_2865,Male,22,Medicine,400,1.98,99.29,10,0,16.89,Graduated
S102866,Student_2866,Female,19,Engineering,300,2.75,84.51,15,1,10.63,In Progress
S102867,Student_2867,Female,26,Law,100,3.37,60.02,20,0,13.33,In Progress
S102868,Student_2868,Female,17,Law,100,3.21,54.16,14,4,12.31,Graduated
S102869,Student_2869,Male,28,Business Admin,100,1.63,49.4,10,7,12.57,Graduated
S102870,Student_2870,Female,30,Education,500,3.57,54.1,7,5,13.76,Graduated
S102871,Student_2871,Female,20,Law,300,2.61,53.64,8,2,9.76,Graduated
S102872,Student_2872,Male,26,Education,500,3.4,98.05,10,6,17.48,Dropped
S102873,Student_2873,Female,28,Business Admin,100,3.57,78.59,14,1,16.1,Graduated
S102874,Student_2874,Female,22,Medicine,400,3.33,50.02,5,6,7.8,Graduated
S102875,Student_2875,Female,27,Business Admin,100,4.32,69.28,5,0,7.76,Graduated
S102876,Student_2876,Female,28,Education,500,3.7,51.08,17,5,4.6,Graduated
S102877,Student_2877,Female,26,Law,100,2.68,76.36,11,4,19.32,Graduated
S102878,Student_2878,Male,18,Computer Science,100,2.75,60.48,5,7,8.51,Graduated
S102879,Student_2879,Female,23,Education,500,2.95,51.74,9,1,12.63,Graduated
S102880,Student_2880,Female,23,Engineering,500,2.75,54.57,14,6,7.86,In Progress
S102881,Student_2881,Male,27,Computer Science,400,3.26,80.51,15,2,12.07,In Progress
S102882,Student_2882,Male,20,Education,500,2.21,64.48,12,4,14.1,Dropped
S102883,Student_2883,Male,20,Engineering,400,3.97,70.79,10,3,16.1,Graduated
S102884,Student_2884,Female,17,Business Admin,200,3.03,89.28,18,2,15.05,Graduated
S102885,Student_2885,Male,29,Computer Science,200,3.95,79.33,19,6,2.83,Graduated
S102886,Student_2886,Female,18,Education,500,2.17,67.74,7,3,13.72,Graduated
S102887,Student_2887,Female,25,Medicine,100,2.17,97.24,18,4,19.48,In Progress
S102888,Student_2888,Male,26,Business Admin,300,3.76,52.87,6,4,8.5,Graduated
S102889,Student_2889,Male,24,Engineering,100,2.55,57.34,18,3,16.4,Graduated
S102890,Student_2890,Female,24,Medicine,500,2.3,94.69,19,7,5.17,In Progress
S102891,Student_2891,Male,25,Law,400,3.81,91.19,18,0,12.8,In Progress
S102892,Student_2892,Female,23,Business Admin,100,2.43,47.8,6,5,10.11,Graduated
S102893,Student_2893,Male,29,Business Admin,200,2.99,95.8,8,4,0.53,Graduated
S102894,Student_2894,Male,25,Education,500,2.62,40.61,13,1,7.33,Graduated
S102895,Student_2895,Male,26,Education,100,3.53,89.35,13,5,15.18,Graduated
S102896,Student_2896,Female,28,Engineering,100,3.16,56.73,5,1,12.81,Graduated
S102897,Student_2897,Male,18,Business Admin,400,3.64,51.32,9,4,9.63,Graduated
S102898,Student_2898,Female,22,Education,400,2.16,66.92,13,7,14.04,Graduated
S102899,Student_2899,Female,19,Law,400,3.17,93.82,18,5,2.61,Graduated
S102900,Student_2900,Female,27,Education,300,3.06,87.15,18,3,9.03,Graduated
S102901,Student_2901,Female,22,Business Admin,500,2.48,98.02,8,3,5.63,Graduated
S102902,Student_2902,Male,19,Computer Science,500,2.28,72.46,15,2,1.19,Graduated
S102903,Student_2903,Female,24,Medicine,200,2.94,70.63,20,3,14.45,In Progress
S102904,Student_2904,Female,27,Business Admin,200,2.8,40.78,11,0,12.29,Graduated
S102905,Student_2905,Male,29,Law,500,3.83,50.84,15,0,8.55,Graduated
S102906,Student_2906,Female,20,Business Admin,100,3.58,69.86,20,1,7.54,Graduated
S102907,Student_2907,Male,28,Law,500,2.52,85.15,10,4,2.95,In Progress
S102908,Student_2908,Female,26,Business Admin,300,2.82,89.36,20,1,9.23,Graduated
S102909,Student_2909,Male,22,Medicine,200,3.38,57.0,17,4,13.08,In Progress
S102910,Student_2910,Female,25,Medicine,200,3.46,82.75,8,1,7.08,In Progress
S102911,Student_2911,Male,18,Law,200,3.83,89.71,14,4,15.89,Graduated
S102912,Student_2912,Female,18,Business Admin,500,2.96,62.49,18,4,2.59,Dropped
S102913,Student_2913,Female,23,Medicine,200,3.11,81.73,15,1,0.0,Graduated
S102914,Student_2914,Male,18,Engineering,200,1.75,66.24,19,7,10.36,Graduated
S102915,Student_2915,Male,18,Business Admin,500,2.22,99.14,16,2,13.24,In Progress
S102916,Student_2916,Male,20,Medicine,100,3.64,40.4,11,0,12.58,Graduated
S102917,Student_2917,Male,25,Computer Science,200,2.24,64.86,20,3,3.44,Graduated
S102918,Student_2918,Female,24,Computer Science,200,1.83,55.82,11,6,8.9,In Progress
S102919,Student_2919,Female,18,Engineering,200,3.54,90.98,6,6,11.5,Graduated
S102920,Student_2920,Male,24,Medicine,300,2.72,57.23,11,0,14.1,Dropped
S102921,Student_2921,Female,20,Computer Science,500,2.44,72.63,17,3,0.68,In Progress
S102922,Student_2922,Male,18,Business Admin,200,1.96,84.42,18,4,9.89,Graduated
S102923,Student_2923,Male,27,Education,300,1.97,69.83,13,5,11.52,Graduated
S102924,Student_2924,Female,26,Medicine,100,2.69,64.62,10,1,4.76,Graduated
S102925,Student_2925,Female,23,Engineering,100,2.9,42.55,16,6,11.21,Dropped
S102926,Student_2926,Female,22,Medicine,300,3.87,41.38,10,1,6.17,In Progress
S102927,Student_2927,Female,30,Law,100,2.91,97.44,15,3,13.53,Graduated
S102928,Student_2928,Female,26,Law,400,2.78,78.59,17,1,16.05,Graduated
S102929,Student_2929,Female,21,Computer Science,100,2.8,89.52,10,1,5.04,In Progress
S102930,Student_2930,Female,27,Law,400,1.42,68.83,16,7,5.05,In Progress
S102931,Student_2931,Male,17,Engineering,300,2.66,55.69,17,7,15.81,Graduated
S102932,Student_2932,Male,18,Computer Science,400,3.44,57.67,6,1,11.91,In Progress
S102933,Student_2933,Male,24,Engineering,100,3.06,42.61,16,7,12.27,Graduated
S102934,Student_2934,Male,17,Business Admin,200,3.54,87.45,10,0,4.19,Graduated
S102935,Student_2935,Male,19,Engineering,400,3.76,74.89,10,1,12.09,Graduated
S102936,Student_2936,Female,18,Law,100,1.85,68.85,13,2,10.31,Graduated
S102937,Student_2937,Male,21,Business Admin,200,2.54,91.14,6,7,14.56,Graduated
S102938,Student_2938,Male,20,Law,300,3.7,66.69,13,3,13.29,Graduated
S102939,Student_2939,Male,29,Engineering,300,3.07,96.88,9,0,9.05,In Progress
S102940,Student_2940,Male,23,Law,500,2.9,40.79,19,0,6.66,In Progress
S102941,Student_2941,Male,21,Law,300,3.72,99.08,13,6,13.84,Graduated
S102942,Student_2942,Male,24,Law,500,2.45,88.95,14,4,12.29,Graduated
S102943,Student_2943,Male,20,Medicine,300,2.49,61.3,14,4,2.02,Graduated
S102944,Student_2944,Female,28,Business Admin,300,2.44,75.72,6,6,5.73,Graduated
S102945,Student_2945,Female,22,Business Admin,300,2.07,91.88,18,1,14.33,In Progress
S102946,Student_2946,Male,20,Business Admin,500,2.84,68.9,9,0,0.91,Graduated
S102947,Student_2947,Female,18,Engineering,500,3.13,43.06,15,5,5.37,Graduated
S102948,Student_2948,Female,17,Education,400,2.27,94.22,17,6,15.36,Graduated
S102949,Student_2949,Female,30,Engineering,100,2.92,71.02,6,0,5.42,Graduated
S102950,Student_2950,Female,30,Business Admin,100,2.58,72.71,9,7,1.63,In Progress
S102951,Student_2951,Male,17,Computer Science,100,2.95,40.82,11,1,6.28,In Progress
S102952,Student_2952,Female,24,Law,300,4.01,46.0,16,6,6.45,Graduated
S102953,Student_2953,Female,30,Law,100,3.06,86.64,19,3,7.23,In Progress
S102954,Student_2954,Female,20,Education,500,3.07,66.1,11,0,8.3,Graduated
S102955,Student_2955,Male,21,Computer Science,400,4.43,99.88,16,4,12.04,Graduated
S102956,Student_2956,Male,27,Medicine,200,2.64,81.74,15,1,16.73,Graduated
S102957,Student_2957,Male,24,Engineering,400,3.43,96.98,11,0,4.12,Graduated
S102958,Student_2958,Male,28,Medicine,100,2.63,56.76,9,7,4.87,In Progress
S102959,Student_2959,Male,23,Computer Science,100,3.55,50.57,19,5,14.43,Graduated
S102960,Student_2960,Male,29,Education,500,2.37,62.6,11,5,17.89,Graduated
S102961,Student_2961,Male,24,Computer Science,400,2.77,55.89,10,4,2.89,Dropped
S102962,Student_2962,Female,29,Education,500,2.61,76.8,11,2,10.75,Graduated
S102963,Student_2963,Female,24,Medicine,500,2.27,84.67,9,7,12.6,Graduated
S102964,Student_2964,Female,22,Medicine,200,1.51,64.13,16,0,9.41,Graduated
S102965,Student_2965,Male,26,Computer Science,500,3.29,45.39,6,6,1.64,In Progress
S102966,Student_2966,Male,18,Computer Science,500,2.55,41.58,13,5,17.91,Graduated
S102967,Student_2967,Male,22,Law,200,2.81,53.08,6,1,0.0,Graduated
S102968,Student_2968,Male,30,Education,300,2.91,83.95,7,4,0.0,Graduated
S102969,Student_2969,Male,17,Law,300,1.97,53.29,13,7,11.58,Graduated
S102970,Student_2970,Female,17,Engineering,200,2.72,94.66,6,0,8.14,Graduated
S102971,Student_2971,Female,27,Engineering,500,1.75,79.1,17,4,14.08,Graduated
S102972,Student_2972,Male,19,Computer Science,100,2.68,91.73,18,1,1.52,Graduated
S102973,Student_2973,Male,19,Medicine,400,4.05,63.15,19,7,11.06,In Progress
S102974,Student_2974,Male,27,Engineering,100,2.62,99.01,12,0,19.19,In Progress
S102975,Student_2975,Male,29,Engineering,100,2.2,80.77,20,6,6.7,Graduated
S102976,Student_2976,Female,21,Law,500,2.66,61.42,17,6,13.61,In Progress
S102977,Student_2977,Male,17,Law,400,4.1,52.75,16,7,13.04,Dropped
S102978,Student_2978,Male,26,Engineering,400,2.69,91.99,17,5,8.81,Graduated
S102979,Student_2979,Male,22,Computer Science,300,1.92,59.09,17,1,18.5,Dropped
S102980,Student_2980,Male,23,Law,200,1.72,42.66,7,3,10.15,In Progress
S102981,Student_2981,Female,26,Engineering,500,2.72,56.72,19,0,7.24,In Progress
S102982,Student_2982,Male,28,Medicine,400,3.57,50.77,10,0,10.36,Graduated
S102983,Student_2983,Male,29,Law,500,3.31,59.18,13,6,0.0,Graduated
S102984,Student_2984,Female,27,Engineering,300,3.77,76.8,14,6,0.48,Graduated
S102985,Student_2985,Female,19,Education,100,3.44,70.03,14,7,9.63,Graduated
S102986,Student_2986,Female,20,Law,400,3.01,82.65,7,5,12.71,Graduated
S102987,Student_2987,Male,26,Education,300,1.15,60.03,13,7,4.45,Graduated
S102988,Student_2988,Male,27,Law,500,3.97,47.19,11,4,0.8,Graduated
S102989,Student_2989,Female,26,Law,300,1.98,49.62,9,0,6.79,Graduated
S102990,Student_2990,Female,30,Business Admin,300,4.62,87.84,20,3,9.03,Graduated
S102991,Student_2991,Female,28,Business Admin,300,2.46,45.88,12,4,19.67,In Progress
S102992,Student_2992,Female,26,Education,300,2.49,87.89,10,4,12.26,Graduated
S102993,Student_2993,Female,30,Computer Science,300,2.63,52.76,11,2,13.11,Graduated
S102994,Student_2994,Female,26,Engineering,300,3.01,80.7,7,0,18.22,Graduated
S102995,Student_2995,Male,26,Computer Science,200,2.04,77.39,17,2,19.9,Dropped
S102996,Student_2996,Male,19,Computer Science,500,2.38,45.9,14,5,14.29,Dropped
S102997,Student_2997,Male,17,Business Admin,100,3.65,79.95,15,3,14.36,In Progress
S102998,Student_2998,Female,24,Engineering,500,3.94,66.85,10,0,6.36,Graduated
S102999,Student_2999,Female,29,Business Admin,400,2.23,82.43,15,2,8.47,In Progress
S103000,Student_3000,Female,26,Business Admin,400,3.23,90.13,20,2,6.41,In Progress
S103001,Student_3001,Female,26,Business Admin,500,2.63,42.37,7,7,13.53,Graduated
S103002,Student_3002,Female,18,Medicine,300,3.35,78.88,11,6,12.56,In Progress
S103003,Student_3003,Female,17,Computer Science,200,2.37,46.3,20,4,16.31,Graduated
S103004,Student_3004,Male,30,Computer Science,100,3.51,62.73,14,2,14.86,Graduated
S103005,Student_3005,Male,24,Computer Science,300,2.91,40.76,10,2,8.04,In Progress
S103006,Student_3006,Female,23,Medicine,500,2.66,59.72,14,5,12.22,In Progress
S103007,Student_3007,Male,23,Law,500,2.97,50.16,16,0,19.41,Graduated
S103008,Student_3008,Female,20,Education,200,4.01,73.38,12,7,9.4,Dropped
S103009,Student_3009,Male,27,Education,200,2.93,70.74,12,6,10.56,In Progress
S103010,Student_3010,Female,25,Medicine,500,3.2,87.6,10,6,8.78,Graduated
S103011,Student_3011,Female,22,Computer Science,300,3.06,78.4,6,0,10.98,Graduated
S103012,Student_3012,Male,18,Education,300,3.07,82.88,18,4,11.41,Dropped
S103013,Student_3013,Male,30,Medicine,300,3.85,45.55,14,6,14.92,Dropped
S103014,Student_3014,Female,17,Business Admin,100,3.58,41.67,17,0,7.27,Graduated
S103015,Student_3015,Female,17,Engineering,100,2.05,98.17,20,3,11.32,In Progress
S103016,Student_3016,Male,25,Education,300,3.38,65.62,20,4,3.84,Graduated
S103017,Student_3017,Male,20,Engineering,500,4.13,63.7,20,7,4.19,Graduated
S103018,Student_3018,Female,21,Computer Science,200,2.84,42.1,14,3,14.96,In Progress
S103019,Student_3019,Male,19,Education,400,3.6,47.13,10,0,2.83,Graduated
S103020,Student_3020,Female,20,Medicine,200,1.06,96.43,5,7,12.65,Graduated
S103021,Student_3021,Female,28,Law,200,2.32,81.69,17,0,5.7,Graduated
S103022,Student_3022,Female,24,Education,400,4.68,64.55,10,4,3.62,In Progress
S103023,Student_3023,Female,29,Education,300,3.53,94.27,10,6,12.22,Graduated
S103024,Student_3024,Male,20,Education,200,3.15,75.39,10,2,21.67,Graduated
S103025,Student_3025,Male,25,Education,400,4.29,84.79,16,1,12.29,In Progress
S103026,Student_3026,Male,25,Medicine,500,2.22,65.9,13,1,7.94,In Progress
S103027,Student_3027,Male,22,Medicine,500,3.89,65.89,8,0,6.73,Graduated
S103028,Student_3028,Male,18,Law,500,2.4,44.1,15,3,5.58,Graduated
S103029,Student_3029,Male,28,Medicine,300,3.07,84.04,11,4,8.92,Graduated
S103030,Student_3030,Male,26,Medicine,200,1.86,45.95,15,2,14.39,In Progress
S103031,Student_3031,Female,27,Computer Science,200,2.73,85.86,7,5,10.6,Graduated
S103032,Student_3032,Male,23,Computer Science,100,3.93,51.45,12,0,9.09,Graduated
S103033,Student_3033,Male,25,Engineering,500,2.64,54.84,19,7,1.78,In Progress
S103034,Student_3034,Female,22,Law,300,3.35,95.07,6,3,3.52,In Progress
S103035,Student_3035,Male,19,Computer Science,400,2.66,68.29,19,0,4.7,Graduated
S103036,Student_3036,Male,30,Law,300,3.3,47.51,6,5,8.22,In Progress
S103037,Student_3037,Female,23,Law,200,3.52,94.3,20,1,9.53,Graduated
S103038,Student_3038,Male,21,Education,500,2.53,67.14,9,0,18.41,Dropped
S103039,Student_3039,Male,17,Business Admin,100,2.39,47.83,5,3,11.11,Graduated
S103040,Student_3040,Male,19,Business Admin,300,2.72,63.45,19,1,7.99,In Progress
S103041,Student_3041,Female,21,Business Admin,100,2.7,75.36,5,5,14.16,Graduated
S103042,Student_3042,Male,23,Law,200,1.58,61.74,18,5,14.79,Graduated
S103043,Student_3043,Male,19,Education,400,3.23,95.46,15,6,10.61,In Progress
S103044,Student_3044,Female,22,Engineering,300,3.27,56.18,7,0,9.16,In Progress
S103045,Student_3045,Male,21,Engineering,200,1.74,50.55,10,1,17.05,Graduated
S103046,Student_3046,Female,29,Business Admin,500,3.59,53.26,14,5,11.06,Graduated
S103047,Student_3047,Female,17,Engineering,300,2.72,45.02,16,4,3.89,Dropped
S103048,Student_3048,Male,26,Education,100,3.23,67.14,10,6,8.26,Graduated
S103049,Student_3049,Female,22,Business Admin,300,2.83,92.7,12,3,11.95,Graduated
S103050,Student_3050,Female,30,Education,200,3.23,58.32,11,3,8.03,In Progress
S103051,Student_3051,Male,24,Engineering,200,3.08,55.5,5,4,12.73,Graduated
S103052,Student_3052,Female,29,Business Admin,100,3.61,90.24,5,5,2.64,Dropped
S103053,Student_3053,Female,29,Education,200,3.0,58.36,8,5,14.36,Graduated
S103054,Student_3054,Male,17,Medicine,300,3.53,68.61,5,3,8.03,Graduated
S103055,Student_3055,Male,18,Medicine,100,4.0,41.87,5,3,7.16,Graduated
S103056,Student_3056,Male,30,Education,200,2.94,57.22,19,0,14.15,Dropped
S103057,Student_3057,Female,20,Education,200,2.82,47.83,20,2,9.73,In Progress
S103058,Student_3058,Male,28,Computer Science,300,3.39,46.35,14,0,7.12,Graduated
S103059,Student_3059,Female,18,Computer Science,200,1.56,65.89,5,4,9.28,In Progress
S103060,Student_3060,Female,27,Law,300,2.39,56.64,15,4,9.27,Dropped
S103061,Student_3061,Female,25,Business Admin,500,2.36,49.99,7,2,7.46,Graduated
S103062,Student_3062,Female,26,Law,300,3.39,70.69,17,0,11.63,Dropped
S103063,Student_3063,Female,24,Law,400,3.11,87.04,14,0,9.6,Dropped
S103064,Student_3064,Female,24,Engineering,200,3.89,84.09,6,0,14.15,Graduated
S103065,Student_3065,Female,20,Medicine,500,3.85,55.05,20,1,1.88,Graduated
S103066,Student_3066,Male,21,Engineering,100,1.63,55.79,20,6,10.27,Graduated
S103067,Student_3067,Male,20,Business Admin,400,1.82,83.91,20,5,16.7,In Progress
S103068,Student_3068,Female,29,Education,100,3.03,73.43,15,1,7.35,In Progress
S103069,Student_3069,Female,25,Computer Science,400,1.92,84.54,14,7,8.91,Graduated
S103070,Student_3070,Male,29,Business Admin,500,1.62,40.08,12,0,16.8,Dropped
S103071,Student_3071,Female,18,Education,500,2.48,45.23,11,1,0.0,In Progress
S103072,Student_3072,Male,29,Business Admin,500,1.54,88.12,14,0,17.86,In Progress
S103073,Student_3073,Male,27,Education,400,2.28,91.07,17,4,12.63,Graduated
S103074,Student_3074,Male,24,Computer Science,300,3.5,60.61,12,0,10.0,In Progress
S103075,Student_3075,Female,18,Education,100,2.66,97.5,8,1,14.77,Graduated
S103076,Student_3076,Female,17,Law,300,4.05,58.09,18,7,8.56,Graduated
S103077,Student_3077,Male,26,Business Admin,300,2.6,93.42,13,2,4.69,Graduated
S103078,Student_3078,Male,19,Computer Science,200,3.39,65.3,9,7,8.28,Graduated
S103079,Student_3079,Male,25,Education,100,2.63,73.71,11,4,8.13,Graduated
S103080,Student_3080,Male,28,Law,400,2.85,78.6,8,3,7.84,Graduated
S103081,Student_3081,Male,19,Law,200,2.73,47.99,5,7,11.32,In Progress
S103082,Student_3082,Female,25,Medicine,200,3.39,42.23,15,7,10.37,In Progress
S103083,Student_3083,Male,23,Law,500,3.51,65.61,16,2,11.06,In Progress
S103084,Student_3084,Female,29,Engineering,400,4.44,49.62,20,7,17.21,Graduated
S103085,Student_3085,Male,26,Computer Science,300,3.01,72.94,20,2,8.56,Graduated
S103086,Student_3086,Female,17,Computer Science,300,3.38,67.22,12,5,17.03,Graduated
S103087,Student_3087,Female,26,Computer Science,300,2.28,47.33,13,3,16.4,Dropped
S103088,Student_3088,Female,21,Education,500,3.48,79.95,17,4,0.0,Graduated
S103089,Student_3089,Female,25,Business Admin,300,3.02,41.23,13,5,4.07,In Progress
S103090,Student_3090,Female,28,Education,100,1.14,47.58,14,6,3.73,Graduated
S103091,Student_3091,Female,19,Engineering,300,2.39,82.01,18,6,17.92,In Progress
S103092,Student_3092,Male,25,Business Admin,300,1.55,71.67,12,7,9.77,Graduated
S103093,Student_3093,Female,21,Law,100,2.48,56.92,5,6,7.88,Graduated
S103094,Student_3094,Male,25,Education,500,3.21,50.81,7,3,3.58,Graduated
S103095,Student_3095,Female,26,Business Admin,200,2.79,78.54,9,4,15.11,Graduated
S103096,Student_3096,Female,22,Law,400,3.43,52.34,11,4,8.15,Graduated
S103097,Student_3097,Male,25,Business Admin,500,1.36,99.08,16,5,0.0,In Progress
S103098,Student_3098,Female,23,Law,300,3.67,92.16,20,6,18.49,Graduated
S103099,Student_3099,Male,23,Business Admin,200,3.17,47.93,12,4,9.82,Graduated
S103100,Student_3100,Male,24,Education,400,2.11,91.55,5,2,16.08,Graduated
S103101,Student_3101,Male,23,Education,400,2.98,60.7,9,4,10.0,Graduated
S103102,Student_3102,Male,28,Engineering,400,4.53,69.4,7,5,7.45,Graduated
S103103,Student_3103,Female,25,Medicine,100,4.03,48.57,11,3,9.91,Graduated
S103104,Student_3104,Female,27,Computer Science,100,4.17,47.11,10,7,12.17,In Progress
S103105,Student_3105,Male,25,Education,200,2.85,91.93,16,2,6.43,Graduated
S103106,Student_3106,Female,22,Education,300,3.8,77.79,19,4,0.93,Graduated
S103107,Student_3107,Female,23,Law,200,3.92,67.63,5,1,0.0,Graduated
S103108,Student_3108,Male,18,Medicine,300,2.27,42.17,15,1,10.27,Graduated
S103109,Student_3109,Female,25,Education,500,3.9,95.32,6,7,11.82,Graduated
S103110,Student_3110,Male,28,Business Admin,400,3.74,62.57,9,4,9.15,Graduated
S103111,Student_3111,Male,29,Medicine,400,2.53,65.0,9,1,5.06,In Progress
S103112,Student_3112,Female,17,Computer Science,100,3.07,57.39,5,0,7.39,Dropped
S103113,Student_3113,Female,17,Business Admin,500,3.95,93.48,15,6,10.35,Dropped
S103114,Student_3114,Female,19,Law,500,2.96,60.68,16,5,11.56,Graduated
S103115,Student_3115,Male,28,Engineering,300,3.62,50.45,20,2,9.55,Graduated
S103116,Student_3116,Male,22,Business Admin,500,2.67,70.03,16,7,6.57,Graduated
S103117,Student_3117,Female,21,Computer Science,100,2.23,86.89,8,7,16.75,Graduated
S103118,Student_3118,Female,18,Business Admin,300,2.16,62.28,16,0,5.53,Graduated
S103119,Student_3119,Female,25,Medicine,200,2.8,79.12,13,2,5.1,In Progress
S103120,Student_3120,Female,30,Medicine,300,3.31,58.25,13,3,8.24,Graduated
S103121,Student_3121,Male,29,Computer Science,200,1.77,83.19,19,7,15.88,Graduated
S103122,Student_3122,Female,26,Medicine,300,4.35,80.12,9,1,13.35,In Progress
S103123,Student_3123,Male,30,Business Admin,400,3.75,80.85,11,1,9.73,Graduated
S103124,Student_3124,Male,20,Engineering,200,3.36,78.75,15,5,4.73,Dropped
S103125,Student_3125,Female,20,Business Admin,100,3.57,49.38,6,1,5.61,In Progress
S103126,Student_3126,Female,21,Engineering,200,2.55,93.28,5,4,8.6,In Progress
S103127,Student_3127,Female,24,Medicine,200,1.97,75.15,19,2,7.83,Graduated
S103128,Student_3128,Male,26,Business Admin,300,3.29,62.94,20,4,7.54,Graduated
S103129,Student_3129,Female,20,Medicine,400,3.73,50.34,16,1,16.98,Graduated
S103130,Student_3130,Female,21,Engineering,300,2.65,87.01,6,6,25.38,Graduated
S103131,Student_3131,Male,28,Medicine,300,2.34,70.54,19,3,6.19,Graduated
S103132,Student_3132,Female,20,Education,400,2.62,48.84,17,1,13.31,Graduated
S103133,Student_3133,Male,30,Law,300,3.34,95.29,8,6,14.54,In Progress
S103134,Student_3134,Female,22,Business Admin,400,3.42,46.36,20,6,7.38,In Progress
S103135,Student_3135,Male,28,Education,100,4.27,71.45,10,5,6.09,Dropped
S103136,Student_3136,Female,19,Medicine,400,3.31,76.63,20,4,5.38,In Progress
S103137,Student_3137,Female,24,Medicine,500,2.42,99.94,7,1,12.8,Graduated
S103138,Student_3138,Male,22,Law,400,2.79,48.45,6,6,12.84,Graduated
S103139,Student_3139,Male,26,Medicine,400,2.27,76.81,20,0,15.48,In Progress
S103140,Student_3140,Female,21,Law,500,3.77,68.6,17,0,20.68,In Progress
S103141,Student_3141,Male,29,Business Admin,400,2.22,55.43,11,4,12.69,Graduated
S103142,Student_3142,Male,18,Engineering,200,2.6,96.53,12,0,10.55,Graduated
S103143,Student_3143,Male,26,Law,300,3.34,87.45,13,2,5.39,In Progress
S103144,Student_3144,Male,26,Law,300,4.12,86.62,15,6,13.9,In Progress
S103145,Student_3145,Female,23,Education,100,5.0,93.95,16,5,0.0,Graduated
S103146,Student_3146,Female,18,Medicine,100,2.06,83.5,14,2,7.98,Graduated
S103147,Student_3147,Male,17,Business Admin,500,3.45,70.4,17,5,0.0,Graduated
S103148,Student_3148,Male,23,Engineering,200,2.98,63.49,12,7,8.36,In Progress
S103149,Student_3149,Male,21,Computer Science,100,2.83,82.25,6,6,14.04,Dropped
S103150,Student_3150,Male,17,Law,300,2.8,76.17,7,5,18.73,Graduated
S103151,Student_3151,Female,20,Computer Science,100,2.14,72.57,19,4,0.0,Graduated
S103152,Student_3152,Female,28,Medicine,100,4.17,75.34,5,0,16.18,Graduated
S103153,Student_3153,Male,29,Law,400,1.54,79.32,5,2,8.62,Graduated
S103154,Student_3154,Male,20,Computer Science,100,2.9,98.12,19,7,9.86,Graduated
S103155,Student_3155,Male,26,Education,500,4.05,85.19,10,0,14.3,Graduated
S103156,Student_3156,Female,23,Computer Science,300,3.16,50.59,7,1,9.3,Graduated
S103157,Student_3157,Male,25,Education,500,2.53,68.01,8,5,6.22,Dropped
S103158,Student_3158,Female,18,Engineering,500,2.56,80.69,20,0,7.13,In Progress
S103159,Student_3159,Male,28,Medicine,200,3.62,50.54,14,0,5.78,Graduated
S103160,Student_3160,Female,30,Business Admin,400,2.79,95.96,16,4,10.67,In Progress
S103161,Student_3161,Male,17,Computer Science,500,2.98,44.62,12,7,16.3,Graduated
S103162,Student_3162,Female,18,Law,200,3.44,76.66,9,7,14.3,Graduated
S103163,Student_3163,Male,23,Medicine,300,3.65,98.56,16,6,10.47,Graduated
S103164,Student_3164,Male,29,Computer Science,300,2.61,83.67,18,1,6.71,In Progress
S103165,Student_3165,Male,26,Law,200,2.04,80.64,15,6,11.52,Graduated
S103166,Student_3166,Female,22,Law,500,2.3,99.85,10,2,19.01,Dropped
S103167,Student_3167,Male,20,Business Admin,500,3.97,87.51,13,5,5.35,Graduated
S103168,Student_3168,Female,17,Business Admin,400,3.05,98.22,18,5,13.75,Graduated
S103169,Student_3169,Female,29,Law,400,2.13,81.93,15,5,12.14,Graduated
S103170,Student_3170,Male,17,Business Admin,300,2.35,79.93,15,2,6.38,In Progress
S103171,Student_3171,Male,21,Law,400,3.82,85.75,6,7,11.21,In Progress
S103172,Student_3172,Male,17,Computer Science,200,3.06,51.33,7,5,7.92,Graduated
S103173,Student_3173,Female,28,Engineering,300,1.83,88.35,9,0,5.66,Graduated
S103174,Student_3174,Male,23,Business Admin,500,2.23,98.21,6,3,5.13,Graduated
S103175,Student_3175,Female,29,Education,300,3.81,76.7,12,7,6.4,Graduated
S103176,Student_3176,Female,27,Education,100,2.6,40.74,6,3,4.15,In Progress
S103177,Student_3177,Male,17,Education,300,4.47,44.33,8,7,19.77,Graduated
S103178,Student_3178,Male,17,Engineering,400,4.34,54.08,20,5,5.23,Dropped
S103179,Student_3179,Male,18,Law,200,4.04,69.47,18,2,17.8,In Progress
S103180,Student_3180,Male,29,Law,500,3.35,64.83,7,0,11.91,In Progress
S103181,Student_3181,Male,30,Medicine,500,3.72,98.75,8,0,1.44,Graduated
S103182,Student_3182,Male,27,Education,400,2.96,96.74,8,6,5.85,Graduated
S103183,Student_3183,Female,28,Education,400,2.98,63.56,10,6,11.71,Graduated
S103184,Student_3184,Female,26,Law,400,2.16,87.66,20,7,6.65,Graduated
S103185,Student_3185,Female,19,Education,100,2.97,78.18,14,1,10.96,Graduated
S103186,Student_3186,Male,29,Law,200,2.11,54.59,16,4,0.67,Graduated
S103187,Student_3187,Female,27,Law,100,3.0,95.87,16,7,10.28,Graduated
S103188,Student_3188,Female,17,Business Admin,400,2.15,55.57,14,3,9.39,Dropped
S103189,Student_3189,Female,25,Law,200,2.39,92.22,14,5,19.52,In Progress
S103190,Student_3190,Female,26,Computer Science,400,1.21,78.26,13,0,6.64,In Progress
S103191,Student_3191,Female,24,Computer Science,200,2.45,77.27,7,2,13.56,Graduated
S103192,Student_3192,Male,21,Computer Science,500,2.5,90.3,5,3,16.51,Graduated
S103193,Student_3193,Male,29,Computer Science,100,2.78,69.66,18,4,15.41,Graduated
S103194,Student_3194,Female,27,Engineering,400,3.83,91.2,12,0,15.74,In Progress
S103195,Student_3195,Female,18,Medicine,400,2.96,73.01,11,3,9.64,Dropped
S103196,Student_3196,Female,21,Medicine,300,3.65,99.08,6,0,12.15,In Progress
S103197,Student_3197,Male,22,Law,500,3.68,79.6,9,5,7.06,Graduated
S103198,Student_3198,Male,30,Education,400,3.99,62.44,16,4,12.96,Graduated
S103199,Student_3199,Female,17,Computer Science,100,2.37,85.8,16,1,4.52,Graduated
S103200,Student_3200,Male,27,Medicine,500,2.17,70.59,14,3,6.01,Graduated
S103201,Student_3201,Male,20,Medicine,400,2.92,88.36,8,4,20.25,In Progress
S103202,Student_3202,Female,25,Computer Science,100,2.27,90.01,13,1,14.74,Dropped
S103203,Student_3203,Male,18,Engineering,300,2.84,77.01,8,1,2.2,Graduated
S103204,Student_3204,Male,21,Engineering,300,2.34,92.33,9,4,11.8,In Progress
S103205,Student_3205,Female,17,Medicine,100,2.15,64.21,12,7,5.03,In Progress
S103206,Student_3206,Male,20,Engineering,500,3.25,43.44,7,2,13.45,Graduated
S103207,Student_3207,Male,20,Business Admin,100,4.31,79.76,10,6,11.92,Graduated
S103208,Student_3208,Female,22,Computer Science,100,2.82,85.87,10,4,11.05,In Progress
S103209,Student_3209,Male,26,Medicine,300,3.19,44.37,20,0,6.8,Dropped
S103210,Student_3210,Male,25,Computer Science,300,3.05,86.25,18,2,17.28,In Progress
S103211,Student_3211,Female,19,Engineering,300,2.98,78.35,11,7,6.73,In Progress
S103212,Student_3212,Female,25,Computer Science,400,4.0,46.98,13,1,11.18,Graduated
S103213,Student_3213,Female,22,Engineering,400,2.81,72.4,15,6,8.93,In Progress
S103214,Student_3214,Male,23,Engineering,200,0.73,46.52,7,7,3.05,Graduated
S103215,Student_3215,Female,28,Computer Science,400,2.39,59.3,17,6,8.31,Graduated
S103216,Student_3216,Male,26,Engineering,500,3.07,88.24,18,7,1.52,In Progress
S103217,Student_3217,Female,18,Business Admin,500,2.93,46.05,9,6,12.9,Graduated
S103218,Student_3218,Male,27,Law,300,2.84,67.56,9,3,6.88,Graduated
S103219,Student_3219,Female,26,Computer Science,100,2.64,76.34,9,7,8.28,Graduated
S103220,Student_3220,Female,30,Law,300,3.06,96.43,10,7,13.15,In Progress
S103221,Student_3221,Female,22,Computer Science,100,4.44,84.24,5,1,6.97,Graduated
S103222,Student_3222,Female,22,Engineering,300,2.77,48.35,19,3,0.0,Graduated
S103223,Student_3223,Male,18,Engineering,300,4.51,98.13,17,6,11.78,Graduated
S103224,Student_3224,Female,18,Medicine,500,3.33,68.68,13,3,6.59,Graduated
S103225,Student_3225,Female,30,Business Admin,100,2.53,62.18,16,7,8.34,Graduated
S103226,Student_3226,Male,18,Medicine,200,3.61,47.72,20,4,12.77,Graduated
S103227,Student_3227,Female,26,Law,200,1.3,96.01,7,7,5.01,Graduated
S103228,Student_3228,Male,28,Engineering,300,2.99,75.17,10,7,11.74,Graduated
S103229,Student_3229,Female,17,Medicine,300,3.36,99.28,8,4,10.23,In Progress
S103230,Student_3230,Female,21,Engineering,500,3.37,50.43,11,1,9.8,In Progress
S103231,Student_3231,Female,24,Computer Science,100,3.45,72.75,12,7,8.71,Dropped
S103232,Student_3232,Male,18,Medicine,300,3.51,46.59,8,4,11.21,Graduated
S103233,Student_3233,Female,29,Law,200,3.21,71.46,14,7,13.17,In Progress
S103234,Student_3234,Female,21,Medicine,100,3.51,93.39,10,1,1.36,Graduated
S103235,Student_3235,Female,28,Engineering,300,2.61,46.56,16,6,13.86,In Progress
S103236,Student_3236,Male,24,Education,100,3.82,56.18,16,7,8.26,Graduated
S103237,Student_3237,Male,26,Education,500,2.68,80.94,14,6,1.48,Graduated
S103238,Student_3238,Female,30,Business Admin,200,3.81,44.58,18,4,8.96,In Progress
S103239,Student_3239,Male,21,Engineering,100,2.99,67.24,11,7,4.9,In Progress
S103240,Student_3240,Female,18,Computer Science,200,3.15,59.98,16,4,15.41,Graduated
S103241,Student_3241,Female,19,Medicine,300,3.62,90.29,14,6,2.81,In Progress
S103242,Student_3242,Female,22,Education,400,4.05,42.94,20,3,10.99,Graduated
S103243,Student_3243,Female,27,Computer Science,100,3.03,91.8,11,2,11.16,In Progress
S103244,Student_3244,Female,27,Engineering,200,3.15,82.22,13,4,11.92,In Progress
S103245,Student_3245,Female,21,Computer Science,100,1.19,57.83,12,5,13.25,Dropped
S103246,Student_3246,Female,27,Engineering,300,2.39,51.87,7,5,7.46,Graduated
S103247,Student_3247,Male,20,Business Admin,300,1.94,97.01,17,5,4.18,In Progress
S103248,Student_3248,Male,20,Medicine,200,2.72,73.23,8,4,0.0,Graduated
S103249,Student_3249,Male,21,Computer Science,500,2.53,60.69,19,1,10.78,Graduated
S103250,Student_3250,Male,18,Medicine,100,2.45,42.67,13,3,7.28,Graduated
S103251,Student_3251,Male,25,Computer Science,100,2.28,49.95,15,5,15.85,Graduated
S103252,Student_3252,Male,18,Engineering,300,3.37,75.89,11,6,13.12,Graduated
S103253,Student_3253,Male,26,Engineering,100,1.75,70.79,11,3,16.97,Graduated
S103254,Student_3254,Female,18,Computer Science,200,2.24,85.46,19,2,2.59,Graduated
S103255,Student_3255,Female,26,Business Admin,400,3.02,90.09,5,2,5.18,Graduated
S103256,Student_3256,Female,30,Engineering,300,3.68,63.83,6,2,12.24,Graduated
S103257,Student_3257,Female,25,Law,400,2.35,46.06,19,6,16.67,Graduated
S103258,Student_3258,Male,30,Law,100,3.74,87.49,5,7,22.1,Dropped
S103259,Student_3259,Male,19,Medicine,500,1.09,73.22,19,4,12.16,Dropped
S103260,Student_3260,Female,26,Law,200,3.0,98.79,8,7,10.15,Graduated
S103261,Student_3261,Female,23,Law,100,3.21,87.78,8,1,14.28,In Progress
S103262,Student_3262,Male,20,Business Admin,200,2.31,59.74,18,5,6.9,In Progress
S103263,Student_3263,Female,29,Business Admin,100,2.08,65.71,9,0,6.04,Graduated
S103264,Student_3264,Female,29,Education,100,3.09,54.13,20,5,12.87,In Progress
S103265,Student_3265,Female,22,Education,100,2.98,70.72,9,7,13.53,In Progress
S103266,Student_3266,Female,30,Business Admin,300,2.43,82.64,16,5,9.79,Graduated
S103267,Student_3267,Male,20,Education,400,2.8,76.75,5,1,5.79,In Progress
S103268,Student_3268,Female,26,Business Admin,500,2.58,60.53,19,6,15.05,Graduated
S103269,Student_3269,Female,23,Education,400,3.88,89.4,11,3,3.33,Graduated
S103270,Student_3270,Male,17,Engineering,400,3.48,46.3,20,2,10.56,Graduated
S103271,Student_3271,Male,19,Business Admin,200,3.14,48.55,10,0,11.97,In Progress
S103272,Student_3272,Female,29,Medicine,300,4.32,64.25,20,3,6.96,In Progress
S103273,Student_3273,Male,19,Medicine,300,3.72,82.13,12,2,17.34,Graduated
S103274,Student_3274,Female,17,Business Admin,100,3.87,81.65,18,7,9.6,Dropped
S103275,Student_3275,Female,22,Law,400,4.11,61.99,19,5,7.74,Graduated
S103276,Student_3276,Male,29,Medicine,500,2.89,81.8,19,0,0.0,Graduated
S103277,Student_3277,Female,27,Law,200,2.15,43.64,8,1,25.8,In Progress
S103278,Student_3278,Female,30,Medicine,300,1.75,57.4,5,5,9.26,Graduated
S103279,Student_3279,Female,25,Computer Science,100,3.52,81.63,16,3,2.13,Dropped
S103280,Student_3280,Female,24,Computer Science,500,2.32,51.04,7,4,5.14,Dropped
S103281,Student_3281,Male,27,Business Admin,400,5.0,52.76,13,7,15.61,Graduated
S103282,Student_3282,Male,23,Medicine,500,2.41,45.21,14,5,4.92,In Progress
S103283,Student_3283,Female,26,Engineering,300,2.29,61.87,11,0,11.96,Graduated
S103284,Student_3284,Male,24,Law,200,3.54,89.5,6,0,13.0,Dropped
S103285,Student_3285,Female,22,Medicine,400,3.56,90.18,19,5,8.27,Graduated
S103286,Student_3286,Female,25,Business Admin,200,4.26,91.74,19,7,6.38,Graduated
S103287,Student_3287,Female,19,Law,500,2.83,42.2,17,5,11.11,Graduated
S103288,Student_3288,Female,26,Education,500,3.81,99.61,7,1,12.8,In Progress
S103289,Student_3289,Female,26,Business Admin,100,2.89,70.16,20,1,2.0,Graduated
S103290,Student_3290,Male,25,Medicine,400,3.38,92.36,6,3,0.0,In Progress
S103291,Student_3291,Female,20,Engineering,500,2.85,94.31,19,4,15.64,In Progress
S103292,Student_3292,Male,23,Education,300,4.34,70.87,8,2,12.9,Graduated
S103293,Student_3293,Male,29,Business Admin,300,4.59,43.07,6,5,11.59,Graduated
S103294,Student_3294,Female,25,Medicine,200,2.17,75.85,8,0,6.22,In Progress
S103295,Student_3295,Female,18,Computer Science,300,3.89,60.05,15,6,15.61,Graduated
S103296,Student_3296,Female,18,Medicine,500,2.35,52.41,20,0,15.53,Graduated
S103297,Student_3297,Female,25,Computer Science,300,3.81,50.95,18,3,10.31,In Progress
S103298,Student_3298,Female,28,Computer Science,400,4.15,73.56,18,2,8.52,Graduated
S103299,Student_3299,Male,29,Business Admin,200,2.33,46.27,18,6,11.91,In Progress
S103300,Student_3300,Female,19,Medicine,400,2.14,89.3,11,2,11.31,Graduated
S103301,Student_3301,Female,25,Medicine,500,2.65,53.64,17,5,7.03,Graduated
S103302,Student_3302,Male,29,Computer Science,500,3.82,72.96,12,2,2.09,Graduated
S103303,Student_3303,Male,21,Law,300,3.33,47.53,18,3,11.21,Graduated
S103304,Student_3304,Female,22,Education,100,2.83,91.58,14,7,9.21,Graduated
S103305,Student_3305,Male,18,Engineering,100,3.5,81.53,17,6,13.52,In Progress
S103306,Student_3306,Female,24,Medicine,500,2.8,52.39,10,0,18.51,Graduated
S103307,Student_3307,Male,27,Education,500,3.09,82.94,18,1,3.73,In Progress
S103308,Student_3308,Male,25,Education,200,3.38,44.97,15,0,12.32,In Progress
S103309,Student_3309,Female,18,Law,500,3.33,86.33,13,1,2.82,Graduated
S103310,Student_3310,Male,22,Education,500,4.18,69.42,10,1,17.07,Graduated
S103311,Student_3311,Male,22,Medicine,200,2.16,47.21,15,3,5.07,Graduated
S103312,Student_3312,Male,24,Business Admin,400,3.66,73.03,15,5,6.38,Graduated
S103313,Student_3313,Male,26,Business Admin,400,2.34,52.05,19,2,7.1,Graduated
S103314,Student_3314,Male,28,Education,200,2.72,80.37,7,5,11.39,Graduated
S103315,Student_3315,Male,21,Medicine,200,2.89,82.52,5,3,11.48,Graduated
S103316,Student_3316,Female,25,Medicine,400,2.7,85.65,13,7,13.01,Graduated
S103317,Student_3317,Female,17,Computer Science,400,2.06,93.69,7,5,16.17,Dropped
S103318,Student_3318,Male,25,Law,400,2.68,79.3,5,5,8.55,In Progress
S103319,Student_3319,Female,26,Engineering,400,3.19,69.51,20,1,6.67,Graduated
S103320,Student_3320,Female,23,Computer Science,300,2.91,91.25,16,0,5.31,Dropped
S103321,Student_3321,Female,20,Engineering,200,4.03,93.99,15,6,10.74,Graduated
S103322,Student_3322,Male,19,Medicine,100,2.92,86.91,18,1,9.98,Graduated
S103323,Student_3323,Female,30,Business Admin,300,3.01,96.55,6,6,3.08,Graduated
S103324,Student_3324,Male,26,Computer Science,100,3.13,98.77,16,3,13.61,In Progress
S103325,Student_3325,Female,27,Education,100,2.91,55.08,7,6,7.85,Graduated
S103326,Student_3326,Male,30,Education,500,3.33,51.02,12,5,17.68,Dropped
S103327,Student_3327,Male,22,Engineering,200,2.64,66.92,12,7,9.19,Graduated
S103328,Student_3328,Female,28,Medicine,300,2.18,99.82,6,5,4.61,Graduated
S103329,Student_3329,Female,29,Business Admin,200,2.95,45.31,20,6,11.38,Graduated
S103330,Student_3330,Male,17,Engineering,400,3.27,82.72,19,6,15.24,In Progress
S103331,Student_3331,Female,19,Business Admin,200,3.11,91.05,10,0,12.11,Graduated
S103332,Student_3332,Female,18,Law,100,2.38,99.79,6,2,16.29,Graduated
S103333,Student_3333,Female,27,Business Admin,400,3.11,77.18,20,3,6.12,In Progress
S103334,Student_3334,Male,29,Education,200,3.48,62.81,17,5,13.21,Graduated
S103335,Student_3335,Male,25,Computer Science,200,3.14,49.99,20,6,16.13,Graduated
S103336,Student_3336,Female,19,Computer Science,100,2.5,98.91,11,5,11.75,Graduated
S103337,Student_3337,Female,29,Computer Science,400,3.05,95.45,17,4,15.44,Dropped
S103338,Student_3338,Female,18,Business Admin,100,4.19,88.27,19,5,10.53,Graduated
S103339,Student_3339,Male,20,Education,200,2.27,96.63,14,1,15.78,Graduated
S103340,Student_3340,Male,30,Business Admin,300,3.77,43.65,15,2,13.48,Graduated
S103341,Student_3341,Female,18,Medicine,300,1.43,77.89,15,2,8.49,In Progress
S103342,Student_3342,Female,17,Education,500,2.62,56.49,7,5,8.18,Graduated
S103343,Student_3343,Female,22,Education,300,2.7,85.94,20,0,12.96,Graduated
S103344,Student_3344,Female,26,Business Admin,400,3.76,45.74,12,7,8.1,Dropped
S103345,Student_3345,Female,24,Business Admin,500,4.24,55.52,7,3,11.14,In Progress
S103346,Student_3346,Female,26,Computer Science,400,3.78,91.02,20,7,10.12,Dropped
S103347,Student_3347,Male,26,Education,300,3.36,84.97,14,7,5.66,Graduated
S103348,Student_3348,Female,18,Computer Science,300,3.74,99.52,10,5,9.64,Graduated
S103349,Student_3349,Male,30,Medicine,200,2.05,78.64,5,5,7.49,In Progress
S103350,Student_3350,Female,25,Law,400,3.63,58.18,12,1,11.35,Graduated
S103351,Student_3351,Female,29,Computer Science,100,2.23,72.87,20,5,11.01,In Progress
S103352,Student_3352,Male,19,Business Admin,200,2.48,96.64,11,4,8.71,Graduated
S103353,Student_3353,Male,24,Engineering,400,3.28,79.11,5,1,9.25,Graduated
S103354,Student_3354,Male,28,Law,500,2.13,92.89,18,5,3.12,Graduated
S103355,Student_3355,Male,24,Medicine,400,3.86,41.37,18,5,13.82,Graduated
S103356,Student_3356,Female,19,Business Admin,500,3.0,62.17,11,6,7.56,Graduated
S103357,Student_3357,Male,19,Law,500,2.09,96.12,20,3,15.01,Graduated
S103358,Student_3358,Female,28,Business Admin,300,4.06,42.36,15,2,0.63,Graduated
S103359,Student_3359,Male,22,Computer Science,100,2.82,71.15,9,4,13.79,In Progress
S103360,Student_3360,Female,17,Business Admin,400,2.89,60.79,6,0,8.42,Dropped
S103361,Student_3361,Female,20,Medicine,100,2.85,78.77,5,7,16.79,Dropped
S103362,Student_3362,Female,17,Engineering,500,0.96,49.73,18,3,16.21,Graduated
S103363,Student_3363,Female,30,Computer Science,300,3.88,79.2,6,1,21.65,Graduated
S103364,Student_3364,Female,19,Computer Science,100,3.02,99.51,17,3,14.77,In Progress
S103365,Student_3365,Female,25,Medicine,200,3.11,56.27,10,0,6.12,Graduated
S103366,Student_3366,Male,30,Medicine,500,3.48,67.69,6,1,14.8,In Progress
S103367,Student_3367,Female,30,Law,200,2.79,41.78,17,4,11.17,Graduated
S103368,Student_3368,Male,21,Engineering,100,2.22,66.04,10,6,6.42,Dropped
S103369,Student_3369,Male,28,Business Admin,100,2.35,64.36,17,1,14.61,Dropped
S103370,Student_3370,Female,21,Law,100,3.61,73.88,19,1,10.38,Graduated
S103371,Student_3371,Male,27,Business Admin,400,2.99,55.41,16,6,22.99,Graduated
S103372,Student_3372,Female,20,Business Admin,500,3.7,59.72,12,0,12.11,In Progress
S103373,Student_3373,Male,19,Business Admin,500,3.83,76.59,12,7,8.92,Graduated
S103374,Student_3374,Female,21,Law,500,3.62,94.51,10,1,0.0,Graduated
S103375,Student_3375,Male,30,Computer Science,400,3.88,54.11,9,3,0.0,In Progress
S103376,Student_3376,Female,27,Medicine,100,2.5,80.65,8,2,7.99,Dropped
S103377,Student_3377,Female,20,Computer Science,100,3.42,71.43,18,0,13.63,Dropped
S103378,Student_3378,Female,24,Engineering,200,2.67,46.28,10,0,15.41,Dropped
S103379,Student_3379,Female,20,Law,400,2.23,73.93,17,0,14.8,Graduated
S103380,Student_3380,Male,27,Engineering,300,3.32,82.53,19,3,0.34,In Progress
S103381,Student_3381,Female,28,Medicine,400,3.53,75.9,9,7,6.65,Graduated
S103382,Student_3382,Male,24,Medicine,200,2.76,46.26,14,3,5.75,Graduated
S103383,Student_3383,Male,22,Education,200,3.03,91.27,19,3,14.3,In Progress
S103384,Student_3384,Male,30,Engineering,200,3.49,42.46,19,5,8.37,Graduated
S103385,Student_3385,Female,28,Computer Science,100,2.57,54.16,8,3,16.23,Graduated
S103386,Student_3386,Male,27,Engineering,300,3.57,76.94,10,6,10.23,Graduated
S103387,Student_3387,Male,21,Law,200,2.37,53.08,13,1,8.37,In Progress
S103388,Student_3388,Male,20,Medicine,500,3.29,46.11,13,0,9.24,In Progress
S103389,Student_3389,Female,20,Medicine,100,2.15,70.72,12,7,3.07,Graduated
S103390,Student_3390,Female,28,Engineering,300,3.94,83.35,14,7,7.4,In Progress
S103391,Student_3391,Male,20,Engineering,500,3.48,64.65,5,5,12.58,Graduated
S103392,Student_3392,Female,27,Business Admin,300,4.41,81.91,13,0,9.35,In Progress
S103393,Student_3393,Female,29,Engineering,300,2.35,91.64,9,4,2.72,In Progress
S103394,Student_3394,Male,29,Business Admin,500,3.47,97.53,15,2,0.0,In Progress
S103395,Student_3395,Male,25,Law,400,2.99,54.0,7,1,3.19,Graduated
S103396,Student_3396,Female,20,Law,300,1.97,76.32,12,2,4.57,Graduated
S103397,Student_3397,Male,28,Computer Science,400,3.08,56.01,12,1,14.58,In Progress
S103398,Student_3398,Female,25,Engineering,300,3.4,92.26,13,1,3.91,Graduated
S103399,Student_3399,Female,29,Computer Science,500,4.38,93.42,6,1,7.63,Graduated
S103400,Student_3400,Female,26,Education,300,2.65,59.33,14,0,3.84,Dropped
S103401,Student_3401,Female,22,Law,200,3.33,78.72,8,2,11.77,In Progress
S103402,Student_3402,Female,26,Medicine,200,3.21,93.26,14,2,13.44,Graduated
S103403,Student_3403,Female,29,Business Admin,300,2.88,70.5,6,3,12.96,Graduated
S103404,Student_3404,Male,23,Education,500,2.93,83.23,17,2,9.59,Graduated
S103405,Student_3405,Male,28,Medicine,500,3.52,88.05,17,7,11.05,Graduated
S103406,Student_3406,Female,26,Education,100,2.93,92.31,10,3,14.68,In Progress
S103407,Student_3407,Female,19,Computer Science,500,2.84,70.91,5,4,8.23,Graduated
S103408,Student_3408,Female,24,Computer Science,400,2.65,96.51,18,3,9.09,Dropped
S103409,Student_3409,Male,19,Business Admin,300,1.95,77.74,14,5,15.11,Graduated
S103410,Student_3410,Female,17,Law,200,3.65,49.1,7,1,9.52,Graduated
S103411,Student_3411,Male,29,Business Admin,500,2.64,76.75,6,0,10.38,Graduated
S103412,Student_3412,Female,29,Medicine,200,3.86,57.91,11,5,16.66,Graduated
S103413,Student_3413,Female,26,Education,100,3.88,62.33,12,1,8.13,Graduated
S103414,Student_3414,Male,28,Business Admin,300,4.68,88.53,6,6,13.94,In Progress
S103415,Student_3415,Male,21,Engineering,500,3.31,98.4,20,4,13.45,Graduated
S103416,Student_3416,Female,18,Engineering,200,3.39,92.19,13,5,11.12,Graduated
S103417,Student_3417,Female,26,Law,500,3.43,59.55,15,0,10.71,In Progress
S103418,Student_3418,Female,30,Business Admin,100,3.18,67.22,20,4,2.48,In Progress
S103419,Student_3419,Male,22,Medicine,200,3.83,99.01,5,5,19.34,Graduated
S103420,Student_3420,Male,29,Engineering,200,2.94,95.41,6,1,8.95,Graduated
S103421,Student_3421,Male,26,Law,300,3.39,98.62,7,7,13.12,In Progress
S103422,Student_3422,Male,25,Business Admin,300,2.92,65.98,6,0,14.95,In Progress
S103423,Student_3423,Male,17,Law,200,2.08,88.03,20,4,11.82,Graduated
S103424,Student_3424,Male,30,Medicine,300,3.52,92.27,18,5,16.31,In Progress
S103425,Student_3425,Female,29,Engineering,200,1.08,42.66,5,3,14.58,Graduated
S103426,Student_3426,Female,20,Engineering,400,3.38,55.97,12,2,0.82,Dropped
S103427,Student_3427,Male,17,Engineering,500,3.76,93.01,19,1,9.89,Graduated
S103428,Student_3428,Female,17,Computer Science,400,3.41,63.32,5,3,0.0,In Progress
S103429,Student_3429,Female,24,Engineering,400,2.45,56.72,9,4,8.57,In Progress
S103430,Student_3430,Male,30,Education,500,4.08,56.36,15,4,5.71,Graduated
S103431,Student_3431,Female,30,Computer Science,200,4.27,62.52,17,5,5.31,In Progress
S103432,Student_3432,Male,29,Business Admin,200,3.47,54.64,20,7,10.77,In Progress
S103433,Student_3433,Male,30,Computer Science,300,4.3,40.2,10,5,13.28,In Progress
S103434,Student_3434,Female,27,Computer Science,100,4.48,50.36,11,0,1.89,Graduated
S103435,Student_3435,Male,18,Computer Science,200,2.55,92.95,7,3,20.87,Graduated
S103436,Student_3436,Male,17,Law,500,2.36,44.54,20,7,12.28,Graduated
S103437,Student_3437,Male,27,Education,100,3.52,64.78,16,4,9.67,Dropped
S103438,Student_3438,Male,24,Medicine,500,0.8,67.39,19,0,9.56,Dropped
S103439,Student_3439,Male,20,Engineering,500,2.84,86.69,15,2,1.38,Graduated
S103440,Student_3440,Male,19,Computer Science,500,2.54,55.16,19,2,6.69,In Progress
S103441,Student_3441,Male,29,Medicine,100,2.87,58.58,11,0,4.68,Graduated
S103442,Student_3442,Male,28,Law,400,2.14,40.86,12,3,6.51,Dropped
S103443,Student_3443,Female,20,Medicine,500,2.89,94.17,14,0,13.07,Graduated
S103444,Student_3444,Female,30,Computer Science,300,3.42,81.13,7,5,5.98,Graduated
S103445,Student_3445,Female,27,Business Admin,200,4.21,55.77,9,0,11.91,Graduated
S103446,Student_3446,Male,21,Education,200,3.33,93.25,5,3,13.0,Graduated
S103447,Student_3447,Male,17,Medicine,200,1.76,45.19,13,2,11.11,Graduated
S103448,Student_3448,Female,30,Computer Science,100,3.05,62.1,12,4,19.94,Graduated
S103449,Student_3449,Female,27,Computer Science,300,3.99,73.82,7,2,11.46,In Progress
S103450,Student_3450,Female,17,Engineering,300,2.85,70.33,8,5,17.25,Graduated
S103451,Student_3451,Male,19,Business Admin,300,3.48,79.29,5,3,19.35,In Progress
S103452,Student_3452,Female,22,Engineering,300,3.85,57.86,18,6,9.33,In Progress
S103453,Student_3453,Female,17,Business Admin,300,3.12,85.47,5,1,25.0,Dropped
S103454,Student_3454,Male,30,Education,400,3.25,64.33,19,3,16.5,Dropped
S103455,Student_3455,Female,27,Engineering,300,3.41,47.52,18,7,4.87,In Progress
S103456,Student_3456,Male,28,Education,300,2.71,84.42,10,2,16.28,Dropped
S103457,Student_3457,Male,18,Law,100,2.86,94.72,10,2,6.74,Dropped
S103458,Student_3458,Male,28,Law,100,2.39,61.87,13,6,12.62,Graduated
S103459,Student_3459,Female,30,Business Admin,300,2.66,75.38,16,3,15.6,In Progress
S103460,Student_3460,Female,23,Business Admin,400,3.57,81.27,9,3,14.34,Graduated
S103461,Student_3461,Male,30,Engineering,300,3.38,89.89,7,3,6.83,Graduated
S103462,Student_3462,Female,30,Law,300,2.21,51.88,10,2,5.8,Graduated
S103463,Student_3463,Female,17,Medicine,300,2.33,74.2,12,6,4.71,Graduated
S103464,Student_3464,Female,29,Medicine,500,2.59,84.42,16,5,17.89,Graduated
S103465,Student_3465,Female,30,Medicine,400,2.01,51.95,19,0,14.54,In Progress
S103466,Student_3466,Male,23,Law,200,3.18,68.35,11,1,16.22,In Progress
S103467,Student_3467,Female,20,Medicine,300,2.56,67.86,15,0,1.24,Dropped
S103468,Student_3468,Male,26,Education,200,3.36,90.36,14,5,13.83,Graduated
S103469,Student_3469,Male,30,Computer Science,400,3.71,86.64,18,2,6.73,Graduated
S103470,Student_3470,Female,22,Business Admin,300,1.83,53.92,7,7,4.43,Graduated
S103471,Student_3471,Male,30,Engineering,200,2.56,53.98,18,0,3.35,Graduated
S103472,Student_3472,Female,24,Education,200,1.92,83.4,5,3,10.38,Graduated
S103473,Student_3473,Female,25,Medicine,400,1.71,84.38,8,4,8.78,Dropped
S103474,Student_3474,Male,22,Computer Science,300,3.38,50.73,10,3,12.61,Graduated
S103475,Student_3475,Male,28,Engineering,500,3.15,64.67,8,1,10.57,In Progress
S103476,Student_3476,Male,27,Education,400,2.6,89.55,9,3,13.37,In Progress
S103477,Student_3477,Male,29,Engineering,500,2.33,44.77,14,4,9.24,Graduated
S103478,Student_3478,Female,30,Business Admin,300,2.24,62.43,11,2,6.01,Graduated
S103479,Student_3479,Female,25,Law,200,3.12,78.67,19,0,14.89,In Progress
S103480,Student_3480,Female,20,Medicine,400,2.84,86.27,9,3,12.82,Dropped
S103481,Student_3481,Male,22,Education,400,2.37,79.16,9,5,9.98,In Progress
S103482,Student_3482,Male,24,Education,400,3.29,63.85,6,0,10.1,Graduated
S103483,Student_3483,Male,25,Computer Science,100,3.2,99.52,5,1,7.9,Graduated
S103484,Student_3484,Female,19,Computer Science,300,2.32,42.49,8,6,13.17,Graduated
S103485,Student_3485,Male,18,Computer Science,100,2.67,69.69,15,5,13.16,In Progress
S103486,Student_3486,Female,22,Engineering,400,3.6,70.6,14,5,5.02,Graduated
S103487,Student_3487,Male,20,Medicine,400,3.52,54.39,17,0,18.12,In Progress
S103488,Student_3488,Female,17,Engineering,500,2.54,73.52,12,1,9.08,Graduated
S103489,Student_3489,Female,24,Medicine,100,4.16,53.2,19,1,7.98,Graduated
S103490,Student_3490,Male,25,Education,200,2.88,66.6,7,5,16.03,Graduated
S103491,Student_3491,Male,30,Engineering,300,3.55,65.9,10,3,13.36,Graduated
S103492,Student_3492,Female,25,Engineering,200,2.26,86.39,14,5,12.74,Graduated
S103493,Student_3493,Female,18,Engineering,200,2.89,96.56,18,5,13.17,Graduated
S103494,Student_3494,Male,25,Law,300,2.36,52.17,6,5,15.95,In Progress
S103495,Student_3495,Male,23,Business Admin,400,1.84,99.49,13,4,4.6,Graduated
S103496,Student_3496,Female,21,Medicine,500,2.97,96.42,18,0,6.97,Dropped
S103497,Student_3497,Male,23,Medicine,400,2.77,46.76,13,1,17.8,In Progress
S103498,Student_3498,Female,29,Engineering,400,3.75,94.74,8,1,6.45,Graduated
S103499,Student_3499,Female,25,Law,100,2.6,73.87,16,7,4.58,Dropped
S103500,Student_3500,Male,24,Engineering,200,3.19,92.74,15,1,12.01,Graduated
S103501,Student_3501,Male,22,Medicine,200,2.72,96.74,16,2,7.87,Graduated
S103502,Student_3502,Male,29,Business Admin,200,2.32,91.53,12,5,13.08,Graduated
S103503,Student_3503,Male,20,Business Admin,500,3.56,64.17,18,0,9.21,In Progress
S103504,Student_3504,Male,29,Education,500,2.57,78.21,18,0,7.83,In Progress
S103505,Student_3505,Female,17,Law,500,2.7,67.89,6,1,5.15,In Progress
S103506,Student_3506,Female,22,Business Admin,300,2.17,61.99,20,0,12.52,Graduated
S103507,Student_3507,Male,19,Law,500,1.82,55.04,14,7,8.87,In Progress
S103508,Student_3508,Male,22,Engineering,100,3.32,66.49,6,0,10.86,Dropped
S103509,Student_3509,Male,22,Education,100,2.93,88.36,10,2,6.0,Graduated
S103510,Student_3510,Female,30,Medicine,400,3.64,90.64,6,1,12.19,Graduated
S103511,Student_3511,Male,20,Business Admin,400,3.36,97.48,5,0,9.93,Graduated
S103512,Student_3512,Male,18,Business Admin,400,2.13,57.44,14,4,9.59,In Progress
S103513,Student_3513,Female,25,Computer Science,400,3.0,79.02,20,1,12.48,Graduated
S103514,Student_3514,Female,18,Medicine,100,2.98,81.63,6,0,0.0,Graduated
S103515,Student_3515,Male,19,Business Admin,400,3.71,51.48,6,2,4.74,Graduated
S103516,Student_3516,Male,26,Business Admin,100,3.86,62.01,9,5,9.07,In Progress
S103517,Student_3517,Male,17,Medicine,500,1.79,60.54,18,4,10.67,In Progress
S103518,Student_3518,Female,23,Education,500,3.77,99.15,10,3,11.76,Graduated
S103519,Student_3519,Male,17,Law,300,3.67,97.5,15,3,6.71,Graduated
S103520,Student_3520,Male,27,Medicine,400,2.43,89.31,18,5,11.55,In Progress
S103521,Student_3521,Male,25,Law,500,2.97,68.37,20,4,7.99,In Progress
S103522,Student_3522,Female,27,Education,500,1.53,55.84,19,3,6.19,Graduated
S103523,Student_3523,Female,27,Education,200,2.96,94.96,7,6,12.88,Graduated
S103524,Student_3524,Male,17,Engineering,200,2.27,56.08,20,4,13.78,In Progress
S103525,Student_3525,Male,21,Computer Science,100,3.36,71.32,12,6,13.34,Graduated
S103526,Student_3526,Female,23,Education,300,3.29,54.7,6,7,10.92,In Progress
S103527,Student_3527,Female,19,Education,200,2.93,98.28,18,5,11.74,Graduated
S103528,Student_3528,Female,25,Law,300,3.14,42.51,14,6,11.72,Graduated
S103529,Student_3529,Female,24,Education,500,2.45,50.46,7,7,14.61,Graduated
S103530,Student_3530,Female,29,Medicine,100,2.21,85.9,8,5,17.46,Graduated
S103531,Student_3531,Female,19,Engineering,300,4.48,49.09,9,0,15.34,In Progress
S103532,Student_3532,Female,21,Engineering,200,3.72,98.76,9,3,2.96,In Progress
S103533,Student_3533,Female,23,Medicine,500,3.09,59.28,10,3,7.57,In Progress
S103534,Student_3534,Female,28,Business Admin,400,2.85,95.12,8,4,18.57,Graduated
S103535,Student_3535,Male,30,Education,500,4.68,79.74,14,0,2.05,Graduated
S103536,Student_3536,Male,20,Computer Science,200,4.17,78.05,15,0,7.84,Graduated
S103537,Student_3537,Male,21,Education,200,2.8,94.92,11,1,19.46,In Progress
S103538,Student_3538,Female,19,Engineering,400,2.32,70.8,17,1,4.16,Graduated
S103539,Student_3539,Male,25,Computer Science,500,3.04,64.05,16,0,6.08,Graduated
S103540,Student_3540,Female,26,Business Admin,300,2.74,53.06,12,5,9.5,Graduated
S103541,Student_3541,Female,25,Law,300,2.34,48.67,19,7,3.28,Graduated
S103542,Student_3542,Male,23,Law,500,3.96,87.51,8,5,14.25,Graduated
S103543,Student_3543,Female,26,Education,300,3.37,47.68,13,7,12.66,Graduated
S103544,Student_3544,Male,18,Education,500,2.71,63.64,10,7,15.73,Graduated
S103545,Student_3545,Male,23,Computer Science,500,2.71,64.55,16,5,2.02,Dropped
S103546,Student_3546,Male,23,Computer Science,200,3.01,79.87,12,4,12.62,Dropped
S103547,Student_3547,Female,27,Business Admin,100,2.66,56.71,13,2,9.87,Graduated
S103548,Student_3548,Male,21,Education,200,2.6,90.29,5,2,2.12,In Progress
S103549,Student_3549,Female,25,Engineering,300,4.44,52.45,18,1,19.88,Graduated
S103550,Student_3550,Male,29,Law,100,2.36,87.35,9,3,5.05,In Progress
S103551,Student_3551,Male,28,Business Admin,500,1.45,90.99,19,2,12.21,Graduated
S103552,Student_3552,Male,27,Computer Science,300,3.46,51.59,11,7,8.27,Graduated
S103553,Student_3553,Female,19,Engineering,400,3.78,88.56,14,3,12.9,Graduated
S103554,Student_3554,Female,20,Education,300,3.11,82.82,6,7,7.3,Graduated
S103555,Student_3555,Female,17,Medicine,100,1.87,92.46,16,3,14.37,Graduated
S103556,Student_3556,Male,22,Computer Science,100,2.9,70.6,15,6,17.75,In Progress
S103557,Student_3557,Male,20,Business Admin,500,2.64,54.03,11,5,10.63,Graduated
S103558,Student_3558,Female,17,Medicine,400,3.94,94.72,11,5,1.85,Graduated
S103559,Student_3559,Female,18,Engineering,500,2.41,87.4,7,7,3.9,In Progress
S103560,Student_3560,Female,19,Law,400,3.16,41.26,13,7,18.97,Graduated
S103561,Student_3561,Female,25,Engineering,400,3.42,96.36,11,5,12.89,Graduated
S103562,Student_3562,Female,29,Law,500,2.4,96.91,18,0,9.02,Graduated
S103563,Student_3563,Female,24,Engineering,300,2.58,61.32,16,7,15.47,In Progress
S103564,Student_3564,Male,23,Computer Science,200,3.3,40.6,16,2,8.49,Graduated
S103565,Student_3565,Female,29,Computer Science,400,0.76,73.15,14,2,14.48,Dropped
S103566,Student_3566,Male,27,Business Admin,100,3.95,94.82,15,3,0.49,In Progress
S103567,Student_3567,Male,28,Medicine,500,2.29,47.47,9,3,7.91,Graduated
S103568,Student_3568,Female,30,Engineering,300,3.03,75.43,11,5,5.79,Graduated
S103569,Student_3569,Female,20,Engineering,400,2.05,83.91,11,0,2.91,In Progress
S103570,Student_3570,Male,17,Medicine,300,3.92,48.08,10,5,6.53,Graduated
S103571,Student_3571,Female,24,Education,500,3.0,70.8,8,4,9.17,Graduated
S103572,Student_3572,Female,20,Business Admin,100,3.15,45.33,12,2,7.04,Graduated
S103573,Student_3573,Male,19,Engineering,400,3.39,73.49,16,5,12.46,Graduated
S103574,Student_3574,Male,25,Business Admin,400,3.76,66.53,6,5,10.5,Dropped
S103575,Student_3575,Male,26,Engineering,300,2.22,55.88,17,7,7.47,In Progress
S103576,Student_3576,Female,20,Engineering,500,2.81,91.18,17,7,15.8,Dropped
S103577,Student_3577,Male,20,Education,200,3.88,62.91,20,2,13.76,Graduated
S103578,Student_3578,Female,30,Computer Science,400,2.69,81.99,12,0,11.81,In Progress
S103579,Student_3579,Male,25,Business Admin,100,3.96,87.44,17,0,3.84,In Progress
S103580,Student_3580,Male,29,Medicine,400,3.14,50.72,18,6,11.66,Graduated
S103581,Student_3581,Male,28,Business Admin,400,2.7,47.15,9,4,13.13,Graduated
S103582,Student_3582,Female,27,Education,200,3.49,40.47,11,3,14.21,Graduated
S103583,Student_3583,Female,28,Law,200,2.89,58.35,7,2,7.79,In Progress
S103584,Student_3584,Male,30,Law,500,3.6,88.96,18,3,16.12,Graduated
S103585,Student_3585,Male,18,Education,400,2.66,86.37,20,2,15.51,Graduated
S103586,Student_3586,Male,30,Education,400,3.6,92.31,11,6,17.78,Graduated
S103587,Student_3587,Female,28,Computer Science,300,3.31,85.64,13,0,3.45,Graduated
S103588,Student_3588,Male,21,Business Admin,300,2.76,41.44,11,5,8.04,Graduated
S103589,Student_3589,Female,20,Business Admin,100,1.72,63.13,17,6,3.39,Graduated
S103590,Student_3590,Male,25,Law,100,3.33,40.36,5,0,5.95,Graduated
S103591,Student_3591,Male,28,Medicine,300,3.75,42.16,13,6,3.07,In Progress
S103592,Student_3592,Male,21,Business Admin,100,3.13,68.71,11,0,4.66,In Progress
S103593,Student_3593,Male,25,Engineering,400,1.43,61.6,6,6,13.23,In Progress
S103594,Student_3594,Male,27,Engineering,200,3.8,73.51,9,4,7.82,Graduated
S103595,Student_3595,Male,25,Computer Science,400,3.28,43.97,15,6,4.23,In Progress
S103596,Student_3596,Female,30,Computer Science,300,3.43,75.3,20,2,20.03,Dropped
S103597,Student_3597,Male,18,Law,500,2.94,43.9,14,6,11.81,Graduated
S103598,Student_3598,Female,30,Medicine,500,1.65,65.42,19,0,4.54,Graduated
S103599,Student_3599,Male,25,Medicine,300,3.41,61.14,6,5,8.75,Graduated
S103600,Student_3600,Male,19,Education,400,2.85,53.44,11,6,10.95,Graduated
S103601,Student_3601,Female,20,Computer Science,100,2.49,58.72,13,4,8.49,In Progress
S103602,Student_3602,Male,17,Business Admin,100,4.22,40.03,8,3,7.37,Graduated
S103603,Student_3603,Female,30,Engineering,500,3.41,59.45,7,4,6.97,In Progress
S103604,Student_3604,Female,17,Business Admin,300,3.15,44.7,10,4,13.57,Graduated
S103605,Student_3605,Male,17,Engineering,300,2.4,95.28,12,1,13.19,In Progress
S103606,Student_3606,Female,25,Law,200,2.31,44.46,12,7,4.94,Dropped
S103607,Student_3607,Female,27,Engineering,500,3.35,97.19,12,3,1.32,Dropped
S103608,Student_3608,Male,24,Business Admin,300,1.6,69.49,9,1,5.61,Graduated
S103609,Student_3609,Female,21,Business Admin,200,3.39,70.79,17,5,16.3,Graduated
S103610,Student_3610,Male,21,Medicine,100,3.43,87.29,15,6,8.55,In Progress
S103611,Student_3611,Male,25,Medicine,500,3.96,81.72,17,2,8.27,Dropped
S103612,Student_3612,Male,19,Computer Science,500,3.69,54.22,16,4,12.44,Dropped
S103613,Student_3613,Male,19,Business Admin,300,3.8,41.53,10,4,3.72,Graduated
S103614,Student_3614,Female,23,Law,300,2.58,86.71,16,6,10.92,Graduated
S103615,Student_3615,Male,25,Engineering,400,1.97,47.78,20,7,8.11,Graduated
S103616,Student_3616,Male,22,Computer Science,100,3.12,75.9,17,4,7.44,In Progress
S103617,Student_3617,Female,30,Education,100,3.31,96.56,6,4,5.51,In Progress
S103618,Student_3618,Male,18,Education,200,3.71,72.97,20,1,16.07,In Progress
S103619,Student_3619,Male,17,Engineering,200,4.04,57.13,10,2,10.78,In Progress
S103620,Student_3620,Female,18,Engineering,400,2.18,50.73,18,1,12.45,Graduated
S103621,Student_3621,Female,30,Engineering,100,3.6,41.62,20,4,8.28,Graduated
S103622,Student_3622,Female,30,Medicine,200,1.43,77.39,17,2,14.37,Graduated
S103623,Student_3623,Female,17,Engineering,100,3.19,73.48,9,7,15.88,In Progress
S103624,Student_3624,Female,26,Education,100,3.49,67.7,7,3,9.61,Graduated
S103625,Student_3625,Female,26,Engineering,200,1.93,51.63,12,1,4.48,Dropped
S103626,Student_3626,Female,25,Business Admin,300,3.44,54.2,8,6,13.11,Dropped
S103627,Student_3627,Male,26,Law,300,2.25,97.51,18,0,2.06,Dropped
S103628,Student_3628,Female,28,Education,200,2.72,41.22,6,3,7.61,In Progress
S103629,Student_3629,Female,30,Law,400,3.6,61.81,15,7,10.95,In Progress
S103630,Student_3630,Female,29,Education,500,2.78,42.33,7,3,9.85,Graduated
S103631,Student_3631,Male,24,Computer Science,100,2.77,51.49,6,4,21.15,Graduated
S103632,Student_3632,Male,23,Business Admin,500,3.22,95.99,6,4,12.17,Graduated
S103633,Student_3633,Female,19,Education,200,3.56,48.97,7,3,12.5,In Progress
S103634,Student_3634,Female,24,Business Admin,100,3.0,76.05,17,6,11.77,Graduated
S103635,Student_3635,Female,18,Education,500,4.11,60.82,11,6,9.68,Graduated
S103636,Student_3636,Male,18,Law,300,2.77,77.98,14,1,12.37,Graduated
S103637,Student_3637,Male,27,Law,400,3.86,91.13,20,2,10.44,Graduated
S103638,Student_3638,Female,26,Education,500,3.37,57.19,18,1,6.65,Graduated
S103639,Student_3639,Male,19,Education,400,3.47,44.72,5,1,17.94,In Progress
S103640,Student_3640,Female,23,Medicine,300,2.19,52.25,14,3,8.98,Graduated
S103641,Student_3641,Male,17,Business Admin,500,3.85,66.35,10,1,2.18,Graduated
S103642,Student_3642,Male,24,Business Admin,200,3.08,70.9,15,6,0.0,In Progress
S103643,Student_3643,Female,28,Business Admin,100,4.62,96.51,5,2,7.31,Graduated
S103644,Student_3644,Female,23,Business Admin,300,3.18,40.97,7,6,11.39,Graduated
S103645,Student_3645,Female,20,Computer Science,400,2.99,85.46,16,3,11.68,Dropped
S103646,Student_3646,Female,30,Computer Science,400,2.64,44.35,8,1,0.0,Graduated
S103647,Student_3647,Male,21,Engineering,300,3.0,44.68,17,4,16.64,Graduated
S103648,Student_3648,Male,26,Education,200,3.99,79.25,20,5,11.38,Graduated
S103649,Student_3649,Male,29,Education,200,3.55,94.54,12,1,10.56,Graduated
S103650,Student_3650,Female,17,Education,400,3.21,57.26,6,7,14.1,In Progress
S103651,Student_3651,Male,20,Education,300,3.6,56.16,19,5,13.43,Graduated
S103652,Student_3652,Female,17,Business Admin,300,2.69,77.06,11,6,15.08,In Progress
S103653,Student_3653,Male,17,Business Admin,100,2.64,86.58,7,5,6.44,Graduated
S103654,Student_3654,Female,26,Computer Science,400,2.56,92.14,5,7,13.08,Graduated
S103655,Student_3655,Female,17,Law,200,3.69,54.98,10,5,15.23,Graduated
S103656,Student_3656,Male,23,Medicine,500,3.76,84.41,6,3,10.46,Graduated
S103657,Student_3657,Female,23,Business Admin,200,2.44,58.43,17,7,8.72,Graduated
S103658,Student_3658,Female,20,Business Admin,200,2.53,72.69,7,3,10.88,In Progress
S103659,Student_3659,Male,29,Business Admin,500,2.9,51.45,18,5,13.17,Graduated
S103660,Student_3660,Female,28,Law,400,2.28,48.76,10,4,14.76,Graduated
S103661,Student_3661,Female,18,Law,100,3.16,96.12,7,7,0.03,In Progress
S103662,Student_3662,Female,28,Computer Science,200,4.01,72.83,16,3,9.94,In Progress
S103663,Student_3663,Male,19,Business Admin,200,3.26,40.28,9,6,11.11,In Progress
S103664,Student_3664,Male,24,Medicine,400,3.72,87.61,18,7,9.47,Graduated
S103665,Student_3665,Female,29,Education,400,2.08,81.45,7,5,10.5,Dropped
S103666,Student_3666,Male,24,Business Admin,300,2.65,59.55,16,5,9.28,Graduated
S103667,Student_3667,Female,27,Computer Science,400,1.67,67.84,11,0,7.09,In Progress
S103668,Student_3668,Female,27,Computer Science,400,2.96,66.99,11,6,8.0,Graduated
S103669,Student_3669,Female,22,Medicine,200,4.53,56.49,16,3,5.72,In Progress
S103670,Student_3670,Female,26,Engineering,100,4.24,98.83,5,1,7.79,Graduated
S103671,Student_3671,Female,25,Computer Science,200,3.27,72.63,10,2,18.73,Graduated
S103672,Student_3672,Male,27,Law,400,3.06,93.84,17,1,13.52,Dropped
S103673,Student_3673,Female,28,Law,300,3.34,75.12,17,3,8.39,Graduated
S103674,Student_3674,Male,25,Education,100,2.17,81.41,19,5,7.58,Graduated
S103675,Student_3675,Male,20,Computer Science,300,3.17,41.77,7,6,10.65,In Progress
S103676,Student_3676,Female,28,Education,500,1.5,70.71,11,0,6.9,Graduated
S103677,Student_3677,Female,17,Computer Science,300,1.21,83.28,5,7,17.51,Dropped
S103678,Student_3678,Male,17,Medicine,300,2.76,47.31,14,1,12.13,Dropped
S103679,Student_3679,Male,28,Business Admin,400,4.66,80.7,7,2,2.54,In Progress
S103680,Student_3680,Male,26,Computer Science,400,4.17,45.06,16,5,2.78,Graduated
S103681,Student_3681,Female,21,Engineering,400,3.8,88.42,14,1,4.99,In Progress
S103682,Student_3682,Male,30,Law,400,3.01,98.67,6,4,8.72,In Progress
S103683,Student_3683,Female,29,Medicine,400,4.09,77.6,18,0,2.11,Graduated
S103684,Student_3684,Female,18,Business Admin,300,2.64,44.62,12,3,11.37,In Progress
S103685,Student_3685,Female,22,Business Admin,500,2.17,75.21,12,7,8.72,Dropped
S103686,Student_3686,Male,23,Law,400,2.6,84.45,15,7,6.71,Graduated
S103687,Student_3687,Female,17,Business Admin,500,1.88,95.99,18,7,10.69,Graduated
S103688,Student_3688,Female,22,Education,500,4.59,42.73,13,6,20.81,Graduated
S103689,Student_3689,Female,24,Medicine,200,3.38,86.5,17,7,6.42,Dropped
S103690,Student_3690,Female,28,Engineering,200,2.39,47.95,13,7,19.1,Graduated
S103691,Student_3691,Female,21,Law,100,2.94,87.44,15,1,8.07,Graduated
S103692,Student_3692,Male,30,Computer Science,200,2.92,93.32,17,1,7.03,Graduated
S103693,Student_3693,Female,28,Computer Science,400,4.0,91.67,6,6,6.76,Graduated
S103694,Student_3694,Female,23,Computer Science,500,4.57,79.17,11,1,15.12,In Progress
S103695,Student_3695,Male,26,Medicine,100,3.76,70.05,11,1,9.86,Graduated
S103696,Student_3696,Female,22,Engineering,200,3.52,92.48,8,2,8.1,Graduated
S103697,Student_3697,Male,20,Business Admin,300,3.22,71.14,10,4,0.0,Graduated
S103698,Student_3698,Female,23,Engineering,100,3.08,51.41,5,5,2.9,In Progress
S103699,Student_3699,Male,26,Engineering,400,3.06,96.57,18,4,15.1,Graduated
S103700,Student_3700,Male,25,Law,500,3.08,62.4,10,0,16.41,Graduated
S103701,Student_3701,Female,26,Medicine,400,2.86,77.46,19,0,16.96,Dropped
S103702,Student_3702,Female,26,Computer Science,400,2.69,51.95,17,2,4.84,In Progress
S103703,Student_3703,Female,29,Law,300,2.26,46.63,5,7,12.92,In Progress
S103704,Student_3704,Male,23,Business Admin,300,2.84,73.06,9,6,5.79,Graduated
S103705,Student_3705,Male,28,Engineering,500,2.08,73.28,8,6,16.39,In Progress
S103706,Student_3706,Male,30,Computer Science,200,2.61,62.18,10,7,14.07,In Progress
S103707,Student_3707,Female,21,Medicine,400,2.92,58.7,15,4,10.83,In Progress
S103708,Student_3708,Male,23,Education,200,3.18,62.45,19,7,5.01,In Progress
S103709,Student_3709,Male,19,Engineering,500,3.17,87.71,15,0,16.26,Graduated
S103710,Student_3710,Female,18,Engineering,400,3.35,61.46,9,3,10.87,In Progress
S103711,Student_3711,Male,27,Engineering,200,3.29,95.28,9,4,13.33,In Progress
S103712,Student_3712,Male,21,Engineering,400,4.26,46.78,7,1,2.67,Graduated
S103713,Student_3713,Female,20,Computer Science,300,4.16,95.89,14,4,4.11,Dropped
S103714,Student_3714,Male,21,Medicine,300,2.73,81.37,19,3,7.73,In Progress
S103715,Student_3715,Female,24,Law,100,3.64,60.66,6,1,24.65,Dropped
S103716,Student_3716,Female,28,Computer Science,500,2.88,40.41,11,4,3.55,In Progress
S103717,Student_3717,Female,20,Medicine,200,1.83,88.15,14,1,7.59,In Progress
S103718,Student_3718,Female,25,Law,400,3.47,98.16,19,1,8.45,Graduated
S103719,Student_3719,Female,23,Engineering,100,2.63,98.95,16,2,16.89,Graduated
S103720,Student_3720,Male,26,Medicine,500,2.52,65.4,12,3,11.55,Graduated
S103721,Student_3721,Male,29,Engineering,500,2.59,44.23,9,2,2.23,Graduated
S103722,Student_3722,Female,28,Medicine,500,2.47,58.83,13,7,8.02,Dropped
S103723,Student_3723,Female,23,Business Admin,200,4.28,58.58,5,4,7.56,Graduated
S103724,Student_3724,Male,29,Education,300,2.16,46.14,17,6,2.44,Graduated
S103725,Student_3725,Female,29,Engineering,100,2.89,71.48,7,5,10.05,Graduated
S103726,Student_3726,Female,24,Engineering,200,1.82,76.27,12,6,11.34,Graduated
S103727,Student_3727,Female,28,Engineering,400,2.49,83.73,9,6,15.34,In Progress
S103728,Student_3728,Male,22,Business Admin,200,2.08,43.06,6,1,12.51,Graduated
S103729,Student_3729,Male,24,Computer Science,400,3.36,56.52,14,7,4.1,In Progress
S103730,Student_3730,Female,19,Law,400,1.93,61.31,13,4,9.16,Dropped
S103731,Student_3731,Female,26,Engineering,500,4.0,93.53,17,4,18.78,Graduated
S103732,Student_3732,Male,26,Engineering,200,2.08,94.08,5,5,11.96,Graduated
S103733,Student_3733,Male,30,Computer Science,300,2.27,55.6,7,7,12.34,Dropped
S103734,Student_3734,Female,17,Computer Science,400,3.47,69.24,18,7,5.82,In Progress
S103735,Student_3735,Female,22,Education,500,4.31,65.49,18,2,6.93,In Progress
S103736,Student_3736,Male,17,Medicine,300,2.69,71.6,18,4,5.83,Graduated
S103737,Student_3737,Male,25,Engineering,200,3.42,57.17,8,3,10.16,In Progress
S103738,Student_3738,Male,30,Medicine,300,2.27,67.78,11,1,10.83,In Progress
S103739,Student_3739,Female,18,Computer Science,200,2.64,48.72,8,0,10.65,In Progress
S103740,Student_3740,Male,27,Computer Science,400,2.92,82.57,15,5,15.45,Graduated
S103741,Student_3741,Female,18,Education,100,2.42,62.18,6,3,10.93,Graduated
S103742,Student_3742,Male,23,Law,100,3.8,72.55,6,6,0.0,Dropped
S103743,Student_3743,Male,18,Business Admin,400,3.56,76.28,20,0,7.78,In Progress
S103744,Student_3744,Male,26,Business Admin,300,2.63,90.19,14,7,9.37,Graduated
S103745,Student_3745,Male,24,Business Admin,200,1.28,44.91,5,7,7.32,In Progress
S103746,Student_3746,Female,22,Computer Science,100,2.49,68.96,11,5,8.92,Graduated
S103747,Student_3747,Female,30,Engineering,200,3.88,93.64,18,0,6.69,In Progress
S103748,Student_3748,Male,23,Education,400,2.91,59.79,13,7,16.28,In Progress
S103749,Student_3749,Female,23,Law,300,3.72,66.67,16,2,3.3,Graduated
S103750,Student_3750,Male,22,Business Admin,200,4.16,45.1,14,0,3.33,Graduated
S103751,Student_3751,Male,26,Education,300,3.42,85.04,6,1,2.29,Graduated
S103752,Student_3752,Male,27,Computer Science,100,3.79,45.1,11,2,13.87,Graduated
S103753,Student_3753,Male,25,Business Admin,200,2.6,77.86,18,3,2.34,Graduated
S103754,Student_3754,Female,29,Law,500,3.81,62.45,19,3,12.73,In Progress
S103755,Student_3755,Male,25,Medicine,100,2.85,60.29,12,7,9.33,In Progress
S103756,Student_3756,Male,23,Law,300,2.46,75.13,7,3,8.66,Graduated
S103757,Student_3757,Female,25,Engineering,400,4.48,74.06,8,5,11.99,Graduated
S103758,Student_3758,Male,29,Business Admin,500,2.99,64.33,18,6,18.56,Graduated
S103759,Student_3759,Male,26,Business Admin,200,2.5,56.7,13,4,3.89,In Progress
S103760,Student_3760,Male,19,Medicine,100,3.3,70.49,8,7,6.42,Graduated
S103761,Student_3761,Female,19,Medicine,200,2.24,56.03,10,6,2.11,Graduated
S103762,Student_3762,Male,17,Business Admin,200,2.12,46.16,12,2,10.96,Graduated
S103763,Student_3763,Female,21,Engineering,500,2.85,87.95,14,2,7.45,Dropped
S103764,Student_3764,Male,20,Medicine,500,1.99,82.14,6,2,4.49,Dropped
S103765,Student_3765,Male,18,Computer Science,500,2.67,45.06,5,1,7.68,Dropped
S103766,Student_3766,Female,25,Business Admin,500,2.08,49.76,11,2,4.87,Graduated
S103767,Student_3767,Male,19,Law,400,3.69,46.01,5,1,14.03,Graduated
S103768,Student_3768,Male,24,Law,300,4.18,87.44,8,5,0.08,Graduated
S103769,Student_3769,Female,22,Engineering,500,2.03,86.37,9,3,17.13,In Progress
S103770,Student_3770,Female,30,Computer Science,100,4.49,64.48,6,4,16.83,Graduated
S103771,Student_3771,Female,29,Medicine,200,3.53,89.28,14,0,5.72,Graduated
S103772,Student_3772,Female,21,Business Admin,500,3.17,98.44,17,6,11.47,Graduated
S103773,Student_3773,Female,17,Law,100,1.93,98.23,8,6,22.06,Graduated
S103774,Student_3774,Male,20,Law,400,1.85,98.85,15,4,11.17,Graduated
S103775,Student_3775,Female,19,Law,100,2.97,90.78,15,4,4.94,In Progress
S103776,Student_3776,Male,17,Law,100,2.88,53.02,14,5,14.7,In Progress
S103777,Student_3777,Male,28,Education,400,2.79,43.45,15,6,12.88,In Progress
S103778,Student_3778,Male,21,Engineering,400,3.03,88.7,11,4,4.73,Graduated
S103779,Student_3779,Female,22,Medicine,200,2.5,58.51,8,0,5.51,Graduated
S103780,Student_3780,Female,18,Business Admin,500,2.84,60.27,15,1,8.92,In Progress
S103781,Student_3781,Male,30,Business Admin,100,3.0,44.38,5,3,18.23,Graduated
S103782,Student_3782,Female,19,Business Admin,300,4.8,82.88,16,5,4.3,Graduated
S103783,Student_3783,Female,27,Medicine,300,1.41,65.85,17,0,8.42,Graduated
S103784,Student_3784,Female,30,Engineering,200,3.26,52.26,14,6,18.33,Graduated
S103785,Student_3785,Female,22,Computer Science,300,3.06,79.15,8,3,7.57,Graduated
S103786,Student_3786,Male,20,Engineering,200,3.01,98.79,15,1,15.29,Dropped
S103787,Student_3787,Male,25,Law,500,3.26,69.9,16,3,9.3,Graduated
S103788,Student_3788,Female,21,Law,200,4.39,76.38,10,7,17.82,Graduated
S103789,Student_3789,Male,20,Engineering,400,3.24,49.77,17,1,15.21,Graduated
S103790,Student_3790,Female,18,Engineering,400,1.95,49.66,18,6,10.84,Graduated
S103791,Student_3791,Female,22,Medicine,400,3.25,67.49,16,0,9.57,Graduated
S103792,Student_3792,Male,26,Medicine,400,2.89,90.69,9,0,5.45,Graduated
S103793,Student_3793,Male,18,Education,400,2.57,94.55,17,6,1.32,Graduated
S103794,Student_3794,Male,28,Business Admin,400,3.13,78.51,8,7,9.9,Graduated
S103795,Student_3795,Female,29,Education,400,2.92,61.63,6,6,12.18,In Progress
S103796,Student_3796,Male,23,Business Admin,400,2.84,85.0,19,3,14.01,Dropped
S103797,Student_3797,Female,19,Law,400,2.93,57.52,14,5,21.26,Graduated
S103798,Student_3798,Male,25,Education,500,2.18,53.17,15,3,3.17,In Progress
S103799,Student_3799,Male,27,Education,400,3.5,87.73,10,4,9.3,Graduated
S103800,Student_3800,Female,21,Computer Science,200,2.9,85.08,16,4,12.35,Graduated
S103801,Student_3801,Female,24,Engineering,500,3.19,92.93,10,3,4.98,Graduated
S103802,Student_3802,Female,27,Medicine,300,2.39,74.59,10,4,12.84,In Progress
S103803,Student_3803,Female,22,Education,100,2.22,93.8,8,6,11.5,Dropped
S103804,Student_3804,Female,30,Medicine,500,2.74,41.59,12,3,8.08,In Progress
S103805,Student_3805,Female,28,Business Admin,400,2.98,55.22,5,2,2.43,Graduated
S103806,Student_3806,Female,26,Education,500,2.71,88.27,14,4,9.67,Graduated
S103807,Student_3807,Female,24,Business Admin,100,3.06,65.42,12,6,12.16,Graduated
S103808,Student_3808,Male,29,Education,100,1.49,54.36,12,3,0.98,Graduated
S103809,Student_3809,Female,29,Law,400,4.4,87.77,9,2,8.28,Graduated
S103810,Student_3810,Female,27,Computer Science,400,2.46,89.34,20,6,8.34,In Progress
S103811,Student_3811,Male,28,Business Admin,200,2.19,67.38,13,4,14.58,Graduated
S103812,Student_3812,Female,19,Engineering,100,3.8,68.0,16,0,4.4,Graduated
S103813,Student_3813,Male,19,Engineering,400,2.19,86.86,13,3,12.39,Graduated
S103814,Student_3814,Male,21,Law,100,3.14,86.28,14,7,13.16,Graduated
S103815,Student_3815,Female,27,Law,200,2.19,91.99,8,0,10.84,Graduated
S103816,Student_3816,Male,26,Engineering,300,2.79,78.73,20,5,14.45,Graduated
S103817,Student_3817,Female,19,Business Admin,100,2.8,51.15,18,4,20.16,In Progress
S103818,Student_3818,Male,24,Engineering,200,2.47,72.98,18,5,14.77,Graduated
S103819,Student_3819,Male,26,Computer Science,200,3.61,62.94,6,2,7.76,Dropped
S103820,Student_3820,Male,29,Education,200,3.99,41.62,5,3,12.95,Graduated
S103821,Student_3821,Female,28,Computer Science,500,2.46,51.79,12,2,15.8,Graduated
S103822,Student_3822,Female,30,Engineering,400,3.09,52.33,12,6,6.14,In Progress
S103823,Student_3823,Male,24,Education,100,2.08,44.94,15,0,13.07,Dropped
S103824,Student_3824,Male,18,Engineering,500,3.07,67.2,11,3,11.17,Graduated
S103825,Student_3825,Female,28,Computer Science,100,3.57,70.48,20,5,12.93,Graduated
S103826,Student_3826,Female,20,Computer Science,500,3.08,60.4,17,0,3.09,Graduated
S103827,Student_3827,Male,26,Business Admin,400,2.6,64.74,17,0,9.28,Graduated
S103828,Student_3828,Male,29,Business Admin,200,2.82,72.97,19,2,6.82,Dropped
S103829,Student_3829,Female,17,Computer Science,100,2.66,47.23,19,5,11.44,Graduated
S103830,Student_3830,Female,20,Education,200,2.85,73.74,15,4,13.68,Graduated
S103831,Student_3831,Female,28,Business Admin,400,2.54,82.6,7,7,1.01,Graduated
S103832,Student_3832,Female,29,Business Admin,100,3.12,92.49,7,5,11.87,In Progress
S103833,Student_3833,Female,29,Medicine,300,2.16,58.09,14,0,17.46,Graduated
S103834,Student_3834,Male,27,Medicine,300,1.05,84.84,12,6,17.58,In Progress
S103835,Student_3835,Female,29,Business Admin,300,3.75,76.36,16,0,17.94,Dropped
S103836,Student_3836,Male,20,Engineering,400,2.96,70.17,15,1,14.22,Graduated
S103837,Student_3837,Female,26,Education,300,3.08,95.17,20,2,16.6,Graduated
S103838,Student_3838,Male,25,Law,100,2.48,77.2,12,0,8.14,Graduated
S103839,Student_3839,Female,19,Business Admin,300,2.7,61.96,6,5,9.79,In Progress
S103840,Student_3840,Female,18,Medicine,100,2.25,82.78,18,1,2.44,Dropped
S103841,Student_3841,Male,25,Education,400,3.82,97.59,5,6,7.51,Graduated
S103842,Student_3842,Male,25,Education,200,2.65,95.09,5,2,14.48,In Progress
S103843,Student_3843,Female,17,Medicine,500,1.92,98.82,15,3,12.72,Graduated
S103844,Student_3844,Female,22,Education,300,3.47,45.71,5,7,0.0,Graduated
S103845,Student_3845,Female,26,Education,500,3.79,66.61,7,4,10.51,Graduated
S103846,Student_3846,Female,24,Medicine,200,2.87,65.96,5,7,7.69,In Progress
S103847,Student_3847,Female,19,Computer Science,400,4.06,63.03,12,7,8.72,In Progress
S103848,Student_3848,Male,27,Business Admin,400,3.21,50.71,12,2,17.36,In Progress
S103849,Student_3849,Male,25,Engineering,200,2.91,89.93,13,0,4.7,Graduated
S103850,Student_3850,Female,18,Law,500,2.94,80.38,8,1,5.4,Graduated
S103851,Student_3851,Male,22,Engineering,300,3.35,76.36,12,6,18.77,Graduated
S103852,Student_3852,Male,17,Computer Science,100,3.75,66.81,11,1,9.12,Graduated
S103853,Student_3853,Male,29,Computer Science,400,3.36,63.31,8,7,15.14,Graduated
S103854,Student_3854,Female,23,Education,200,3.18,87.19,5,7,10.89,In Progress
S103855,Student_3855,Male,19,Engineering,500,3.05,71.61,16,3,10.51,Graduated
S103856,Student_3856,Female,23,Computer Science,300,3.49,76.46,15,1,5.63,Graduated
S103857,Student_3857,Male,20,Engineering,500,2.55,46.0,17,0,15.64,Graduated
S103858,Student_3858,Female,25,Computer Science,300,1.94,68.29,7,2,14.0,In Progress
S103859,Student_3859,Male,21,Law,100,3.13,47.82,12,7,7.98,Graduated
S103860,Student_3860,Female,19,Computer Science,100,2.29,43.23,12,3,10.04,In Progress
S103861,Student_3861,Female,24,Engineering,200,1.96,81.36,16,4,13.12,In Progress
S103862,Student_3862,Male,22,Education,200,4.13,56.49,6,6,5.86,Graduated
S103863,Student_3863,Female,18,Engineering,300,0.67,97.9,11,4,1.67,Graduated
S103864,Student_3864,Female,19,Medicine,300,3.44,76.33,5,0,10.59,In Progress
S103865,Student_3865,Female,24,Engineering,300,2.25,78.71,8,3,6.2,Graduated
S103866,Student_3866,Female,26,Law,300,2.44,51.81,18,3,14.43,In Progress
S103867,Student_3867,Female,23,Business Admin,100,3.3,47.73,18,0,8.61,Graduated
S103868,Student_3868,Female,26,Law,200,4.63,71.52,19,5,3.44,Graduated
S103869,Student_3869,Female,22,Law,200,3.49,95.53,20,3,10.95,Graduated
S103870,Student_3870,Female,30,Computer Science,400,2.29,43.34,11,6,3.76,Graduated
S103871,Student_3871,Male,17,Law,200,2.97,70.49,8,7,12.28,Graduated
S103872,Student_3872,Male,25,Engineering,200,2.8,51.92,8,1,0.0,In Progress
S103873,Student_3873,Female,19,Business Admin,500,1.55,86.92,20,1,10.12,In Progress
S103874,Student_3874,Female,30,Education,500,3.04,80.92,18,0,12.01,Graduated
S103875,Student_3875,Male,21,Law,400,2.53,45.83,19,0,4.0,In Progress
S103876,Student_3876,Male,23,Engineering,300,3.52,76.98,15,1,16.35,Graduated
S103877,Student_3877,Male,23,Computer Science,400,2.78,99.02,11,2,2.27,Graduated
S103878,Student_3878,Female,19,Computer Science,400,4.08,71.69,5,0,11.53,Graduated
S103879,Student_3879,Male,20,Education,100,3.25,57.13,9,1,2.07,Graduated
S103880,Student_3880,Female,26,Education,200,3.15,49.13,18,2,4.61,Graduated
S103881,Student_3881,Female,23,Engineering,100,4.38,99.38,18,2,11.64,In Progress
S103882,Student_3882,Male,24,Education,200,3.21,73.83,10,5,12.4,Graduated
S103883,Student_3883,Female,18,Education,400,4.15,62.48,11,1,10.75,Graduated
S103884,Student_3884,Female,25,Computer Science,200,2.21,52.86,11,6,13.7,Graduated
S103885,Student_3885,Female,23,Engineering,300,1.59,97.01,16,6,3.69,Graduated
S103886,Student_3886,Female,29,Business Admin,300,3.16,77.62,11,5,2.37,Graduated
S103887,Student_3887,Male,24,Education,400,3.84,43.46,6,1,13.2,Graduated
S103888,Student_3888,Male,22,Engineering,500,2.2,43.57,10,3,1.26,Graduated
S103889,Student_3889,Female,22,Law,300,2.69,96.37,20,2,3.93,Graduated
S103890,Student_3890,Female,25,Computer Science,400,1.83,82.61,13,4,9.39,Graduated
S103891,Student_3891,Male,20,Business Admin,100,2.98,46.21,11,3,11.49,In Progress
S103892,Student_3892,Female,27,Computer Science,500,2.99,77.43,11,3,11.43,In Progress
S103893,Student_3893,Male,27,Computer Science,300,3.43,65.17,17,2,3.33,In Progress
S103894,Student_3894,Female,21,Medicine,400,2.65,87.32,18,6,10.11,In Progress
S103895,Student_3895,Female,25,Engineering,400,2.81,56.42,6,7,4.64,Graduated
S103896,Student_3896,Male,17,Law,100,3.44,62.97,18,2,11.81,Graduated
S103897,Student_3897,Male,20,Education,100,3.15,50.04,19,2,10.76,Dropped
S103898,Student_3898,Male,23,Law,500,3.28,55.15,17,0,14.35,In Progress
S103899,Student_3899,Male,27,Engineering,300,3.6,51.35,17,1,8.83,Graduated
S103900,Student_3900,Female,25,Computer Science,400,3.51,41.46,18,7,7.67,Graduated
S103901,Student_3901,Male,30,Medicine,500,4.48,42.77,11,6,18.64,In Progress
S103902,Student_3902,Female,29,Engineering,500,3.31,90.14,13,5,0.77,Graduated
S103903,Student_3903,Male,27,Business Admin,100,3.31,88.23,7,1,19.26,Graduated
S103904,Student_3904,Male,28,Business Admin,400,2.79,48.44,20,1,8.9,Dropped
S103905,Student_3905,Female,29,Engineering,200,3.04,80.07,6,2,3.1,Graduated
S103906,Student_3906,Male,26,Education,100,2.1,84.74,10,7,6.92,In Progress
S103907,Student_3907,Male,22,Law,400,2.57,43.08,16,3,14.05,Graduated
S103908,Student_3908,Male,28,Law,500,3.79,45.31,17,2,13.89,Graduated
S103909,Student_3909,Male,24,Education,500,1.91,73.78,6,2,20.26,Graduated
S103910,Student_3910,Female,29,Medicine,300,3.98,62.45,5,7,10.82,In Progress
S103911,Student_3911,Female,25,Computer Science,200,2.79,81.96,14,7,11.4,Graduated
S103912,Student_3912,Male,26,Computer Science,100,2.36,73.46,16,3,14.44,In Progress
S103913,Student_3913,Male,20,Business Admin,300,2.81,41.86,8,4,0.02,In Progress
S103914,Student_3914,Male,17,Medicine,300,3.41,81.02,13,5,9.38,In Progress
S103915,Student_3915,Female,30,Education,200,3.06,52.24,14,0,10.92,Graduated
S103916,Student_3916,Female,24,Engineering,100,4.34,58.76,18,4,2.41,Graduated
S103917,Student_3917,Female,18,Law,100,3.3,84.18,7,2,9.3,Dropped
S103918,Student_3918,Female,27,Engineering,500,3.36,86.28,7,1,6.78,Graduated
S103919,Student_3919,Male,17,Law,100,3.38,60.75,10,1,9.41,Graduated
S103920,Student_3920,Male,29,Engineering,300,3.1,45.35,17,3,18.25,In Progress
S103921,Student_3921,Male,23,Education,500,2.83,86.18,20,2,20.35,Graduated
S103922,Student_3922,Female,28,Education,100,3.07,92.21,10,6,9.42,In Progress
S103923,Student_3923,Male,26,Medicine,200,3.16,97.86,19,3,12.5,Graduated
S103924,Student_3924,Female,25,Engineering,300,2.96,59.07,12,3,15.43,Graduated
S103925,Student_3925,Female,27,Engineering,400,3.88,47.43,17,0,11.95,Dropped
S103926,Student_3926,Male,28,Medicine,200,3.81,96.26,14,7,2.35,Dropped
S103927,Student_3927,Male,28,Medicine,200,2.17,63.99,10,3,10.16,Graduated
S103928,Student_3928,Male,25,Education,100,3.68,45.61,12,2,7.02,In Progress
S103929,Student_3929,Female,19,Education,500,2.99,69.93,12,0,14.07,Graduated
S103930,Student_3930,Female,22,Business Admin,500,2.79,51.43,11,1,6.88,In Progress
S103931,Student_3931,Male,23,Engineering,300,3.5,61.32,9,0,10.32,Graduated
S103932,Student_3932,Male,30,Education,100,3.2,59.22,8,2,11.48,In Progress
S103933,Student_3933,Female,26,Education,500,2.37,99.24,5,5,5.62,Graduated
S103934,Student_3934,Male,25,Engineering,400,3.56,78.37,17,4,4.37,Dropped
S103935,Student_3935,Female,18,Medicine,100,2.94,69.51,10,7,3.88,Graduated
S103936,Student_3936,Female,24,Engineering,100,3.55,70.83,12,0,18.32,Graduated
S103937,Student_3937,Male,30,Computer Science,500,2.99,76.25,20,5,13.15,In Progress
S103938,Student_3938,Male,23,Engineering,200,3.56,92.37,15,4,9.94,Graduated
S103939,Student_3939,Male,20,Computer Science,100,3.66,48.76,18,0,14.65,Graduated
S103940,Student_3940,Male,18,Engineering,200,3.84,75.98,8,0,16.2,Graduated
S103941,Student_3941,Female,24,Computer Science,300,2.57,59.33,20,3,9.85,Graduated
S103942,Student_3942,Female,27,Computer Science,300,4.28,74.28,11,6,11.97,In Progress
S103943,Student_3943,Female,21,Engineering,500,2.9,71.06,7,6,6.58,Graduated
S103944,Student_3944,Male,22,Business Admin,300,2.16,41.8,17,6,18.52,Graduated
S103945,Student_3945,Female,30,Education,500,3.13,74.95,18,4,10.22,Dropped
S103946,Student_3946,Male,27,Law,500,2.87,82.55,9,5,15.75,Graduated
S103947,Student_3947,Male,23,Education,200,2.59,54.76,11,4,16.19,Graduated
S103948,Student_3948,Male,26,Computer Science,200,3.04,46.41,20,0,10.81,Graduated
S103949,Student_3949,Male,17,Engineering,300,3.53,52.7,16,2,15.68,Graduated
S103950,Student_3950,Male,24,Engineering,200,3.23,78.18,15,2,3.51,Graduated
S103951,Student_3951,Male,20,Engineering,100,3.93,68.13,13,7,8.02,Graduated
S103952,Student_3952,Female,29,Engineering,400,2.92,91.92,13,4,14.32,In Progress
S103953,Student_3953,Male,25,Business Admin,100,3.3,57.1,11,3,8.18,Graduated
S103954,Student_3954,Female,17,Law,100,3.17,61.91,8,7,16.03,In Progress
S103955,Student_3955,Female,27,Medicine,500,4.3,71.68,10,3,12.07,Graduated
S103956,Student_3956,Male,18,Computer Science,400,2.29,67.6,17,2,20.82,Graduated
S103957,Student_3957,Male,30,Law,500,2.6,72.87,18,3,9.53,Graduated
S103958,Student_3958,Male,22,Education,200,4.46,58.73,8,0,10.0,Graduated
S103959,Student_3959,Female,27,Medicine,200,2.84,50.0,7,7,11.45,In Progress
S103960,Student_3960,Male,26,Medicine,400,1.9,88.2,13,6,14.07,Dropped
S103961,Student_3961,Female,27,Engineering,300,4.39,42.36,9,0,3.57,Graduated
S103962,Student_3962,Male,30,Law,200,2.32,62.18,12,4,10.09,Dropped
S103963,Student_3963,Male,17,Education,100,3.07,45.24,7,5,11.04,Graduated
S103964,Student_3964,Female,20,Engineering,400,3.75,84.18,13,6,8.64,In Progress
S103965,Student_3965,Female,24,Engineering,400,3.63,61.93,20,1,11.07,In Progress
S103966,Student_3966,Male,26,Business Admin,200,2.39,41.8,5,2,6.63,In Progress
S103967,Student_3967,Female,21,Computer Science,200,4.67,44.55,6,6,1.85,In Progress
S103968,Student_3968,Female,29,Medicine,500,3.37,51.92,17,2,8.72,Dropped
S103969,Student_3969,Female,25,Education,500,2.97,87.21,8,1,1.07,Graduated
S103970,Student_3970,Female,27,Medicine,100,2.3,87.95,6,3,10.16,In Progress
S103971,Student_3971,Female,27,Law,400,3.34,99.8,13,6,3.82,Graduated
S103972,Student_3972,Male,22,Computer Science,300,4.05,54.46,17,0,14.54,In Progress
S103973,Student_3973,Male,17,Engineering,300,2.8,43.63,11,0,7.1,Graduated
S103974,Student_3974,Female,22,Computer Science,400,1.77,56.99,19,2,16.41,Graduated
S103975,Student_3975,Male,22,Engineering,100,2.51,50.73,17,6,7.59,Graduated
S103976,Student_3976,Male,29,Computer Science,500,2.77,82.62,6,2,13.42,Graduated
S103977,Student_3977,Female,22,Engineering,500,1.93,98.15,15,3,11.17,Graduated
S103978,Student_3978,Male,24,Medicine,500,3.37,56.38,15,6,14.33,In Progress
S103979,Student_3979,Female,22,Medicine,300,3.51,59.72,19,7,10.27,Graduated
S103980,Student_3980,Female,21,Medicine,300,2.5,61.07,8,3,16.49,In Progress
S103981,Student_3981,Male,27,Medicine,100,3.59,91.42,17,6,10.52,Graduated
S103982,Student_3982,Female,18,Computer Science,300,2.36,74.68,10,2,12.93,Graduated
S103983,Student_3983,Female,20,Engineering,200,2.07,98.44,6,3,5.59,Graduated
S103984,Student_3984,Female,30,Medicine,300,2.26,77.63,13,1,14.25,Graduated
S103985,Student_3985,Female,26,Computer Science,500,2.42,82.35,7,7,19.24,Graduated
S103986,Student_3986,Female,21,Engineering,100,3.55,45.35,6,0,10.35,Graduated
S103987,Student_3987,Male,26,Computer Science,400,3.39,97.1,16,2,6.12,Graduated
S103988,Student_3988,Male,20,Business Admin,400,2.36,77.68,8,1,4.75,In Progress
S103989,Student_3989,Female,18,Medicine,100,2.53,71.21,18,1,3.09,Dropped
S103990,Student_3990,Female,23,Law,200,4.24,63.24,20,6,3.64,Dropped
S103991,Student_3991,Male,26,Computer Science,400,3.57,44.62,9,5,6.3,In Progress
S103992,Student_3992,Female,26,Medicine,500,2.01,48.0,8,4,2.27,Graduated
S103993,Student_3993,Male,18,Education,400,3.93,40.7,16,2,11.69,In Progress
S103994,Student_3994,Female,17,Engineering,400,4.58,99.92,18,7,6.18,Dropped
S103995,Student_3995,Female,30,Business Admin,500,2.98,87.18,20,6,13.7,In Progress
S103996,Student_3996,Female,21,Medicine,300,2.79,87.85,18,4,15.58,Dropped
S103997,Student_3997,Female,28,Education,200,2.7,83.81,7,1,11.92,Graduated
S103998,Student_3998,Female,29,Computer Science,500,2.78,69.05,7,2,14.19,In Progress
S103999,Student_3999,Female,17,Computer Science,500,3.54,45.29,16,4,6.84,Graduated
S104000,Student_4000,Female,17,Education,100,2.56,44.34,19,7,2.21,Graduated
S104001,Student_4001,Male,17,Business Admin,200,3.54,94.98,18,0,1.67,Graduated
S104002,Student_4002,Male,22,Education,300,3.0,40.02,19,2,7.81,In Progress
S104003,Student_4003,Male,25,Engineering,500,2.59,81.95,17,4,10.08,Graduated
S104004,Student_4004,Female,26,Computer Science,300,3.25,77.71,7,3,9.5,Graduated
S104005,Student_4005,Female,29,Education,500,2.85,70.07,7,2,11.22,Graduated
S104006,Student_4006,Female,27,Law,500,2.55,98.5,10,5,14.56,Graduated
S104007,Student_4007,Female,28,Law,100,2.98,51.89,19,6,17.91,In Progress
S104008,Student_4008,Female,17,Education,400,2.99,87.12,8,3,12.97,Graduated
S104009,Student_4009,Female,21,Engineering,200,2.67,80.49,17,7,11.75,Graduated
S104010,Student_4010,Female,25,Computer Science,100,2.43,98.47,11,2,7.94,Graduated
S104011,Student_4011,Male,30,Law,300,3.06,96.04,11,7,2.6,Graduated
S104012,Student_4012,Female,25,Education,500,3.14,47.71,8,4,7.04,Graduated
S104013,Student_4013,Male,17,Education,500,3.28,58.46,5,4,8.78,Graduated
S104014,Student_4014,Male,24,Medicine,200,3.26,91.05,13,5,0.66,Graduated
S104015,Student_4015,Female,17,Education,100,3.92,53.72,11,2,6.76,Graduated
S104016,Student_4016,Female,24,Engineering,100,2.24,62.71,10,1,15.99,In Progress
S104017,Student_4017,Male,17,Law,300,4.11,77.56,9,4,9.7,Dropped
S104018,Student_4018,Male,28,Medicine,100,2.06,73.77,13,5,11.77,In Progress
S104019,Student_4019,Female,21,Law,100,3.87,78.44,18,7,16.68,Graduated
S104020,Student_4020,Female,24,Law,400,3.35,82.81,17,2,10.51,Graduated
S104021,Student_4021,Male,22,Engineering,200,2.64,83.73,13,2,10.3,Graduated
S104022,Student_4022,Female,25,Education,100,1.31,84.25,14,6,12.45,Graduated
S104023,Student_4023,Female,17,Engineering,300,1.95,99.5,15,0,23.95,Graduated
S104024,Student_4024,Female,25,Education,500,2.56,61.4,10,3,10.05,In Progress
S104025,Student_4025,Male,17,Medicine,100,3.31,42.65,12,0,9.41,In Progress
S104026,Student_4026,Male,26,Engineering,100,2.63,60.93,20,3,12.81,Graduated
S104027,Student_4027,Male,26,Engineering,500,2.97,94.69,11,3,13.4,In Progress
S104028,Student_4028,Female,19,Business Admin,400,2.69,45.0,20,6,9.29,Graduated
S104029,Student_4029,Female,17,Computer Science,200,3.12,78.82,16,0,10.22,Graduated
S104030,Student_4030,Male,19,Engineering,400,2.03,65.39,17,5,9.37,In Progress
S104031,Student_4031,Male,28,Business Admin,300,2.82,95.29,5,1,13.79,Dropped
S104032,Student_4032,Male,27,Computer Science,100,3.37,95.71,19,2,0.35,In Progress
S104033,Student_4033,Female,29,Education,400,4.77,87.11,20,4,16.75,In Progress
S104034,Student_4034,Male,18,Education,200,3.59,45.91,20,7,10.76,Graduated
S104035,Student_4035,Male,18,Education,300,2.87,41.48,6,2,0.0,In Progress
S104036,Student_4036,Female,25,Business Admin,400,2.55,48.2,13,5,0.0,In Progress
S104037,Student_4037,Female,24,Business Admin,100,3.32,59.31,14,5,9.59,Graduated
S104038,Student_4038,Female,17,Computer Science,200,2.41,54.49,8,7,0.09,Graduated
S104039,Student_4039,Male,28,Education,100,3.1,62.19,15,0,17.36,Graduated
S104040,Student_4040,Female,30,Law,100,3.22,48.58,20,1,21.09,Graduated
S104041,Student_4041,Female,20,Engineering,300,2.86,85.15,19,4,3.07,Graduated
S104042,Student_4042,Male,29,Business Admin,200,3.68,90.72,7,4,5.04,Graduated
S104043,Student_4043,Female,17,Business Admin,500,2.93,69.28,6,5,7.25,Graduated
S104044,Student_4044,Male,17,Business Admin,100,2.69,97.39,12,1,10.1,Graduated
S104045,Student_4045,Male,28,Computer Science,200,2.64,47.22,18,6,11.16,Graduated
S104046,Student_4046,Female,28,Education,100,2.1,46.35,20,4,5.06,Graduated
S104047,Student_4047,Female,20,Law,400,2.0,52.02,11,6,16.72,Graduated
S104048,Student_4048,Female,18,Engineering,400,3.42,98.91,13,4,13.53,Graduated
S104049,Student_4049,Female,19,Engineering,200,4.03,64.99,20,1,16.0,Graduated
S104050,Student_4050,Female,27,Education,300,4.5,95.45,7,0,10.0,In Progress
S104051,Student_4051,Female,25,Law,500,3.78,52.12,5,6,17.12,Graduated
S104052,Student_4052,Male,18,Computer Science,400,3.36,90.77,20,0,9.45,Graduated
S104053,Student_4053,Male,20,Business Admin,300,3.22,58.6,17,5,3.04,Dropped
S104054,Student_4054,Female,17,Business Admin,500,3.92,84.06,20,6,15.64,Graduated
S104055,Student_4055,Male,18,Education,400,2.74,98.47,20,4,4.54,In Progress
S104056,Student_4056,Female,21,Engineering,500,4.26,95.98,13,0,8.02,Graduated
S104057,Student_4057,Male,30,Business Admin,100,2.97,89.88,18,0,5.72,In Progress
S104058,Student_4058,Male,26,Engineering,200,3.18,43.01,9,4,16.96,Graduated
S104059,Student_4059,Male,17,Engineering,400,3.02,76.47,9,7,7.65,Graduated
S104060,Student_4060,Female,27,Education,400,3.79,90.13,7,4,11.49,Graduated
S104061,Student_4061,Male,23,Medicine,100,2.99,63.96,17,5,15.45,In Progress
S104062,Student_4062,Female,20,Medicine,400,3.28,83.87,12,5,6.74,Dropped
S104063,Student_4063,Male,22,Medicine,400,2.15,48.29,12,6,12.03,In Progress
S104064,Student_4064,Male,24,Law,400,2.86,50.61,5,0,8.38,Graduated
S104065,Student_4065,Male,29,Education,400,3.73,78.62,19,7,11.08,In Progress
S104066,Student_4066,Male,22,Engineering,400,2.41,66.23,8,7,10.06,Graduated
S104067,Student_4067,Male,30,Business Admin,300,2.98,53.1,10,5,14.99,Graduated
S104068,Student_4068,Female,18,Law,400,2.97,56.97,13,3,9.42,Graduated
S104069,Student_4069,Female,17,Medicine,100,2.59,77.14,6,1,9.93,In Progress
S104070,Student_4070,Male,24,Computer Science,400,3.71,83.52,11,0,19.17,Graduated
S104071,Student_4071,Male,24,Law,500,3.35,52.46,14,6,3.08,Graduated
S104072,Student_4072,Male,25,Law,500,3.63,97.31,5,0,13.45,Graduated
S104073,Student_4073,Male,22,Education,100,3.74,40.49,14,3,19.31,Graduated
S104074,Student_4074,Female,28,Business Admin,300,3.02,82.0,8,2,9.42,Graduated
S104075,Student_4075,Male,17,Law,100,4.1,57.46,14,6,3.41,Graduated
S104076,Student_4076,Female,30,Business Admin,300,2.15,68.71,15,5,6.94,Graduated
S104077,Student_4077,Male,25,Education,200,2.89,74.19,19,2,8.68,In Progress
S104078,Student_4078,Female,28,Computer Science,500,3.1,73.69,19,5,17.49,In Progress
S104079,Student_4079,Male,29,Engineering,500,1.78,86.58,20,7,2.25,Graduated
S104080,Student_4080,Male,30,Engineering,500,3.99,89.43,19,1,12.12,In Progress
S104081,Student_4081,Female,19,Medicine,300,2.39,44.4,16,4,2.67,In Progress
S104082,Student_4082,Male,27,Medicine,100,3.05,82.18,11,7,7.39,Graduated
S104083,Student_4083,Male,22,Computer Science,300,3.53,63.94,7,0,15.9,Graduated
S104084,Student_4084,Male,26,Engineering,500,4.62,89.12,7,3,13.02,In Progress
S104085,Student_4085,Female,29,Medicine,500,1.83,76.53,20,6,11.96,Graduated
S104086,Student_4086,Male,26,Business Admin,500,3.42,40.61,19,7,15.03,Graduated
S104087,Student_4087,Male,27,Law,500,2.81,79.99,8,4,9.98,Dropped
S104088,Student_4088,Female,28,Education,200,3.45,95.54,12,7,10.79,In Progress
S104089,Student_4089,Female,30,Medicine,500,3.66,44.99,20,4,9.43,Graduated
S104090,Student_4090,Female,25,Computer Science,300,3.29,69.65,18,2,12.23,In Progress
S104091,Student_4091,Male,27,Engineering,500,3.06,77.55,7,0,12.0,Graduated
S104092,Student_4092,Male,29,Computer Science,400,2.26,51.75,12,1,18.08,Graduated
S104093,Student_4093,Male,19,Education,200,2.31,79.04,14,3,2.32,Graduated
S104094,Student_4094,Female,21,Education,500,3.56,42.99,13,0,9.35,Graduated
S104095,Student_4095,Male,29,Computer Science,400,2.4,94.34,16,4,8.98,In Progress
S104096,Student_4096,Male,30,Medicine,300,3.3,85.76,12,4,16.6,In Progress
S104097,Student_4097,Female,21,Medicine,200,3.91,96.46,19,1,5.51,Graduated
S104098,Student_4098,Female,26,Engineering,500,2.09,65.11,12,2,8.47,In Progress
S104099,Student_4099,Female,23,Business Admin,300,3.91,42.05,13,1,10.17,Graduated
S104100,Student_4100,Female,20,Engineering,400,3.89,60.49,8,6,12.33,Graduated
S104101,Student_4101,Female,27,Law,200,3.24,70.95,16,1,9.12,In Progress
S104102,Student_4102,Male,20,Business Admin,500,2.57,96.15,7,0,7.25,Graduated
S104103,Student_4103,Female,23,Law,300,3.37,92.98,12,5,6.65,Graduated
S104104,Student_4104,Male,25,Engineering,200,2.88,75.64,5,7,4.53,Graduated
S104105,Student_4105,Male,27,Business Admin,400,2.5,83.79,18,2,5.46,Graduated
S104106,Student_4106,Female,20,Business Admin,500,3.1,97.23,19,4,8.17,Graduated
S104107,Student_4107,Female,20,Law,200,2.39,91.04,14,2,6.31,Dropped
S104108,Student_4108,Female,22,Computer Science,400,2.17,79.53,5,0,19.87,Graduated
S104109,Student_4109,Male,22,Medicine,400,2.62,72.4,8,0,12.22,In Progress
S104110,Student_4110,Female,23,Business Admin,300,1.8,68.56,14,7,4.86,In Progress
S104111,Student_4111,Female,17,Business Admin,400,3.84,85.4,7,5,12.18,Graduated
S104112,Student_4112,Female,29,Law,400,3.36,88.53,14,7,2.19,Graduated
S104113,Student_4113,Female,27,Business Admin,100,2.4,53.06,20,6,16.32,Graduated
S104114,Student_4114,Female,30,Law,400,2.64,68.44,6,1,7.65,Dropped
S104115,Student_4115,Male,19,Computer Science,500,3.53,86.27,13,6,15.49,Graduated
S104116,Student_4116,Male,25,Business Admin,200,3.89,80.54,16,5,10.33,Graduated
S104117,Student_4117,Male,22,Education,500,3.08,75.49,16,7,11.37,Graduated
S104118,Student_4118,Female,22,Engineering,500,2.82,59.42,16,0,10.61,In Progress
S104119,Student_4119,Female,21,Computer Science,300,1.86,76.55,9,6,0.0,In Progress
S104120,Student_4120,Female,27,Education,100,2.77,76.73,7,2,12.66,In Progress
S104121,Student_4121,Male,19,Computer Science,100,2.2,65.95,13,7,5.22,In Progress
S104122,Student_4122,Female,27,Medicine,500,2.18,97.62,12,7,10.09,Graduated
S104123,Student_4123,Female,21,Computer Science,200,3.86,79.19,8,1,12.76,In Progress
S104124,Student_4124,Female,30,Computer Science,100,2.92,91.04,14,6,17.07,In Progress
S104125,Student_4125,Male,17,Medicine,100,3.1,47.74,9,7,15.47,Graduated
S104126,Student_4126,Female,19,Business Admin,500,3.28,85.41,15,1,4.69,In Progress
S104127,Student_4127,Male,20,Engineering,100,2.88,76.11,16,1,3.27,In Progress
S104128,Student_4128,Female,21,Education,300,3.05,58.5,9,2,10.71,Graduated
S104129,Student_4129,Male,26,Law,500,3.01,48.18,12,1,12.83,In Progress
S104130,Student_4130,Male,25,Engineering,100,2.7,62.78,11,3,13.57,Graduated
S104131,Student_4131,Male,20,Computer Science,100,3.19,66.48,7,7,14.45,In Progress
S104132,Student_4132,Female,19,Law,100,2.94,48.45,10,3,7.41,In Progress
S104133,Student_4133,Female,26,Medicine,500,3.06,80.21,10,2,10.64,In Progress
S104134,Student_4134,Male,17,Engineering,200,3.0,58.43,6,7,3.83,Graduated
S104135,Student_4135,Male,29,Business Admin,400,4.37,88.36,19,4,16.47,Graduated
S104136,Student_4136,Female,26,Education,100,3.69,78.9,17,5,15.88,Graduated
S104137,Student_4137,Female,22,Engineering,400,3.54,58.63,5,4,9.48,Graduated
S104138,Student_4138,Male,23,Engineering,400,3.33,61.6,11,1,6.3,Graduated
S104139,Student_4139,Female,26,Business Admin,100,3.3,96.53,7,2,4.56,In Progress
S104140,Student_4140,Female,24,Law,100,2.8,96.89,9,7,11.19,Graduated
S104141,Student_4141,Female,28,Medicine,400,3.78,65.1,12,1,4.66,Dropped
S104142,Student_4142,Female,17,Business Admin,200,3.23,80.75,9,1,13.44,Graduated
S104143,Student_4143,Male,28,Medicine,400,3.41,98.8,15,3,10.34,Graduated
S104144,Student_4144,Female,20,Business Admin,200,2.79,99.64,9,6,8.62,Graduated
S104145,Student_4145,Female,27,Engineering,300,2.39,44.33,9,0,13.93,In Progress
S104146,Student_4146,Male,21,Medicine,200,3.79,73.21,15,2,0.95,In Progress
S104147,Student_4147,Male,18,Law,500,3.09,83.6,20,7,12.21,Graduated
S104148,Student_4148,Female,17,Law,100,2.66,51.21,11,0,9.89,Graduated
S104149,Student_4149,Female,24,Education,300,3.24,89.31,6,3,8.87,Graduated
S104150,Student_4150,Female,22,Medicine,400,2.93,68.11,18,0,13.56,In Progress
S104151,Student_4151,Female,21,Education,200,4.08,69.87,5,5,16.63,In Progress
S104152,Student_4152,Male,29,Business Admin,300,2.75,56.46,15,7,11.07,In Progress
S104153,Student_4153,Male,25,Computer Science,500,3.31,58.01,8,3,12.45,Graduated
S104154,Student_4154,Male,29,Law,200,3.76,45.05,9,5,7.85,Dropped
S104155,Student_4155,Female,27,Engineering,400,3.46,95.89,11,7,6.69,Graduated
S104156,Student_4156,Female,29,Law,400,3.38,62.91,5,4,11.35,Graduated
S104157,Student_4157,Female,27,Computer Science,200,2.65,49.73,13,3,8.28,Graduated
S104158,Student_4158,Female,18,Engineering,500,3.08,48.54,15,2,8.2,Graduated
S104159,Student_4159,Male,26,Medicine,100,3.32,64.44,16,4,17.57,Graduated
S104160,Student_4160,Male,28,Medicine,100,3.12,77.93,16,7,16.49,Graduated
S104161,Student_4161,Female,24,Law,400,4.04,86.67,14,1,3.79,Graduated
S104162,Student_4162,Male,27,Engineering,500,2.88,95.48,8,2,14.78,Dropped
S104163,Student_4163,Female,30,Business Admin,400,3.02,78.14,10,2,13.73,Graduated
S104164,Student_4164,Female,26,Engineering,100,4.81,65.24,15,5,11.0,Graduated
S104165,Student_4165,Male,29,Education,400,3.58,65.32,5,6,15.45,Dropped
S104166,Student_4166,Female,25,Computer Science,200,2.32,74.46,13,2,17.78,Graduated
S104167,Student_4167,Female,17,Medicine,200,3.35,72.28,8,0,13.85,In Progress
S104168,Student_4168,Male,23,Law,500,3.56,78.45,9,7,8.17,In Progress
S104169,Student_4169,Female,24,Engineering,100,2.44,70.2,19,0,7.86,Graduated
S104170,Student_4170,Female,19,Medicine,500,2.79,43.54,12,1,7.39,In Progress
S104171,Student_4171,Male,30,Law,500,2.17,70.04,20,0,11.89,Graduated
S104172,Student_4172,Female,20,Medicine,100,3.21,41.35,10,2,16.23,Graduated
S104173,Student_4173,Male,29,Law,300,1.86,50.84,19,5,3.76,Graduated
S104174,Student_4174,Female,19,Medicine,300,2.45,63.25,14,3,14.51,Graduated
S104175,Student_4175,Male,23,Business Admin,400,2.03,73.08,16,1,17.16,Graduated
S104176,Student_4176,Male,25,Education,300,3.23,51.09,18,1,1.95,Graduated
S104177,Student_4177,Male,19,Computer Science,200,2.76,56.58,7,2,8.08,Graduated
S104178,Student_4178,Female,29,Medicine,500,3.28,62.45,14,4,4.04,In Progress
S104179,Student_4179,Male,22,Computer Science,400,1.72,51.83,12,6,12.14,In Progress
S104180,Student_4180,Male,24,Medicine,500,2.45,99.93,10,6,5.82,Graduated
S104181,Student_4181,Male,22,Engineering,100,3.55,88.28,20,0,5.02,In Progress
S104182,Student_4182,Male,18,Education,300,2.19,88.66,16,4,16.47,Graduated
S104183,Student_4183,Male,29,Business Admin,100,3.72,74.13,6,2,5.3,Graduated
S104184,Student_4184,Female,23,Education,400,2.89,97.68,9,7,11.49,Dropped
S104185,Student_4185,Female,18,Computer Science,200,2.41,83.93,7,4,9.82,In Progress
S104186,Student_4186,Female,18,Engineering,300,2.46,59.85,8,7,7.32,Dropped
S104187,Student_4187,Female,18,Law,100,3.15,76.63,13,2,9.48,In Progress
S104188,Student_4188,Female,27,Education,300,4.54,72.62,7,0,9.01,Graduated
S104189,Student_4189,Female,17,Business Admin,500,4.9,74.82,9,6,15.49,In Progress
S104190,Student_4190,Female,30,Engineering,200,2.07,89.06,18,0,15.05,In Progress
S104191,Student_4191,Male,27,Engineering,300,3.47,70.57,12,1,12.07,In Progress
S104192,Student_4192,Female,17,Computer Science,200,4.17,83.72,17,4,17.36,Graduated
S104193,Student_4193,Male,30,Business Admin,500,2.13,55.04,13,6,13.34,In Progress
S104194,Student_4194,Male,23,Engineering,500,2.56,95.92,11,4,6.26,Graduated
S104195,Student_4195,Female,29,Engineering,100,3.2,45.18,15,4,6.91,Graduated
S104196,Student_4196,Male,30,Law,400,3.03,99.61,8,6,20.22,In Progress
S104197,Student_4197,Male,30,Computer Science,100,2.03,77.96,13,4,14.1,Dropped
S104198,Student_4198,Male,30,Computer Science,200,3.52,68.2,20,5,10.86,Graduated
S104199,Student_4199,Male,28,Business Admin,100,3.3,58.65,19,7,10.99,Graduated
S104200,Student_4200,Female,21,Engineering,300,3.66,64.31,16,3,10.33,In Progress
S104201,Student_4201,Female,27,Law,100,3.37,86.95,6,1,21.82,Graduated
S104202,Student_4202,Female,19,Medicine,400,3.37,48.37,16,1,6.02,Dropped
S104203,Student_4203,Female,17,Education,400,3.02,55.16,6,3,14.35,In Progress
S104204,Student_4204,Female,27,Computer Science,200,3.85,47.42,8,5,16.15,Graduated
S104205,Student_4205,Female,26,Law,500,2.07,65.6,20,4,6.6,Graduated
S104206,Student_4206,Female,22,Business Admin,400,2.23,63.23,6,3,6.24,Graduated
S104207,Student_4207,Female,27,Law,200,3.77,78.93,7,7,2.71,Graduated
S104208,Student_4208,Female,17,Engineering,400,2.8,99.74,20,7,5.16,In Progress
S104209,Student_4209,Female,25,Education,400,2.36,93.54,19,5,14.09,In Progress
S104210,Student_4210,Male,18,Computer Science,500,3.59,92.82,9,4,9.44,Graduated
S104211,Student_4211,Female,17,Medicine,300,3.47,78.74,7,3,13.23,Graduated
S104212,Student_4212,Male,28,Engineering,200,1.61,56.24,5,1,14.16,Graduated
S104213,Student_4213,Male,23,Computer Science,400,3.48,63.05,15,3,9.94,Graduated
S104214,Student_4214,Male,22,Business Admin,400,2.56,55.01,7,5,5.46,Graduated
S104215,Student_4215,Male,22,Computer Science,100,3.34,48.11,17,2,13.12,Dropped
S104216,Student_4216,Female,30,Law,300,2.95,66.16,10,4,0.0,Dropped
S104217,Student_4217,Male,21,Education,500,3.43,93.85,7,3,16.1,Graduated
S104218,Student_4218,Female,27,Medicine,200,2.99,84.63,13,4,0.0,Graduated
S104219,Student_4219,Female,20,Education,400,2.13,99.09,7,7,3.75,Graduated
S104220,Student_4220,Male,27,Law,200,1.87,51.69,15,0,8.03,Graduated
S104221,Student_4221,Female,20,Medicine,500,2.06,70.03,7,6,4.18,Graduated
S104222,Student_4222,Male,19,Medicine,300,2.22,87.58,19,4,0.82,Dropped
S104223,Student_4223,Male,26,Engineering,100,3.31,67.63,20,6,10.51,Graduated
S104224,Student_4224,Female,24,Medicine,300,3.67,61.3,7,3,7.61,Dropped
S104225,Student_4225,Female,23,Computer Science,100,2.78,88.95,9,4,7.44,In Progress
S104226,Student_4226,Male,25,Education,200,2.37,65.82,11,5,8.82,In Progress
S104227,Student_4227,Female,17,Business Admin,300,3.02,94.78,9,7,3.22,In Progress
S104228,Student_4228,Female,23,Business Admin,300,1.62,56.1,13,6,13.38,Graduated
S104229,Student_4229,Female,26,Education,300,3.43,93.79,10,2,5.47,Graduated
S104230,Student_4230,Male,20,Engineering,500,2.95,56.71,5,2,12.36,Graduated
S104231,Student_4231,Male,23,Medicine,200,3.05,57.37,13,3,9.12,Dropped
S104232,Student_4232,Female,29,Law,100,2.62,65.24,18,3,9.13,Graduated
S104233,Student_4233,Female,28,Computer Science,300,2.56,70.95,7,4,8.0,Graduated
S104234,Student_4234,Female,17,Engineering,200,1.85,65.09,12,1,14.36,Dropped
S104235,Student_4235,Female,21,Medicine,500,3.61,91.73,18,2,15.62,Graduated
S104236,Student_4236,Female,19,Business Admin,500,2.12,87.73,16,2,15.16,In Progress
S104237,Student_4237,Male,21,Law,200,2.5,58.59,19,0,8.89,Graduated
S104238,Student_4238,Female,20,Medicine,100,2.34,70.69,7,0,10.08,Graduated
S104239,Student_4239,Male,18,Engineering,200,3.58,65.86,12,1,6.08,In Progress
S104240,Student_4240,Female,27,Law,200,2.59,43.36,8,2,7.45,Graduated
S104241,Student_4241,Male,20,Law,400,3.67,84.89,5,7,3.95,Graduated
S104242,Student_4242,Female,19,Law,500,3.41,50.9,15,7,7.02,In Progress
S104243,Student_4243,Male,29,Law,100,2.34,96.05,18,3,11.48,In Progress
S104244,Student_4244,Female,17,Medicine,400,2.93,63.87,10,2,9.53,Graduated
S104245,Student_4245,Male,28,Law,200,1.81,77.34,11,7,7.27,In Progress
S104246,Student_4246,Male,26,Medicine,500,3.28,89.1,12,6,14.68,Graduated
S104247,Student_4247,Male,24,Law,400,2.54,50.82,20,3,5.15,Dropped
S104248,Student_4248,Male,21,Law,400,2.26,72.47,10,6,10.12,Graduated
S104249,Student_4249,Male,20,Engineering,100,2.81,54.25,20,6,21.92,Dropped
S104250,Student_4250,Male,26,Medicine,200,2.68,70.58,18,3,17.54,Graduated
S104251,Student_4251,Female,28,Business Admin,100,3.2,74.77,5,7,7.35,Graduated
S104252,Student_4252,Male,21,Medicine,400,4.33,50.15,9,1,16.1,Graduated
S104253,Student_4253,Female,20,Education,400,3.93,74.85,13,2,6.84,Graduated
S104254,Student_4254,Female,19,Business Admin,100,2.16,67.29,7,4,12.16,In Progress
S104255,Student_4255,Female,21,Engineering,400,4.07,71.32,20,6,18.88,Graduated
S104256,Student_4256,Female,20,Medicine,300,3.03,94.3,9,7,8.44,Graduated
S104257,Student_4257,Female,17,Engineering,500,1.22,69.03,10,2,13.93,Graduated
S104258,Student_4258,Male,28,Business Admin,200,2.84,68.57,9,6,9.21,Graduated
S104259,Student_4259,Male,19,Engineering,500,1.91,68.22,8,2,7.19,In Progress
S104260,Student_4260,Male,26,Engineering,200,2.69,77.39,6,6,13.28,Graduated
S104261,Student_4261,Female,26,Computer Science,400,4.34,62.05,9,5,12.66,Dropped
S104262,Student_4262,Male,24,Medicine,100,2.08,88.08,20,0,3.36,Graduated
S104263,Student_4263,Male,23,Engineering,100,2.06,57.16,14,1,8.43,Graduated
S104264,Student_4264,Male,18,Computer Science,400,2.93,57.97,5,4,4.13,Graduated
S104265,Student_4265,Male,17,Computer Science,200,2.43,75.33,5,4,1.65,Graduated
S104266,Student_4266,Male,19,Law,400,2.82,55.59,12,4,9.17,In Progress
S104267,Student_4267,Female,21,Law,200,3.08,45.4,17,3,11.67,Graduated
S104268,Student_4268,Male,26,Business Admin,400,1.96,52.34,8,6,14.89,In Progress
S104269,Student_4269,Female,27,Medicine,400,3.16,94.82,5,1,2.3,Graduated
S104270,Student_4270,Female,28,Law,400,2.47,40.64,6,0,4.28,Dropped
S104271,Student_4271,Female,17,Business Admin,100,3.75,48.01,9,3,17.31,In Progress
S104272,Student_4272,Female,19,Medicine,200,2.39,85.48,11,4,6.21,Graduated
S104273,Student_4273,Female,19,Business Admin,400,2.5,98.79,17,3,2.85,Graduated
S104274,Student_4274,Male,21,Computer Science,500,2.35,81.29,16,3,18.53,Graduated
S104275,Student_4275,Male,19,Computer Science,500,2.71,95.34,9,6,9.32,Graduated
S104276,Student_4276,Male,29,Medicine,100,1.99,91.31,15,6,7.66,In Progress
S104277,Student_4277,Female,25,Business Admin,300,3.37,68.8,14,5,6.52,Dropped
S104278,Student_4278,Male,17,Business Admin,100,2.63,60.01,19,4,5.2,Graduated
S104279,Student_4279,Male,20,Law,300,3.57,77.93,10,4,9.31,Graduated
S104280,Student_4280,Female,29,Law,100,3.04,72.01,11,0,11.69,In Progress
S104281,Student_4281,Female,29,Medicine,500,4.2,41.55,7,7,12.19,Graduated
S104282,Student_4282,Female,26,Education,400,2.82,97.44,15,1,1.01,Graduated
S104283,Student_4283,Female,26,Law,200,2.75,74.21,14,2,17.6,In Progress
S104284,Student_4284,Male,20,Engineering,400,3.41,92.47,9,2,9.17,Graduated
S104285,Student_4285,Female,17,Law,500,1.55,84.08,12,5,11.77,In Progress
S104286,Student_4286,Female,30,Education,200,2.66,60.45,17,2,13.87,Graduated
S104287,Student_4287,Male,18,Business Admin,300,2.94,94.07,15,0,8.15,In Progress
S104288,Student_4288,Male,27,Computer Science,300,3.51,87.43,10,3,12.47,In Progress
S104289,Student_4289,Female,17,Computer Science,500,3.65,65.79,6,4,10.69,Graduated
S104290,Student_4290,Male,22,Business Admin,200,3.78,90.43,13,1,8.58,Graduated
S104291,Student_4291,Female,19,Computer Science,400,2.79,56.29,6,2,10.44,In Progress
S104292,Student_4292,Female,23,Law,500,2.48,80.24,10,5,7.21,Graduated
S104293,Student_4293,Male,21,Computer Science,300,3.04,46.87,15,1,5.87,Graduated
S104294,Student_4294,Male,25,Education,500,2.81,91.95,6,6,10.72,Dropped
S104295,Student_4295,Female,23,Education,400,1.83,83.77,14,1,10.79,Dropped
S104296,Student_4296,Female,20,Law,100,3.11,49.15,11,4,11.32,Graduated
S104297,Student_4297,Female,21,Business Admin,100,2.36,41.28,5,5,17.14,In Progress
S104298,Student_4298,Male,21,Engineering,400,2.84,63.39,8,7,11.54,In Progress
S104299,Student_4299,Female,27,Law,200,2.8,80.52,16,0,8.21,In Progress
S104300,Student_4300,Female,21,Computer Science,500,4.5,56.99,12,4,11.06,Graduated
S104301,Student_4301,Female,26,Law,400,3.63,98.4,13,5,21.27,Dropped
S104302,Student_4302,Female,25,Education,100,3.45,96.08,14,0,4.45,In Progress
S104303,Student_4303,Female,26,Law,300,3.68,75.88,7,5,18.6,Graduated
S104304,Student_4304,Male,19,Law,400,2.76,58.94,13,3,12.09,Graduated
S104305,Student_4305,Female,22,Engineering,400,2.13,93.78,16,1,10.4,In Progress
S104306,Student_4306,Female,24,Education,400,1.49,88.21,18,2,8.58,Graduated
S104307,Student_4307,Female,27,Medicine,100,3.38,45.17,12,1,7.93,Graduated
S104308,Student_4308,Female,25,Medicine,100,3.39,68.58,8,4,1.54,Graduated
S104309,Student_4309,Male,29,Education,400,2.47,98.87,20,5,10.84,Graduated
S104310,Student_4310,Male,23,Medicine,400,2.55,67.23,5,5,14.45,In Progress
S104311,Student_4311,Male,28,Computer Science,200,2.44,95.97,14,6,9.27,Graduated
S104312,Student_4312,Female,19,Medicine,300,2.44,98.64,20,6,7.77,Graduated
S104313,Student_4313,Female,17,Computer Science,500,2.65,63.24,9,0,6.27,Graduated
S104314,Student_4314,Male,20,Education,500,3.24,97.87,15,3,10.36,Graduated
S104315,Student_4315,Male,29,Medicine,500,3.74,48.28,11,3,12.88,In Progress
S104316,Student_4316,Male,22,Medicine,100,2.98,49.61,9,0,15.13,Dropped
S104317,Student_4317,Female,19,Business Admin,100,3.89,56.59,15,0,0.62,Graduated
S104318,Student_4318,Female,30,Computer Science,200,4.66,68.05,20,0,7.63,Dropped
S104319,Student_4319,Male,17,Computer Science,100,3.28,50.86,9,3,13.62,Graduated
S104320,Student_4320,Male,22,Law,400,2.96,60.41,9,7,4.11,In Progress
S104321,Student_4321,Male,30,Engineering,300,1.37,46.22,7,7,9.1,Graduated
S104322,Student_4322,Female,17,Medicine,300,3.42,65.8,10,6,13.79,Dropped
S104323,Student_4323,Female,25,Business Admin,300,3.04,89.65,15,1,9.55,In Progress
S104324,Student_4324,Female,27,Engineering,300,3.06,75.7,8,6,10.32,Graduated
S104325,Student_4325,Male,30,Business Admin,500,2.84,88.61,14,6,4.26,Graduated
S104326,Student_4326,Male,28,Engineering,500,2.7,48.14,6,6,7.31,Graduated
S104327,Student_4327,Female,17,Medicine,400,2.3,63.97,8,1,11.48,In Progress
S104328,Student_4328,Male,29,Business Admin,200,3.57,42.36,10,7,13.86,Graduated
S104329,Student_4329,Female,22,Computer Science,100,1.1,62.2,17,5,8.19,Dropped
S104330,Student_4330,Male,17,Law,100,3.31,76.87,10,6,15.89,Graduated
S104331,Student_4331,Male,28,Business Admin,500,1.94,74.13,18,5,10.12,Graduated
S104332,Student_4332,Male,23,Education,300,3.9,43.62,15,3,9.95,Graduated
S104333,Student_4333,Male,19,Medicine,400,2.77,43.72,13,2,17.06,Graduated
S104334,Student_4334,Female,22,Medicine,200,3.39,58.3,12,6,0.0,In Progress
S104335,Student_4335,Male,23,Education,500,3.13,86.28,9,4,0.0,Graduated
S104336,Student_4336,Female,17,Engineering,400,3.84,41.23,14,3,14.41,In Progress
S104337,Student_4337,Female,17,Law,400,4.29,76.96,7,2,8.64,Graduated
S104338,Student_4338,Female,29,Engineering,500,3.81,51.02,20,6,12.29,In Progress
S104339,Student_4339,Male,21,Education,400,3.43,96.66,8,7,10.1,Graduated
S104340,Student_4340,Female,22,Education,300,2.8,65.81,18,6,12.36,Graduated
S104341,Student_4341,Female,25,Law,400,3.34,42.87,9,4,13.44,Graduated
S104342,Student_4342,Female,30,Education,200,3.72,82.82,19,1,15.27,Dropped
S104343,Student_4343,Male,17,Education,400,2.73,69.08,5,0,12.14,In Progress
S104344,Student_4344,Male,29,Business Admin,100,3.05,92.87,17,5,15.73,Graduated
S104345,Student_4345,Female,20,Law,400,2.47,79.11,16,4,7.37,In Progress
S104346,Student_4346,Male,26,Medicine,500,3.61,81.55,13,5,12.17,Graduated
S104347,Student_4347,Female,24,Engineering,100,3.35,86.04,17,0,2.99,In Progress
S104348,Student_4348,Female,26,Medicine,500,2.11,65.22,8,2,6.57,Dropped
S104349,Student_4349,Male,25,Medicine,200,3.24,87.55,12,5,13.49,Graduated
S104350,Student_4350,Female,29,Business Admin,300,2.86,43.04,9,3,13.88,Graduated
S104351,Student_4351,Male,19,Engineering,200,3.09,85.93,20,3,9.08,Graduated
S104352,Student_4352,Male,27,Medicine,100,2.51,78.18,19,0,15.98,Graduated
S104353,Student_4353,Female,18,Law,300,3.92,74.0,15,4,1.78,In Progress
S104354,Student_4354,Male,20,Engineering,400,2.54,59.09,9,4,15.09,In Progress
S104355,Student_4355,Male,18,Computer Science,100,4.49,46.85,18,5,9.11,In Progress
S104356,Student_4356,Female,17,Business Admin,300,3.1,78.83,16,2,0.6,In Progress
S104357,Student_4357,Female,28,Medicine,500,2.79,68.3,6,3,4.94,Dropped
S104358,Student_4358,Male,19,Education,300,3.31,53.07,12,0,7.6,In Progress
S104359,Student_4359,Male,23,Engineering,500,3.22,42.6,16,1,4.79,Graduated
S104360,Student_4360,Female,29,Computer Science,500,4.39,72.33,17,5,5.05,Graduated
S104361,Student_4361,Male,29,Education,300,3.33,47.58,15,3,12.59,Graduated
S104362,Student_4362,Male,17,Computer Science,200,1.7,95.77,14,3,7.18,Graduated
S104363,Student_4363,Male,18,Medicine,200,2.56,49.04,19,2,0.0,Graduated
S104364,Student_4364,Male,17,Education,500,3.57,41.92,11,3,11.43,In Progress
S104365,Student_4365,Male,24,Medicine,100,2.88,55.72,18,2,6.86,In Progress
S104366,Student_4366,Male,21,Education,300,2.65,50.5,16,2,16.82,In Progress
S104367,Student_4367,Male,24,Engineering,100,2.53,87.47,6,1,6.22,In Progress
S104368,Student_4368,Female,19,Law,200,2.36,57.36,15,5,1.28,Graduated
S104369,Student_4369,Female,29,Law,100,3.18,54.71,10,6,8.7,Graduated
S104370,Student_4370,Female,28,Computer Science,400,2.53,99.69,13,4,4.63,Dropped
S104371,Student_4371,Female,23,Business Admin,400,3.94,49.0,20,6,5.07,Graduated
S104372,Student_4372,Female,24,Education,200,2.42,45.1,12,3,8.43,In Progress
S104373,Student_4373,Male,22,Medicine,100,2.09,58.34,14,2,9.19,Graduated
S104374,Student_4374,Male,29,Business Admin,300,2.99,64.31,16,6,8.42,In Progress
S104375,Student_4375,Male,29,Engineering,200,1.58,85.63,20,2,8.87,Graduated
S104376,Student_4376,Male,23,Engineering,400,1.32,97.33,7,4,12.99,Dropped
S104377,Student_4377,Female,30,Engineering,200,3.44,85.82,11,4,8.96,Dropped
S104378,Student_4378,Male,28,Law,100,3.04,83.6,20,2,11.2,Graduated
S104379,Student_4379,Male,18,Medicine,100,1.54,99.49,8,3,14.06,Graduated
S104380,Student_4380,Female,24,Engineering,100,3.06,85.92,15,5,7.01,Graduated
S104381,Student_4381,Male,21,Engineering,500,2.8,48.37,8,3,9.98,Graduated
S104382,Student_4382,Male,23,Computer Science,100,1.93,67.69,20,5,10.44,Graduated
S104383,Student_4383,Female,17,Education,400,3.51,70.21,11,3,3.0,Graduated
S104384,Student_4384,Male,21,Education,400,4.06,58.29,15,4,0.0,Dropped
S104385,Student_4385,Male,17,Education,500,4.35,49.86,19,3,10.22,Graduated
S104386,Student_4386,Male,28,Business Admin,400,3.23,82.7,17,6,4.75,In Progress
S104387,Student_4387,Male,29,Computer Science,400,3.02,56.65,11,5,18.06,Graduated
S104388,Student_4388,Male,24,Law,200,4.24,77.48,16,3,13.52,Graduated
S104389,Student_4389,Female,20,Business Admin,100,3.18,59.36,15,3,4.87,Graduated
S104390,Student_4390,Female,20,Computer Science,200,2.76,70.37,5,7,1.0,In Progress
S104391,Student_4391,Female,18,Engineering,200,2.54,60.22,19,4,3.78,Graduated
S104392,Student_4392,Female,21,Medicine,400,3.39,64.71,15,0,10.52,Graduated
S104393,Student_4393,Female,17,Business Admin,300,1.85,83.92,5,7,8.49,Graduated
S104394,Student_4394,Female,25,Business Admin,100,3.81,93.03,10,0,13.52,In Progress
S104395,Student_4395,Male,21,Engineering,300,2.03,70.52,6,3,4.67,In Progress
S104396,Student_4396,Female,22,Engineering,400,2.41,76.62,7,0,12.37,Graduated
S104397,Student_4397,Female,18,Medicine,500,3.22,91.86,6,3,11.62,Graduated
S104398,Student_4398,Male,26,Education,200,4.22,48.59,6,6,16.3,Graduated
S104399,Student_4399,Male,26,Business Admin,400,2.81,49.73,20,4,10.92,In Progress
S104400,Student_4400,Female,17,Computer Science,400,2.26,61.55,12,3,5.65,In Progress
S104401,Student_4401,Male,20,Law,300,3.75,58.54,12,1,16.61,Graduated
S104402,Student_4402,Female,23,Engineering,500,2.69,99.18,17,2,8.65,Graduated
S104403,Student_4403,Male,22,Engineering,200,1.82,73.85,10,4,7.94,Graduated
S104404,Student_4404,Female,26,Law,500,3.42,71.43,7,7,10.6,In Progress
S104405,Student_4405,Male,17,Computer Science,500,2.84,74.72,9,5,16.03,In Progress
S104406,Student_4406,Male,17,Engineering,500,2.83,92.51,18,1,15.3,In Progress
S104407,Student_4407,Female,24,Law,100,3.52,54.61,11,1,12.86,Graduated
S104408,Student_4408,Female,20,Engineering,500,3.58,70.66,9,6,14.44,Dropped
S104409,Student_4409,Female,21,Education,400,2.47,56.26,20,2,12.08,Graduated
S104410,Student_4410,Female,29,Education,100,3.09,86.83,11,1,5.38,In Progress
S104411,Student_4411,Female,23,Engineering,100,1.91,86.63,20,2,14.73,In Progress
S104412,Student_4412,Male,24,Engineering,500,2.82,97.45,14,3,0.0,Dropped
S104413,Student_4413,Female,26,Education,400,2.39,66.81,11,4,9.88,Graduated
S104414,Student_4414,Female,23,Engineering,200,2.85,49.52,8,4,10.23,In Progress
S104415,Student_4415,Male,18,Computer Science,500,2.71,93.78,20,4,20.84,In Progress
S104416,Student_4416,Male,30,Computer Science,100,2.87,93.44,14,6,5.13,Graduated
S104417,Student_4417,Female,20,Medicine,200,1.83,54.08,18,7,14.99,Dropped
S104418,Student_4418,Male,26,Computer Science,200,2.08,56.58,18,7,11.08,Dropped
S104419,Student_4419,Male,28,Business Admin,100,2.85,58.8,14,2,8.29,Graduated
S104420,Student_4420,Female,17,Business Admin,200,4.05,67.11,10,2,0.63,Graduated
S104421,Student_4421,Male,26,Business Admin,400,3.51,89.74,13,7,11.06,Graduated
S104422,Student_4422,Male,25,Engineering,400,3.3,48.66,8,7,11.14,Graduated
S104423,Student_4423,Female,19,Engineering,500,2.58,82.02,14,1,8.73,Graduated
S104424,Student_4424,Female,28,Law,500,2.34,61.17,16,4,18.22,In Progress
S104425,Student_4425,Male,19,Business Admin,200,3.44,51.74,5,1,15.69,In Progress
S104426,Student_4426,Male,26,Business Admin,100,2.18,60.31,19,3,9.14,Graduated
S104427,Student_4427,Female,25,Computer Science,400,4.14,72.0,12,1,15.54,Graduated
S104428,Student_4428,Male,26,Education,300,2.97,95.28,8,4,16.52,Graduated
S104429,Student_4429,Male,19,Education,500,4.41,77.7,12,2,6.72,Dropped
S104430,Student_4430,Male,24,Medicine,400,4.19,76.42,15,1,4.86,Graduated
S104431,Student_4431,Female,18,Law,200,3.29,46.52,13,1,3.94,In Progress
S104432,Student_4432,Male,30,Education,400,3.27,44.79,16,2,15.07,Graduated
S104433,Student_4433,Male,29,Medicine,400,2.55,47.77,17,2,8.31,Graduated
S104434,Student_4434,Female,19,Computer Science,200,3.93,45.73,16,4,6.4,Dropped
S104435,Student_4435,Male,18,Law,500,2.73,74.58,20,3,14.81,Graduated
S104436,Student_4436,Male,17,Law,500,1.82,67.16,12,5,8.43,Graduated
S104437,Student_4437,Female,18,Business Admin,300,3.81,40.3,19,4,4.8,In Progress
S104438,Student_4438,Female,24,Engineering,300,3.38,61.06,5,1,17.49,Graduated
S104439,Student_4439,Female,25,Business Admin,500,2.64,47.64,17,4,15.29,In Progress
S104440,Student_4440,Female,29,Computer Science,500,3.19,99.29,18,4,6.81,Graduated
S104441,Student_4441,Male,18,Business Admin,500,3.02,67.61,16,2,6.19,In Progress
S104442,Student_4442,Male,23,Law,500,4.03,65.57,19,3,9.12,In Progress
S104443,Student_4443,Female,21,Business Admin,400,2.3,78.65,16,5,13.29,Graduated
S104444,Student_4444,Female,19,Medicine,300,4.04,61.43,13,3,15.69,In Progress
S104445,Student_4445,Male,25,Business Admin,200,3.93,82.93,9,4,4.59,Graduated
S104446,Student_4446,Female,22,Education,100,2.55,94.29,12,2,1.86,In Progress
S104447,Student_4447,Male,27,Computer Science,200,3.29,69.93,17,7,8.97,Graduated
S104448,Student_4448,Female,17,Computer Science,100,3.38,62.98,16,2,4.62,In Progress
S104449,Student_4449,Male,21,Law,400,5.0,71.31,20,6,8.63,In Progress
S104450,Student_4450,Female,23,Business Admin,300,2.45,76.21,10,1,6.99,In Progress
S104451,Student_4451,Female,20,Law,100,1.65,90.86,11,0,1.85,In Progress
S104452,Student_4452,Male,24,Law,500,1.59,63.67,7,1,18.49,Graduated
S104453,Student_4453,Female,26,Medicine,400,3.15,43.09,13,5,10.63,Graduated
S104454,Student_4454,Male,21,Engineering,100,3.72,77.84,13,7,14.36,Graduated
S104455,Student_4455,Male,25,Law,500,2.38,99.21,14,6,0.0,Graduated
S104456,Student_4456,Male,25,Engineering,400,2.87,91.25,17,1,6.31,Graduated
S104457,Student_4457,Male,25,Engineering,100,2.69,85.5,17,1,6.61,Dropped
S104458,Student_4458,Male,17,Computer Science,500,2.2,50.59,20,0,14.99,In Progress
S104459,Student_4459,Female,18,Education,300,3.42,84.92,6,7,18.52,In Progress
S104460,Student_4460,Female,19,Education,400,1.78,44.89,8,7,4.06,In Progress
S104461,Student_4461,Male,30,Business Admin,100,3.45,69.64,8,2,10.81,In Progress
S104462,Student_4462,Female,20,Medicine,500,2.7,62.25,5,2,16.45,Graduated
S104463,Student_4463,Male,26,Medicine,300,3.69,94.32,8,3,6.58,Dropped
S104464,Student_4464,Female,25,Education,500,3.12,49.59,7,3,6.13,In Progress
S104465,Student_4465,Female,26,Business Admin,300,1.91,87.33,15,4,12.58,Dropped
S104466,Student_4466,Female,29,Education,100,3.22,42.91,15,5,2.0,Graduated
S104467,Student_4467,Female,22,Business Admin,500,2.73,82.11,6,4,0.0,Graduated
S104468,Student_4468,Male,17,Business Admin,500,3.77,57.63,10,4,0.0,Graduated
S104469,Student_4469,Male,28,Business Admin,200,3.51,98.55,19,3,13.43,Graduated
S104470,Student_4470,Female,25,Business Admin,400,3.8,80.3,7,3,16.84,In Progress
S104471,Student_4471,Female,22,Computer Science,500,2.76,58.53,20,1,10.04,In Progress
S104472,Student_4472,Male,20,Computer Science,300,2.36,54.13,14,2,15.06,In Progress
S104473,Student_4473,Female,30,Education,400,2.99,78.36,13,3,0.0,Graduated
S104474,Student_4474,Male,20,Business Admin,100,3.51,56.36,13,0,12.98,Graduated
S104475,Student_4475,Male,19,Law,400,2.33,51.21,18,1,10.72,Graduated
S104476,Student_4476,Male,23,Business Admin,200,3.22,78.86,20,6,5.65,In Progress
S104477,Student_4477,Female,19,Law,100,3.26,83.46,15,0,11.82,In Progress
S104478,Student_4478,Male,18,Computer Science,500,3.96,54.28,12,0,18.97,Graduated
S104479,Student_4479,Female,26,Business Admin,100,2.27,72.15,12,2,14.57,Graduated
S104480,Student_4480,Male,24,Engineering,100,3.34,79.82,6,0,6.96,In Progress
S104481,Student_4481,Female,20,Education,200,2.66,96.52,15,0,6.98,Graduated
S104482,Student_4482,Female,24,Business Admin,300,2.47,88.21,10,5,12.11,Graduated
S104483,Student_4483,Female,17,Medicine,100,4.36,65.25,18,0,12.98,Graduated
S104484,Student_4484,Male,21,Law,300,3.31,90.66,8,0,6.03,In Progress
S104485,Student_4485,Male,29,Business Admin,400,4.08,66.5,14,1,18.93,In Progress
S104486,Student_4486,Female,25,Engineering,200,2.48,47.81,6,1,9.71,Graduated
S104487,Student_4487,Female,17,Law,500,4.17,60.47,6,2,15.69,Graduated
S104488,Student_4488,Female,27,Engineering,100,2.71,88.28,14,6,8.31,Graduated
S104489,Student_4489,Male,29,Education,300,3.56,97.35,16,2,20.95,Graduated
S104490,Student_4490,Male,20,Education,100,2.34,99.02,11,5,11.82,Dropped
S104491,Student_4491,Male,22,Education,200,2.25,78.35,15,0,0.81,Graduated
S104492,Student_4492,Male,26,Computer Science,500,2.98,68.7,20,4,5.71,Graduated
S104493,Student_4493,Female,24,Engineering,400,4.08,49.72,5,0,12.34,Graduated
S104494,Student_4494,Female,30,Business Admin,400,3.88,46.15,18,0,17.62,Graduated
S104495,Student_4495,Male,19,Medicine,300,3.1,71.11,12,5,10.85,Graduated
S104496,Student_4496,Male,21,Medicine,400,2.77,83.67,17,7,3.9,In Progress
S104497,Student_4497,Female,23,Education,300,3.22,59.44,9,2,9.57,Dropped
S104498,Student_4498,Male,17,Medicine,500,2.26,80.48,14,3,11.91,Graduated
S104499,Student_4499,Male,23,Law,100,3.1,74.25,12,6,14.07,Graduated
S104500,Student_4500,Male,29,Engineering,200,3.03,96.44,6,2,17.18,Graduated
S104501,Student_4501,Male,28,Engineering,500,3.04,52.57,5,1,16.27,Graduated
S104502,Student_4502,Male,27,Engineering,500,3.33,75.46,17,2,9.75,In Progress
S104503,Student_4503,Male,24,Law,400,3.55,64.83,6,5,1.8,Graduated
S104504,Student_4504,Female,24,Business Admin,400,1.33,55.69,18,3,14.73,Graduated
S104505,Student_4505,Male,25,Computer Science,200,2.42,61.44,10,0,7.53,Graduated
S104506,Student_4506,Male,22,Law,100,2.54,57.67,19,3,18.05,Graduated
S104507,Student_4507,Female,28,Engineering,500,2.89,71.66,20,7,13.29,Graduated
S104508,Student_4508,Female,22,Engineering,400,2.95,73.48,20,5,8.92,Graduated
S104509,Student_4509,Female,18,Engineering,500,3.44,91.93,8,5,20.59,Graduated
S104510,Student_4510,Male,19,Business Admin,100,3.23,86.88,17,2,12.32,Graduated
S104511,Student_4511,Female,20,Medicine,300,3.84,58.15,12,4,16.12,In Progress
S104512,Student_4512,Male,20,Computer Science,100,2.79,95.88,16,7,6.28,Graduated
S104513,Student_4513,Male,24,Law,500,2.52,92.1,13,7,5.15,In Progress
S104514,Student_4514,Male,30,Engineering,500,2.9,77.55,13,5,0.0,In Progress
S104515,Student_4515,Female,17,Education,200,3.02,41.12,19,1,14.57,Graduated
S104516,Student_4516,Female,26,Computer Science,500,3.07,52.55,9,5,8.46,Graduated
S104517,Student_4517,Female,30,Education,400,2.82,87.36,10,3,21.64,Dropped
S104518,Student_4518,Female,20,Computer Science,200,3.76,67.23,15,5,11.51,Graduated
S104519,Student_4519,Female,27,Engineering,500,3.69,47.56,17,6,11.55,In Progress
S104520,Student_4520,Male,28,Computer Science,100,3.76,64.5,16,6,16.9,In Progress
S104521,Student_4521,Male,29,Computer Science,500,2.31,52.71,15,2,9.01,Graduated
S104522,Student_4522,Male,27,Engineering,100,3.51,93.55,11,0,7.57,Graduated
S104523,Student_4523,Male,27,Business Admin,100,4.12,93.36,16,2,4.08,Dropped
S104524,Student_4524,Female,20,Education,500,3.78,63.22,8,5,10.31,In Progress
S104525,Student_4525,Female,17,Business Admin,100,2.64,48.24,16,5,11.92,Graduated
S104526,Student_4526,Male,19,Education,300,2.77,61.53,14,7,7.4,In Progress
S104527,Student_4527,Female,21,Medicine,200,1.9,47.72,7,0,17.05,In Progress
S104528,Student_4528,Female,22,Education,500,3.9,58.24,6,4,0.22,Graduated
S104529,Student_4529,Male,25,Education,300,2.32,86.27,14,1,13.94,Graduated
S104530,Student_4530,Male,25,Computer Science,100,2.66,57.52,8,3,4.74,Graduated
S104531,Student_4531,Female,25,Medicine,100,3.39,72.65,13,2,14.08,Graduated
S104532,Student_4532,Female,27,Engineering,200,3.1,47.13,18,2,10.69,Graduated
S104533,Student_4533,Male,17,Engineering,300,3.26,60.86,9,3,10.75,In Progress
S104534,Student_4534,Male,28,Law,300,2.6,42.38,5,7,12.82,Graduated
S104535,Student_4535,Male,25,Medicine,500,2.12,72.89,16,5,13.95,Graduated
S104536,Student_4536,Female,29,Computer Science,100,3.15,60.86,9,0,8.58,Graduated
S104537,Student_4537,Male,24,Law,400,2.38,92.32,10,7,11.84,Graduated
S104538,Student_4538,Male,18,Law,500,3.36,63.55,17,1,13.6,Graduated
S104539,Student_4539,Female,29,Engineering,500,2.38,73.47,18,4,17.83,Graduated
S104540,Student_4540,Female,27,Education,500,2.9,98.6,16,6,12.59,Graduated
S104541,Student_4541,Female,17,Computer Science,200,4.2,78.56,14,3,8.13,In Progress
S104542,Student_4542,Female,17,Medicine,200,3.15,70.03,17,6,19.41,In Progress
S104543,Student_4543,Female,28,Law,500,2.44,45.89,10,1,16.53,In Progress
S104544,Student_4544,Male,22,Computer Science,400,3.35,89.26,17,2,14.98,Graduated
S104545,Student_4545,Male,25,Engineering,300,2.9,78.54,9,1,11.45,Graduated
S104546,Student_4546,Female,23,Law,300,2.45,46.51,12,5,9.77,Graduated
S104547,Student_4547,Female,21,Law,100,3.02,54.74,9,4,2.3,Graduated
S104548,Student_4548,Female,27,Business Admin,300,3.87,72.26,15,1,16.04,Graduated
S104549,Student_4549,Female,18,Engineering,300,3.42,42.7,14,5,0.0,In Progress
S104550,Student_4550,Female,17,Business Admin,400,2.87,83.1,7,2,11.08,Graduated
S104551,Student_4551,Male,18,Engineering,300,2.15,53.67,7,4,8.58,In Progress
S104552,Student_4552,Male,17,Engineering,400,3.51,69.38,18,4,12.67,Graduated
S104553,Student_4553,Male,19,Business Admin,200,3.33,54.5,8,4,8.72,In Progress
S104554,Student_4554,Male,22,Computer Science,400,1.86,69.35,14,2,10.75,Graduated
S104555,Student_4555,Female,29,Computer Science,200,1.96,51.38,12,0,7.4,Graduated
S104556,Student_4556,Male,24,Computer Science,400,4.1,75.64,13,2,10.66,Dropped
S104557,Student_4557,Female,19,Education,500,3.22,94.62,11,0,6.14,Graduated
S104558,Student_4558,Female,26,Law,200,2.03,88.44,6,5,9.8,Graduated
S104559,Student_4559,Female,25,Computer Science,200,3.8,54.49,13,7,5.87,In Progress
S104560,Student_4560,Male,26,Education,300,3.85,69.89,10,0,18.88,Graduated
S104561,Student_4561,Female,21,Law,200,2.5,65.39,10,6,2.1,Graduated
S104562,Student_4562,Male,23,Computer Science,400,2.35,97.93,17,7,5.31,Graduated
S104563,Student_4563,Male,24,Engineering,500,3.06,87.93,10,2,8.13,Graduated
S104564,Student_4564,Female,19,Medicine,500,3.11,46.45,5,5,7.57,Graduated
S104565,Student_4565,Female,18,Computer Science,300,2.89,50.11,19,1,14.15,Graduated
S104566,Student_4566,Female,18,Medicine,400,2.25,82.12,13,2,10.01,Graduated
S104567,Student_4567,Male,21,Computer Science,400,2.75,49.59,10,7,6.19,In Progress
S104568,Student_4568,Female,17,Engineering,100,2.7,97.03,11,7,8.15,Graduated
S104569,Student_4569,Male,18,Medicine,200,1.96,99.58,19,4,13.18,Graduated
S104570,Student_4570,Female,29,Education,300,3.69,86.7,5,1,0.0,Graduated
S104571,Student_4571,Female,25,Engineering,500,2.26,41.61,20,3,4.44,In Progress
S104572,Student_4572,Male,23,Medicine,100,3.91,68.96,17,5,8.3,Graduated
S104573,Student_4573,Male,22,Medicine,400,3.11,64.36,20,3,11.09,In Progress
S104574,Student_4574,Male,25,Business Admin,200,2.55,87.97,9,3,9.8,Graduated
S104575,Student_4575,Male,23,Business Admin,500,3.27,57.22,7,4,11.18,Graduated
S104576,Student_4576,Male,30,Engineering,100,2.91,63.17,13,6,9.33,Graduated
S104577,Student_4577,Male,27,Engineering,400,3.93,45.61,20,5,13.59,In Progress
S104578,Student_4578,Female,21,Engineering,500,4.48,60.56,6,5,8.53,Graduated
S104579,Student_4579,Female,25,Law,500,3.27,98.43,8,6,6.28,Graduated
S104580,Student_4580,Male,22,Education,400,2.87,96.53,7,4,3.83,In Progress
S104581,Student_4581,Female,22,Computer Science,400,4.12,85.02,13,0,8.44,Graduated
S104582,Student_4582,Male,27,Business Admin,300,2.86,94.44,7,5,9.29,Graduated
S104583,Student_4583,Female,20,Medicine,500,2.63,52.67,18,6,8.27,Dropped
S104584,Student_4584,Female,29,Business Admin,400,3.86,77.31,18,4,1.73,Graduated
S104585,Student_4585,Male,28,Computer Science,100,3.59,70.0,18,6,11.33,Graduated
S104586,Student_4586,Male,17,Engineering,200,2.64,65.36,5,7,9.88,In Progress
S104587,Student_4587,Male,21,Business Admin,300,3.22,59.49,12,5,12.92,Graduated
S104588,Student_4588,Female,27,Education,400,2.76,91.98,5,0,8.8,Graduated
S104589,Student_4589,Male,25,Education,200,3.42,69.07,15,3,4.89,Graduated
S104590,Student_4590,Female,29,Law,300,3.35,83.44,5,2,9.42,Graduated
S104591,Student_4591,Male,24,Business Admin,500,2.11,82.36,11,2,19.34,Graduated
S104592,Student_4592,Female,24,Engineering,200,3.03,48.16,13,5,6.39,In Progress
S104593,Student_4593,Female,21,Medicine,300,1.96,42.94,8,7,8.45,Dropped
S104594,Student_4594,Male,28,Law,400,2.0,90.4,14,4,5.42,Dropped
S104595,Student_4595,Female,25,Engineering,400,2.65,69.42,17,5,9.54,Graduated
S104596,Student_4596,Female,19,Law,300,2.58,88.61,8,3,5.65,In Progress
S104597,Student_4597,Male,19,Business Admin,500,1.8,57.82,9,5,8.54,Graduated
S104598,Student_4598,Female,17,Computer Science,300,2.17,91.71,9,3,15.52,Graduated
S104599,Student_4599,Male,25,Business Admin,100,1.92,89.85,6,0,13.57,In Progress
S104600,Student_4600,Male,22,Engineering,300,2.48,62.9,19,6,9.3,Dropped
S104601,Student_4601,Male,18,Medicine,300,3.37,64.7,16,6,9.58,In Progress
S104602,Student_4602,Male,24,Medicine,400,4.03,61.05,13,6,13.88,Graduated
S104603,Student_4603,Female,28,Engineering,500,3.74,42.09,14,0,0.2,Graduated
S104604,Student_4604,Female,25,Law,300,3.3,81.26,13,3,7.45,In Progress
S104605,Student_4605,Female,25,Education,200,3.26,56.36,13,5,17.05,Dropped
S104606,Student_4606,Male,18,Engineering,400,2.93,93.04,18,6,13.7,Graduated
S104607,Student_4607,Female,18,Business Admin,400,2.93,93.84,13,6,8.79,In Progress
S104608,Student_4608,Female,29,Medicine,300,3.97,83.35,5,4,0.0,Graduated
S104609,Student_4609,Male,23,Computer Science,200,3.43,50.89,12,4,0.43,In Progress
S104610,Student_4610,Male,27,Medicine,300,3.14,45.36,12,7,1.17,Graduated
S104611,Student_4611,Female,20,Education,200,1.77,88.99,16,3,4.19,In Progress
S104612,Student_4612,Male,29,Medicine,400,3.51,93.58,17,7,5.32,Graduated
S104613,Student_4613,Male,17,Education,200,3.52,61.12,17,5,14.9,In Progress
S104614,Student_4614,Male,24,Engineering,300,2.57,61.18,8,7,2.71,In Progress
S104615,Student_4615,Male,18,Medicine,100,3.16,63.42,17,7,5.94,In Progress
S104616,Student_4616,Female,30,Law,100,2.91,89.66,18,5,12.63,In Progress
S104617,Student_4617,Male,19,Business Admin,200,2.62,82.42,14,2,10.4,In Progress
S104618,Student_4618,Male,21,Law,300,3.29,47.32,5,2,11.92,Graduated
S104619,Student_4619,Male,30,Business Admin,500,2.24,78.08,5,0,9.55,Graduated
S104620,Student_4620,Male,19,Medicine,100,4.43,40.59,19,5,15.6,Graduated
S104621,Student_4621,Male,23,Medicine,400,3.37,82.62,18,3,12.97,Graduated
S104622,Student_4622,Male,23,Business Admin,300,2.92,85.88,5,2,4.33,Graduated
S104623,Student_4623,Male,30,Computer Science,300,3.67,88.9,7,4,6.56,Graduated
S104624,Student_4624,Male,18,Medicine,100,3.55,77.54,14,1,10.8,Graduated
S104625,Student_4625,Female,29,Computer Science,500,2.48,50.84,7,1,10.13,Dropped
S104626,Student_4626,Male,29,Computer Science,400,2.65,87.62,8,5,15.01,Graduated
S104627,Student_4627,Female,23,Business Admin,500,1.4,93.99,15,7,15.8,In Progress
S104628,Student_4628,Male,27,Computer Science,400,2.25,78.03,20,3,15.13,Graduated
S104629,Student_4629,Male,22,Computer Science,100,3.47,56.51,17,7,9.33,Graduated
S104630,Student_4630,Male,26,Engineering,300,3.13,50.76,17,0,15.32,Graduated
S104631,Student_4631,Male,25,Law,400,2.65,53.89,6,1,15.99,Graduated
S104632,Student_4632,Female,29,Computer Science,300,3.24,41.01,15,4,10.78,Graduated
S104633,Student_4633,Male,25,Law,200,2.63,40.61,15,4,1.73,Graduated
S104634,Student_4634,Male,18,Computer Science,200,1.98,57.82,13,4,4.82,Graduated
S104635,Student_4635,Female,23,Law,100,2.34,95.38,14,7,7.4,Dropped
S104636,Student_4636,Female,21,Medicine,100,4.61,77.28,13,1,7.78,In Progress
S104637,Student_4637,Male,29,Medicine,100,2.89,63.17,14,2,6.19,Graduated
S104638,Student_4638,Female,22,Law,200,2.93,40.65,11,7,8.02,Graduated
S104639,Student_4639,Female,17,Computer Science,400,3.37,99.38,20,7,12.48,Graduated
S104640,Student_4640,Female,23,Engineering,500,3.69,67.35,6,6,11.15,Dropped
S104641,Student_4641,Male,22,Law,100,2.84,99.49,7,4,7.4,Graduated
S104642,Student_4642,Male,20,Education,500,3.78,83.21,18,0,12.43,Graduated
S104643,Student_4643,Male,17,Engineering,500,2.85,43.07,20,3,12.69,In Progress
S104644,Student_4644,Female,25,Education,200,2.99,91.54,12,3,12.18,Dropped
S104645,Student_4645,Male,20,Law,400,2.66,71.82,13,3,10.24,Dropped
S104646,Student_4646,Female,18,Computer Science,200,3.54,67.16,20,2,11.53,Graduated
S104647,Student_4647,Male,24,Education,100,2.03,85.47,8,3,9.87,Graduated
S104648,Student_4648,Male,18,Law,200,3.16,86.49,13,3,8.42,Graduated
S104649,Student_4649,Female,21,Engineering,200,3.41,87.79,8,1,13.19,Graduated
S104650,Student_4650,Male,27,Computer Science,200,3.72,85.63,17,2,14.65,In Progress
S104651,Student_4651,Female,22,Education,100,3.38,78.48,6,2,5.96,Dropped
S104652,Student_4652,Female,27,Law,100,2.36,80.54,11,1,21.64,Graduated
S104653,Student_4653,Male,29,Computer Science,200,3.4,91.51,13,0,4.58,In Progress
S104654,Student_4654,Female,24,Computer Science,200,3.52,81.43,6,6,9.68,Graduated
S104655,Student_4655,Male,27,Medicine,500,3.45,46.08,12,3,13.06,Graduated
S104656,Student_4656,Male,17,Computer Science,400,2.83,78.73,10,7,11.33,In Progress
S104657,Student_4657,Female,17,Law,500,2.89,50.2,13,0,5.13,Graduated
S104658,Student_4658,Male,28,Engineering,400,3.7,40.86,9,1,11.05,Dropped
S104659,Student_4659,Female,20,Business Admin,400,3.0,52.85,5,1,17.53,Graduated
S104660,Student_4660,Male,21,Medicine,200,2.33,49.26,9,1,8.96,In Progress
S104661,Student_4661,Male,29,Law,500,2.71,46.13,14,7,2.88,Graduated
S104662,Student_4662,Male,29,Law,400,4.04,52.9,11,1,2.95,Graduated
S104663,Student_4663,Male,25,Law,400,2.06,73.81,15,5,15.56,In Progress
S104664,Student_4664,Male,27,Education,100,3.91,49.09,18,7,8.24,In Progress
S104665,Student_4665,Female,30,Education,400,3.02,56.77,11,4,9.84,In Progress
S104666,Student_4666,Female,23,Engineering,200,2.07,90.98,8,7,11.57,Graduated
S104667,Student_4667,Female,23,Law,300,3.55,93.28,14,1,0.0,Graduated
S104668,Student_4668,Female,24,Education,100,2.5,59.99,10,0,15.19,Graduated
S104669,Student_4669,Female,21,Education,300,3.07,93.94,10,1,19.04,Graduated
S104670,Student_4670,Female,21,Education,200,1.71,75.14,15,7,7.96,In Progress
S104671,Student_4671,Male,17,Engineering,300,3.94,53.58,14,7,9.41,Graduated
S104672,Student_4672,Male,30,Engineering,400,2.79,85.26,14,0,13.52,In Progress
S104673,Student_4673,Female,25,Law,300,2.57,95.33,5,1,7.65,In Progress
S104674,Student_4674,Female,22,Medicine,500,3.13,79.55,9,1,15.45,Graduated
S104675,Student_4675,Male,25,Law,200,3.62,52.08,11,4,12.57,Graduated
S104676,Student_4676,Male,19,Education,500,2.87,45.15,9,6,16.29,Graduated
S104677,Student_4677,Male,21,Business Admin,300,3.6,53.76,12,7,4.18,In Progress
S104678,Student_4678,Female,18,Education,500,2.98,60.31,5,7,11.77,Graduated
S104679,Student_4679,Female,26,Computer Science,100,3.06,60.02,13,1,12.07,In Progress
S104680,Student_4680,Female,21,Business Admin,300,2.44,69.91,6,3,13.55,Graduated
S104681,Student_4681,Male,29,Business Admin,500,3.74,70.31,20,4,9.36,Graduated
S104682,Student_4682,Male,29,Law,400,3.47,68.29,12,7,5.4,In Progress
S104683,Student_4683,Female,29,Education,300,3.38,60.63,9,4,2.62,Graduated
S104684,Student_4684,Female,30,Education,100,3.75,46.41,19,3,7.28,In Progress
S104685,Student_4685,Male,24,Medicine,400,2.27,65.1,14,6,6.82,Graduated
S104686,Student_4686,Male,27,Computer Science,300,3.05,99.15,19,5,7.89,Graduated
S104687,Student_4687,Male,18,Law,400,3.78,79.23,11,6,9.06,Graduated
S104688,Student_4688,Male,24,Engineering,300,2.98,66.39,15,4,3.6,Graduated
S104689,Student_4689,Female,20,Law,300,3.1,45.01,20,1,4.86,In Progress
S104690,Student_4690,Male,26,Business Admin,200,3.08,52.79,15,7,7.7,In Progress
S104691,Student_4691,Male,26,Law,500,3.33,74.48,11,3,12.0,In Progress
S104692,Student_4692,Male,17,Medicine,300,1.65,69.87,20,6,6.76,Graduated
S104693,Student_4693,Female,29,Law,100,3.08,41.15,5,1,11.97,In Progress
S104694,Student_4694,Female,21,Medicine,500,3.28,45.17,12,7,18.65,In Progress
S104695,Student_4695,Male,29,Business Admin,200,3.27,61.36,20,4,9.86,Dropped
S104696,Student_4696,Male,17,Medicine,500,4.12,48.45,17,2,18.15,Graduated
S104697,Student_4697,Male,23,Education,500,2.59,97.47,7,3,15.95,Graduated
S104698,Student_4698,Female,24,Engineering,300,4.15,42.05,19,0,12.67,In Progress
S104699,Student_4699,Female,19,Business Admin,100,2.75,98.44,17,4,7.61,Graduated
S104700,Student_4700,Female,19,Medicine,300,2.06,79.39,19,6,8.81,In Progress
S104701,Student_4701,Male,23,Computer Science,100,4.05,64.43,17,6,14.53,In Progress
S104702,Student_4702,Female,20,Business Admin,100,3.74,72.37,8,2,10.32,Graduated
S104703,Student_4703,Male,19,Computer Science,400,3.1,64.61,7,4,19.59,Dropped
S104704,Student_4704,Male,24,Engineering,300,2.59,74.39,15,1,8.41,Graduated
S104705,Student_4705,Male,19,Medicine,200,2.85,49.12,6,5,9.38,Graduated
S104706,Student_4706,Female,29,Business Admin,500,3.18,47.2,11,5,19.41,Graduated
S104707,Student_4707,Male,30,Business Admin,400,3.97,71.72,14,1,4.98,In Progress
S104708,Student_4708,Female,23,Engineering,200,2.08,44.28,19,5,20.31,Graduated
S104709,Student_4709,Female,18,Education,300,2.85,57.55,18,1,0.0,In Progress
S104710,Student_4710,Male,27,Computer Science,100,2.82,95.61,9,7,5.75,Dropped
S104711,Student_4711,Male,27,Business Admin,300,2.66,92.57,11,7,4.36,In Progress
S104712,Student_4712,Female,17,Law,300,2.55,89.88,5,2,1.64,In Progress
S104713,Student_4713,Male,28,Computer Science,400,4.13,70.43,14,1,6.55,In Progress
S104714,Student_4714,Female,22,Medicine,200,2.44,41.67,6,7,7.7,Graduated
S104715,Student_4715,Male,24,Engineering,400,3.09,47.28,18,4,10.92,In Progress
S104716,Student_4716,Female,17,Computer Science,200,2.17,95.17,10,4,0.0,Graduated
S104717,Student_4717,Female,29,Law,400,3.61,90.18,20,5,19.0,Graduated
S104718,Student_4718,Female,26,Law,500,2.65,62.59,17,4,7.2,Graduated
S104719,Student_4719,Female,28,Engineering,100,1.46,83.74,10,3,11.05,In Progress
S104720,Student_4720,Male,25,Engineering,100,3.68,91.27,7,4,6.93,Graduated
S104721,Student_4721,Male,19,Computer Science,100,2.61,77.22,14,1,10.02,Graduated
S104722,Student_4722,Female,19,Medicine,500,3.92,91.21,5,6,11.33,Dropped
S104723,Student_4723,Female,20,Education,500,3.76,54.68,20,6,13.38,In Progress
S104724,Student_4724,Male,27,Law,100,2.92,67.73,17,3,1.23,Graduated
S104725,Student_4725,Male,17,Engineering,100,3.28,74.74,7,3,18.99,Graduated
S104726,Student_4726,Male,25,Education,200,3.07,77.87,8,3,0.0,Graduated
S104727,Student_4727,Male,27,Education,200,2.02,99.22,5,3,11.23,In Progress
S104728,Student_4728,Male,19,Education,300,4.0,90.76,18,5,11.43,Graduated
S104729,Student_4729,Male,29,Medicine,400,2.82,43.32,11,2,6.44,Graduated
S104730,Student_4730,Female,26,Engineering,200,3.02,50.15,7,6,9.42,Graduated
S104731,Student_4731,Male,20,Law,200,3.03,79.43,12,5,10.97,Dropped
S104732,Student_4732,Male,17,Engineering,200,2.84,54.43,17,4,5.65,In Progress
S104733,Student_4733,Female,20,Computer Science,200,3.45,49.54,11,2,0.0,Graduated
S104734,Student_4734,Male,29,Law,500,2.93,80.0,16,5,7.6,Graduated
S104735,Student_4735,Male,17,Engineering,300,2.64,72.19,18,0,19.39,In Progress
S104736,Student_4736,Male,21,Law,200,2.71,88.31,10,7,4.71,Graduated
S104737,Student_4737,Male,21,Computer Science,400,4.16,59.16,12,2,7.21,In Progress
S104738,Student_4738,Male,30,Business Admin,200,3.04,59.78,13,5,7.52,Graduated
S104739,Student_4739,Female,27,Law,500,4.14,49.03,6,6,7.51,In Progress
S104740,Student_4740,Male,23,Business Admin,100,2.33,79.14,14,6,2.32,In Progress
S104741,Student_4741,Female,30,Education,100,2.55,82.53,20,5,14.13,In Progress
S104742,Student_4742,Female,24,Medicine,300,2.66,48.31,13,3,11.57,Graduated
S104743,Student_4743,Male,20,Computer Science,100,2.94,55.25,14,4,8.41,Graduated
S104744,Student_4744,Female,23,Law,200,2.5,49.26,9,5,4.05,Graduated
S104745,Student_4745,Male,20,Computer Science,500,2.91,84.86,20,4,6.62,In Progress
S104746,Student_4746,Female,19,Education,300,3.14,52.55,5,1,12.41,Graduated
S104747,Student_4747,Female,22,Business Admin,200,3.7,49.13,5,5,11.9,Dropped
S104748,Student_4748,Male,20,Medicine,100,2.06,44.19,11,2,9.56,In Progress
S104749,Student_4749,Male,30,Computer Science,400,3.65,89.88,10,4,12.56,Graduated
S104750,Student_4750,Male,19,Business Admin,200,3.52,47.44,14,0,20.19,Graduated
S104751,Student_4751,Male,25,Education,400,2.32,41.78,18,0,15.51,Graduated
S104752,Student_4752,Male,21,Education,400,2.45,43.86,13,6,3.52,In Progress
S104753,Student_4753,Female,29,Education,300,3.25,62.01,16,5,18.45,In Progress
S104754,Student_4754,Female,30,Business Admin,500,2.56,75.8,5,2,8.76,Graduated
S104755,Student_4755,Female,23,Law,100,3.96,63.89,14,5,13.76,Graduated
S104756,Student_4756,Female,28,Engineering,100,3.0,67.32,14,5,8.53,Graduated
S104757,Student_4757,Female,30,Computer Science,200,2.15,95.16,14,1,1.17,Graduated
S104758,Student_4758,Female,22,Engineering,100,2.22,85.54,14,5,11.13,Dropped
S104759,Student_4759,Female,26,Education,300,1.96,60.46,20,7,16.75,Dropped
S104760,Student_4760,Male,21,Engineering,100,2.93,49.26,11,5,4.97,Graduated
S104761,Student_4761,Male,23,Business Admin,200,2.96,84.95,17,6,7.87,Graduated
S104762,Student_4762,Female,27,Education,100,3.36,74.41,12,0,20.23,Graduated
S104763,Student_4763,Female,22,Education,500,3.88,97.73,19,1,16.42,Dropped
S104764,Student_4764,Male,26,Medicine,400,3.01,94.51,14,6,14.47,Graduated
S104765,Student_4765,Male,18,Medicine,400,3.89,73.82,20,6,13.4,Graduated
S104766,Student_4766,Male,29,Business Admin,400,2.49,44.19,20,6,11.48,Graduated
S104767,Student_4767,Male,29,Business Admin,500,1.97,41.86,8,2,5.59,Graduated
S104768,Student_4768,Female,29,Engineering,300,3.56,90.25,5,6,7.4,Graduated
S104769,Student_4769,Male,19,Computer Science,200,3.51,81.88,15,5,16.59,Graduated
S104770,Student_4770,Female,18,Engineering,500,3.18,73.61,15,4,9.19,In Progress
S104771,Student_4771,Female,28,Business Admin,200,3.48,81.34,17,1,1.11,Graduated
S104772,Student_4772,Female,19,Computer Science,300,1.38,72.39,7,5,10.51,Graduated
S104773,Student_4773,Male,17,Engineering,500,2.67,74.7,6,0,0.18,Graduated
S104774,Student_4774,Male,24,Law,100,3.78,53.55,20,7,6.48,In Progress
S104775,Student_4775,Female,22,Law,300,2.82,67.33,7,1,1.28,In Progress
S104776,Student_4776,Female,29,Computer Science,400,3.46,40.66,19,4,9.97,Graduated
S104777,Student_4777,Female,18,Medicine,500,4.82,80.12,16,5,11.24,Graduated
S104778,Student_4778,Male,24,Computer Science,300,3.72,59.94,10,4,17.4,Graduated
S104779,Student_4779,Female,22,Engineering,300,2.75,79.38,14,7,12.89,Graduated
S104780,Student_4780,Male,23,Education,500,1.76,95.59,7,6,7.56,In Progress
S104781,Student_4781,Female,27,Law,400,3.5,75.5,14,0,5.44,Graduated
S104782,Student_4782,Female,17,Education,400,1.58,59.69,17,1,12.25,In Progress
S104783,Student_4783,Female,23,Law,300,2.45,52.43,20,1,1.55,Graduated
S104784,Student_4784,Male,19,Engineering,200,2.48,55.1,8,7,17.58,Graduated
S104785,Student_4785,Male,27,Law,300,2.92,99.24,5,3,12.13,Dropped
S104786,Student_4786,Female,28,Computer Science,500,3.19,76.92,10,0,4.13,Graduated
S104787,Student_4787,Male,24,Education,500,2.4,66.43,6,6,5.93,In Progress
S104788,Student_4788,Female,22,Business Admin,500,3.74,53.86,8,1,7.36,Graduated
S104789,Student_4789,Male,20,Education,400,3.99,86.38,9,2,9.55,Graduated
S104790,Student_4790,Male,27,Engineering,100,2.83,63.25,9,3,11.5,Graduated
S104791,Student_4791,Male,24,Business Admin,500,3.75,58.07,8,7,8.65,In Progress
S104792,Student_4792,Female,25,Education,500,2.52,53.34,7,0,11.63,In Progress
S104793,Student_4793,Male,26,Engineering,200,2.27,51.14,8,7,7.65,In Progress
S104794,Student_4794,Male,18,Medicine,200,3.76,56.4,19,4,17.21,In Progress
S104795,Student_4795,Female,22,Computer Science,300,3.19,77.63,7,0,13.83,Graduated
S104796,Student_4796,Female,21,Law,300,3.27,54.39,7,2,15.46,Graduated
S104797,Student_4797,Female,21,Law,300,4.29,43.64,8,2,11.82,In Progress
S104798,Student_4798,Female,26,Law,500,3.47,61.54,17,4,15.85,In Progress
S104799,Student_4799,Male,27,Medicine,200,4.68,75.09,13,4,0.0,Graduated
S104800,Student_4800,Male,19,Computer Science,300,3.07,43.61,13,4,9.91,Graduated
S104801,Student_4801,Male,28,Education,200,4.06,67.16,12,7,17.53,Graduated
S104802,Student_4802,Male,24,Education,500,2.96,43.14,8,6,15.04,Dropped
S104803,Student_4803,Male,30,Computer Science,500,2.19,86.09,6,3,13.07,Dropped
S104804,Student_4804,Female,24,Business Admin,300,3.58,92.31,16,6,6.53,Graduated
S104805,Student_4805,Male,28,Computer Science,500,2.97,97.83,13,7,13.43,Dropped
S104806,Student_4806,Male,21,Law,500,4.45,81.48,10,2,12.39,In Progress
S104807,Student_4807,Male,24,Education,200,3.39,77.92,12,4,3.47,In Progress
S104808,Student_4808,Female,26,Computer Science,100,3.67,81.64,8,2,15.24,Graduated
S104809,Student_4809,Female,24,Education,400,1.9,91.28,12,3,9.1,Dropped
S104810,Student_4810,Male,19,Computer Science,300,3.51,88.43,10,5,5.07,Graduated
S104811,Student_4811,Female,18,Engineering,100,2.95,66.31,10,6,3.88,Graduated
S104812,Student_4812,Female,25,Law,300,2.46,79.06,19,3,7.41,Graduated
S104813,Student_4813,Female,18,Computer Science,100,3.98,49.72,10,6,11.3,Graduated
S104814,Student_4814,Female,25,Medicine,500,2.1,81.7,17,7,7.77,Graduated
S104815,Student_4815,Female,20,Computer Science,300,3.25,83.85,13,5,5.51,Graduated
S104816,Student_4816,Female,28,Engineering,100,2.57,88.08,20,2,6.56,Graduated
S104817,Student_4817,Female,29,Medicine,400,3.19,89.06,5,4,10.92,Graduated
S104818,Student_4818,Male,18,Medicine,500,2.8,66.39,5,7,14.77,In Progress
S104819,Student_4819,Male,26,Computer Science,300,2.87,94.21,9,7,10.31,Graduated
S104820,Student_4820,Female,17,Engineering,300,3.04,98.86,5,5,18.88,Graduated
S104821,Student_4821,Male,20,Medicine,100,2.33,98.68,14,0,5.52,Graduated
S104822,Student_4822,Male,25,Law,300,3.72,75.15,13,1,6.78,Graduated
S104823,Student_4823,Female,28,Business Admin,500,3.47,73.57,8,2,12.79,In Progress
S104824,Student_4824,Male,25,Law,200,2.31,67.44,6,5,9.18,Graduated
S104825,Student_4825,Female,20,Education,100,3.99,57.99,7,3,15.69,Dropped
S104826,Student_4826,Female,25,Education,400,3.53,60.03,13,6,3.2,Graduated
S104827,Student_4827,Female,28,Engineering,300,3.07,52.95,19,6,11.45,Graduated
S104828,Student_4828,Male,22,Medicine,500,2.01,97.34,15,4,13.44,Dropped
S104829,Student_4829,Male,17,Law,300,2.55,77.19,12,7,0.94,Dropped
S104830,Student_4830,Male,26,Law,400,1.68,96.07,7,5,3.43,In Progress
S104831,Student_4831,Male,29,Business Admin,500,3.13,63.23,17,1,6.9,Graduated
S104832,Student_4832,Female,30,Engineering,400,3.59,57.89,12,2,3.23,In Progress
S104833,Student_4833,Female,22,Medicine,500,2.49,47.96,8,0,9.56,Graduated
S104834,Student_4834,Male,25,Engineering,200,3.0,58.01,10,0,13.42,Graduated
S104835,Student_4835,Female,29,Computer Science,500,3.69,93.41,8,3,7.33,Graduated
S104836,Student_4836,Female,18,Law,400,2.56,74.94,15,3,13.7,Graduated
S104837,Student_4837,Male,22,Engineering,100,3.39,67.15,9,3,4.85,In Progress
S104838,Student_4838,Female,18,Engineering,200,4.47,74.09,14,2,6.06,Graduated
S104839,Student_4839,Male,20,Business Admin,300,3.52,93.56,19,7,6.58,Dropped
S104840,Student_4840,Female,24,Computer Science,200,2.28,51.57,20,0,8.95,Dropped
S104841,Student_4841,Male,29,Education,200,2.98,97.94,13,7,1.76,Graduated
S104842,Student_4842,Female,23,Law,300,3.51,79.97,20,0,2.72,Graduated
S104843,Student_4843,Female,27,Business Admin,500,3.35,91.32,18,3,1.98,Dropped
S104844,Student_4844,Male,28,Engineering,200,2.25,71.52,6,3,11.17,Graduated
S104845,Student_4845,Male,29,Law,200,3.31,54.2,13,6,11.68,Graduated
S104846,Student_4846,Male,25,Education,100,2.85,74.05,7,4,0.0,Graduated
S104847,Student_4847,Male,23,Engineering,100,2.68,44.08,9,6,18.21,In Progress
S104848,Student_4848,Female,17,Computer Science,400,3.39,91.13,11,0,0.22,Graduated
S104849,Student_4849,Female,18,Law,300,4.23,78.97,17,3,14.51,Graduated
S104850,Student_4850,Male,22,Business Admin,500,2.48,56.97,18,6,15.28,Dropped
S104851,Student_4851,Female,23,Computer Science,500,3.32,56.47,18,3,15.69,Graduated
S104852,Student_4852,Male,19,Education,400,2.94,94.17,16,3,6.75,Graduated
S104853,Student_4853,Male,25,Education,500,3.43,90.45,18,5,10.55,In Progress
S104854,Student_4854,Female,29,Law,500,3.07,85.79,16,4,9.08,In Progress
S104855,Student_4855,Female,23,Education,100,2.6,64.89,6,0,19.02,In Progress
S104856,Student_4856,Male,30,Medicine,500,2.57,92.35,18,0,8.67,Graduated
S104857,Student_4857,Male,22,Business Admin,500,3.32,54.81,8,0,16.94,Graduated
S104858,Student_4858,Male,29,Law,400,3.09,41.46,5,4,4.93,Graduated
S104859,Student_4859,Female,22,Medicine,400,3.43,65.97,17,2,6.89,Graduated
S104860,Student_4860,Female,17,Education,200,1.88,95.17,17,4,8.49,Graduated
S104861,Student_4861,Female,29,Law,500,3.77,74.27,15,6,10.09,Graduated
S104862,Student_4862,Female,21,Medicine,500,3.99,53.77,7,5,9.73,In Progress
S104863,Student_4863,Male,26,Education,500,3.11,79.05,18,1,7.03,In Progress
S104864,Student_4864,Male,19,Engineering,100,3.46,84.7,10,6,0.0,Graduated
S104865,Student_4865,Male,23,Engineering,500,3.68,73.02,6,5,3.68,Graduated
S104866,Student_4866,Male,26,Computer Science,100,2.87,90.56,12,6,12.76,Graduated
S104867,Student_4867,Male,19,Engineering,200,3.16,75.54,11,4,14.39,Graduated
S104868,Student_4868,Male,21,Medicine,300,3.34,45.76,7,6,8.58,In Progress
S104869,Student_4869,Female,23,Business Admin,500,2.63,88.57,5,1,5.95,Graduated
S104870,Student_4870,Female,30,Engineering,400,3.1,48.78,19,6,1.58,Dropped
S104871,Student_4871,Male,19,Law,400,1.59,92.97,20,5,16.93,Graduated
S104872,Student_4872,Male,29,Law,500,2.56,71.31,20,3,12.7,In Progress
S104873,Student_4873,Female,29,Law,100,4.03,83.91,16,6,3.85,Graduated
S104874,Student_4874,Female,26,Engineering,400,3.27,98.33,16,7,11.68,Graduated
S104875,Student_4875,Female,18,Engineering,400,2.44,65.92,14,1,10.36,In Progress
S104876,Student_4876,Female,22,Computer Science,200,2.14,67.58,8,4,15.19,Graduated
S104877,Student_4877,Male,24,Business Admin,200,4.77,89.55,17,2,10.85,Graduated
S104878,Student_4878,Male,20,Business Admin,200,2.51,46.61,8,0,9.55,Graduated
S104879,Student_4879,Male,25,Education,400,2.65,41.66,15,4,13.08,Graduated
S104880,Student_4880,Male,28,Computer Science,400,3.42,76.26,20,0,14.91,In Progress
S104881,Student_4881,Male,28,Medicine,500,2.42,50.05,9,5,10.05,In Progress
S104882,Student_4882,Female,24,Law,500,3.26,55.34,7,1,4.4,Graduated
S104883,Student_4883,Male,23,Engineering,100,3.02,98.58,19,3,12.89,Dropped
S104884,Student_4884,Female,30,Education,400,2.18,79.19,15,7,13.11,Graduated
S104885,Student_4885,Male,23,Education,500,3.04,91.35,6,3,11.59,Graduated
S104886,Student_4886,Male,19,Engineering,500,3.23,93.87,19,4,12.09,In Progress
S104887,Student_4887,Male,30,Computer Science,200,2.26,47.28,6,7,7.45,Graduated
S104888,Student_4888,Male,22,Education,200,3.36,95.67,12,6,10.67,Graduated
S104889,Student_4889,Male,29,Business Admin,200,3.49,91.99,17,1,14.8,Graduated
S104890,Student_4890,Female,29,Computer Science,300,2.28,42.72,11,7,12.13,Graduated
S104891,Student_4891,Female,21,Engineering,500,3.34,98.63,16,1,14.73,Graduated
S104892,Student_4892,Female,17,Computer Science,200,3.16,67.5,18,0,14.64,Graduated
S104893,Student_4893,Male,27,Business Admin,200,2.76,98.47,18,5,19.11,Graduated
S104894,Student_4894,Male,19,Law,400,2.82,89.43,5,6,15.71,Graduated
S104895,Student_4895,Female,29,Engineering,200,3.28,66.41,16,5,7.28,Graduated
S104896,Student_4896,Male,28,Business Admin,400,2.59,70.69,17,1,7.76,Graduated
S104897,Student_4897,Male,17,Engineering,100,3.4,56.51,13,6,0.83,Graduated
S104898,Student_4898,Female,20,Business Admin,200,2.44,69.22,7,2,5.99,In Progress
S104899,Student_4899,Male,26,Business Admin,400,2.49,46.45,7,3,12.4,In Progress
S104900,Student_4900,Female,19,Education,200,2.1,94.52,5,5,14.56,Graduated
S104901,Student_4901,Male,27,Education,100,1.8,82.79,15,7,5.33,Graduated
S104902,Student_4902,Female,20,Education,200,3.11,88.31,8,7,14.07,In Progress
S104903,Student_4903,Male,25,Law,400,1.63,71.87,14,2,10.76,Graduated
S104904,Student_4904,Male,19,Law,100,3.23,47.54,18,5,15.73,Graduated
S104905,Student_4905,Female,28,Business Admin,100,2.94,72.23,19,2,15.92,Graduated
S104906,Student_4906,Male,22,Medicine,100,4.32,59.75,16,0,12.0,Dropped
S104907,Student_4907,Male,22,Engineering,300,3.43,40.61,15,1,8.35,In Progress
S104908,Student_4908,Female,23,Education,400,3.36,76.9,20,0,11.54,Graduated
S104909,Student_4909,Male,25,Engineering,300,2.53,91.22,6,5,14.94,In Progress
S104910,Student_4910,Female,28,Business Admin,100,2.6,82.63,16,3,16.23,Graduated
S104911,Student_4911,Male,23,Computer Science,300,2.71,53.41,18,6,8.59,Graduated
S104912,Student_4912,Male,30,Business Admin,200,2.98,89.15,7,0,16.54,Graduated
S104913,Student_4913,Male,17,Law,300,2.59,58.57,16,5,9.29,Dropped
S104914,Student_4914,Male,24,Medicine,500,3.4,53.11,15,7,23.25,Graduated
S104915,Student_4915,Female,21,Computer Science,100,2.73,97.67,17,2,7.5,In Progress
S104916,Student_4916,Male,25,Engineering,100,3.78,41.0,5,6,5.76,In Progress
S104917,Student_4917,Female,26,Law,400,2.42,50.05,7,0,14.48,In Progress
S104918,Student_4918,Male,29,Education,200,3.52,68.02,18,7,13.9,Graduated
S104919,Student_4919,Male,28,Computer Science,400,4.35,50.02,8,1,4.12,In Progress
S104920,Student_4920,Male,21,Law,300,4.24,50.01,19,0,9.65,In Progress
S104921,Student_4921,Male,21,Engineering,500,2.4,78.06,10,1,12.97,In Progress
S104922,Student_4922,Female,28,Business Admin,500,3.81,89.14,20,7,10.22,Dropped
S104923,Student_4923,Female,28,Engineering,500,1.44,79.7,7,6,14.76,Graduated
S104924,Student_4924,Female,30,Computer Science,500,1.91,46.09,15,6,12.09,Dropped
S104925,Student_4925,Female,18,Computer Science,200,3.42,93.72,10,2,14.18,Graduated
S104926,Student_4926,Male,28,Business Admin,300,3.31,95.36,16,1,11.28,Graduated
S104927,Student_4927,Female,27,Computer Science,500,3.42,56.86,16,1,15.08,In Progress
S104928,Student_4928,Female,19,Medicine,100,2.66,73.19,6,6,15.16,Dropped
S104929,Student_4929,Male,26,Education,300,2.22,69.11,19,5,10.93,Graduated
S104930,Student_4930,Male,25,Law,200,1.73,80.09,18,1,9.92,Graduated
S104931,Student_4931,Male,23,Business Admin,500,2.4,98.68,18,6,8.28,Graduated
S104932,Student_4932,Male,17,Engineering,200,3.46,99.18,15,6,8.68,Dropped
S104933,Student_4933,Female,19,Engineering,500,3.6,70.55,12,5,11.61,Graduated
S104934,Student_4934,Female,28,Education,100,3.21,45.52,9,1,13.68,Graduated
S104935,Student_4935,Male,18,Computer Science,300,3.14,60.07,5,3,15.84,In Progress
S104936,Student_4936,Male,17,Computer Science,100,4.19,64.81,10,4,1.49,Graduated
S104937,Student_4937,Male,25,Engineering,500,3.98,72.08,20,5,0.0,In Progress
S104938,Student_4938,Female,24,Education,400,3.66,97.62,7,7,9.28,Graduated
S104939,Student_4939,Female,21,Engineering,300,3.81,55.75,8,3,10.67,Graduated
S104940,Student_4940,Male,27,Computer Science,200,3.24,72.2,14,0,0.26,Graduated
S104941,Student_4941,Male,28,Business Admin,500,3.33,57.46,12,3,11.13,Graduated
S104942,Student_4942,Female,18,Law,100,2.46,95.17,12,3,4.41,Graduated
S104943,Student_4943,Male,17,Computer Science,400,3.27,99.4,15,1,10.68,Dropped
S104944,Student_4944,Male,23,Business Admin,500,2.55,92.24,17,0,0.41,Graduated
S104945,Student_4945,Female,29,Law,200,3.87,60.32,12,0,7.22,Graduated
S104946,Student_4946,Male,27,Medicine,100,3.44,56.67,16,7,11.32,In Progress
S104947,Student_4947,Female,27,Education,300,2.7,65.87,9,7,12.89,Graduated
S104948,Student_4948,Male,18,Business Admin,400,3.49,84.85,20,2,10.54,In Progress
S104949,Student_4949,Male,17,Medicine,500,3.79,40.56,20,1,4.57,Graduated
S104950,Student_4950,Female,18,Computer Science,500,2.39,99.71,20,3,11.93,In Progress
S104951,Student_4951,Female,23,Education,500,2.82,93.0,17,2,5.72,In Progress
S104952,Student_4952,Male,23,Business Admin,500,2.32,41.43,18,2,12.29,In Progress
S104953,Student_4953,Female,26,Computer Science,100,2.97,62.93,5,5,18.37,Graduated
S104954,Student_4954,Male,22,Education,300,3.93,81.27,13,6,8.44,Graduated
S104955,Student_4955,Male,21,Education,200,3.0,54.48,18,7,20.43,In Progress
S104956,Student_4956,Female,19,Computer Science,400,3.41,48.57,15,6,13.07,Graduated
S104957,Student_4957,Male,30,Computer Science,500,2.62,77.76,13,6,8.78,Graduated
S104958,Student_4958,Male,28,Business Admin,500,3.6,94.21,12,3,19.48,Graduated
S104959,Student_4959,Female,19,Education,300,2.96,97.34,15,6,10.01,In Progress
S104960,Student_4960,Female,27,Business Admin,300,3.53,40.62,7,0,5.63,Graduated
S104961,Student_4961,Male,29,Education,100,3.61,92.47,10,1,6.92,Graduated
S104962,Student_4962,Female,28,Business Admin,100,2.26,73.65,11,7,10.4,Graduated
S104963,Student_4963,Female,25,Computer Science,100,2.52,54.26,8,1,6.53,Graduated
S104964,Student_4964,Female,20,Computer Science,400,2.71,77.02,19,3,8.2,Graduated
S104965,Student_4965,Female,25,Engineering,100,4.24,99.75,16,6,6.99,Graduated
S104966,Student_4966,Male,20,Business Admin,500,3.95,56.57,14,1,12.87,Graduated
S104967,Student_4967,Male,18,Engineering,100,3.07,56.61,11,7,19.92,In Progress
S104968,Student_4968,Male,20,Engineering,400,4.92,81.94,13,4,9.36,Graduated
S104969,Student_4969,Female,22,Medicine,100,2.08,42.59,10,7,5.53,Graduated
S104970,Student_4970,Female,22,Education,100,2.83,89.23,6,6,9.64,Graduated
S104971,Student_4971,Female,21,Law,500,3.82,79.15,20,2,5.13,Graduated
S104972,Student_4972,Female,17,Medicine,500,3.03,90.47,10,2,25.67,Dropped
S104973,Student_4973,Female,19,Education,500,2.41,53.84,17,4,15.44,Graduated
S104974,Student_4974,Female,21,Law,100,3.28,90.83,7,1,17.77,In Progress
S104975,Student_4975,Female,22,Engineering,500,4.87,66.92,11,0,14.2,Graduated
S104976,Student_4976,Male,30,Law,300,2.41,47.96,7,5,4.07,In Progress
S104977,Student_4977,Male,17,Computer Science,200,2.49,94.09,16,7,12.08,Graduated
S104978,Student_4978,Female,30,Computer Science,200,2.25,82.3,17,4,12.09,Graduated
S104979,Student_4979,Female,30,Business Admin,500,2.71,50.1,12,4,15.45,Graduated
S104980,Student_4980,Female,25,Education,400,3.76,54.79,15,7,11.82,Graduated
S104981,Student_4981,Male,30,Medicine,500,4.1,56.13,15,6,5.86,Dropped
S104982,Student_4982,Male,19,Engineering,500,2.11,97.8,9,6,20.29,Graduated
S104983,Student_4983,Female,26,Education,100,3.43,93.17,20,7,14.28,In Progress
S104984,Student_4984,Female,29,Engineering,400,3.54,60.78,17,2,8.38,Graduated
S104985,Student_4985,Male,19,Computer Science,500,2.52,68.0,7,7,10.03,In Progress
S104986,Student_4986,Male,27,Medicine,300,3.52,57.12,17,0,12.52,Dropped
S104987,Student_4987,Male,18,Medicine,200,3.26,84.56,5,0,8.39,Graduated
S104988,Student_4988,Male,24,Computer Science,300,3.76,49.67,20,1,10.64,Graduated
S104989,Student_4989,Female,29,Law,300,1.44,60.32,20,0,11.7,In Progress
S104990,Student_4990,Male,19,Medicine,300,3.2,76.37,9,1,9.14,Graduated
S104991,Student_4991,Male,22,Law,400,3.57,92.64,14,6,13.66,Graduated
S104992,Student_4992,Female,18,Engineering,400,3.73,78.13,14,7,8.48,Graduated
S104993,Student_4993,Male,23,Medicine,400,3.56,96.38,20,6,6.93,Dropped
S104994,Student_4994,Male,29,Business Admin,200,2.16,95.85,15,3,15.01,In Progress
S104995,Student_4995,Male,20,Computer Science,100,4.0,83.1,7,7,13.22,Graduated
S104996,Student_4996,Female,25,Law,500,3.52,56.72,20,4,9.91,Graduated
S104997,Student_4997,Male,30,Business Admin,500,3.01,80.98,8,5,6.76,In Progress
S104998,Student_4998,Female,26,Engineering,100,3.03,51.56,17,5,14.3,In Progress
S104999,Student_4999,Female,25,Engineering,500,4.23,59.99,19,6,9.75,Graduated
S105000,Student_5000,Male,23,Medicine,300,3.5,85.47,14,4,8.84,Graduated
S105001,Student_5001,Male,28,Medicine,200,3.11,91.04,8,1,7.13,In Progress
S105002,Student_5002,Male,24,Business Admin,500,2.41,65.01,20,1,4.06,Graduated
S105003,Student_5003,Male,19,Education,200,2.84,71.41,7,1,15.08,Graduated
S105004,Student_5004,Female,27,Education,100,2.4,63.17,19,6,5.65,Graduated
S105005,Student_5005,Male,21,Medicine,500,1.77,68.76,10,4,3.16,Graduated
S105006,Student_5006,Male,18,Education,200,3.16,70.75,20,1,9.56,In Progress
S105007,Student_5007,Male,26,Computer Science,300,1.77,81.51,10,4,11.46,Graduated
S105008,Student_5008,Female,23,Business Admin,300,2.56,85.03,5,5,17.57,In Progress
S105009,Student_5009,Male,29,Computer Science,100,2.78,98.5,17,6,11.57,In Progress
S105010,Student_5010,Male,24,Education,400,1.98,66.26,8,4,0.0,Graduated
S105011,Student_5011,Female,25,Medicine,500,3.71,44.99,5,5,5.11,Graduated
S105012,Student_5012,Female,27,Computer Science,300,2.92,81.29,19,6,17.62,In Progress
S105013,Student_5013,Male,27,Engineering,300,1.39,69.9,11,2,9.88,Graduated
S105014,Student_5014,Male,23,Medicine,100,3.59,90.46,11,6,4.67,Dropped
S105015,Student_5015,Male,26,Business Admin,300,4.24,48.79,10,5,3.29,Dropped
S105016,Student_5016,Male,26,Law,500,3.13,78.69,15,2,12.98,Graduated
S105017,Student_5017,Male,29,Law,100,3.43,67.56,6,3,5.41,Dropped
S105018,Student_5018,Female,24,Medicine,200,3.23,65.16,8,6,9.5,In Progress
S105019,Student_5019,Female,28,Education,100,3.4,73.89,16,3,8.06,In Progress
S105020,Student_5020,Male,25,Computer Science,500,2.62,81.05,7,6,18.81,In Progress
S105021,Student_5021,Male,22,Computer Science,500,2.48,91.06,15,6,4.57,Graduated
S105022,Student_5022,Female,28,Medicine,200,2.26,54.11,12,6,16.98,Graduated
S105023,Student_5023,Male,28,Engineering,100,3.08,57.59,6,5,21.23,In Progress
S105024,Student_5024,Male,26,Business Admin,500,3.45,72.91,14,0,4.75,Graduated
S105025,Student_5025,Male,18,Education,500,3.44,60.79,6,1,2.85,Graduated
S105026,Student_5026,Male,18,Engineering,200,2.71,74.1,5,5,11.53,Dropped
S105027,Student_5027,Male,20,Medicine,400,2.86,52.01,13,5,10.34,Graduated
S105028,Student_5028,Female,25,Medicine,100,2.86,58.46,7,4,16.77,In Progress
S105029,Student_5029,Male,23,Engineering,500,2.65,59.49,19,0,4.04,In Progress
S105030,Student_5030,Male,18,Law,300,1.65,99.54,12,2,11.12,Dropped
S105031,Student_5031,Male,24,Medicine,200,2.86,91.26,11,4,12.22,Graduated
S105032,Student_5032,Female,27,Business Admin,400,2.79,90.26,16,5,10.58,Graduated
S105033,Student_5033,Female,23,Education,400,2.97,70.81,5,7,7.98,Graduated
S105034,Student_5034,Female,25,Engineering,200,2.63,68.01,15,6,9.77,Graduated
S105035,Student_5035,Female,24,Law,400,3.2,44.21,10,7,25.49,In Progress
S105036,Student_5036,Male,19,Engineering,500,4.9,51.84,12,7,1.51,Graduated
S105037,Student_5037,Female,17,Law,400,3.55,93.72,10,7,21.42,Graduated
S105038,Student_5038,Male,18,Law,100,2.67,71.54,13,0,7.53,Dropped
S105039,Student_5039,Male,30,Business Admin,300,2.84,99.25,14,5,4.28,In Progress
S105040,Student_5040,Female,29,Education,500,2.92,75.51,18,2,4.62,Graduated
S105041,Student_5041,Female,18,Medicine,200,3.08,62.65,7,6,9.31,Dropped
S105042,Student_5042,Female,20,Law,300,3.0,56.45,10,6,10.67,Graduated
S105043,Student_5043,Female,22,Medicine,500,2.68,95.1,14,3,10.39,Graduated
S105044,Student_5044,Female,20,Education,300,2.65,62.24,17,1,8.04,Graduated
S105045,Student_5045,Male,25,Medicine,400,3.45,48.77,18,6,18.09,In Progress
S105046,Student_5046,Female,20,Business Admin,200,2.82,56.7,8,1,4.32,In Progress
S105047,Student_5047,Female,22,Business Admin,200,3.4,78.74,14,0,8.18,Dropped
S105048,Student_5048,Female,22,Computer Science,100,2.85,47.98,16,2,9.85,Graduated
S105049,Student_5049,Male,26,Business Admin,400,1.74,45.49,7,0,9.78,In Progress
S105050,Student_5050,Female,27,Law,100,2.26,67.46,20,2,4.45,Graduated
S105051,Student_5051,Male,26,Education,100,1.88,45.02,12,7,10.49,Graduated
S105052,Student_5052,Female,17,Business Admin,400,3.14,63.58,11,2,11.96,In Progress
S105053,Student_5053,Female,24,Engineering,500,1.81,59.36,11,6,12.05,Dropped
S105054,Student_5054,Male,28,Education,100,2.65,63.49,9,1,12.17,Graduated
S105055,Student_5055,Female,19,Law,300,2.74,69.27,16,3,6.3,Graduated
S105056,Student_5056,Male,29,Education,500,2.83,51.12,19,3,4.44,Graduated
S105057,Student_5057,Male,22,Business Admin,400,3.62,66.55,18,4,5.48,Graduated
S105058,Student_5058,Male,19,Engineering,200,3.74,61.69,5,6,6.0,In Progress
S105059,Student_5059,Female,27,Computer Science,500,2.48,87.73,10,2,0.0,Graduated
S105060,Student_5060,Female,18,Law,100,2.99,81.68,10,1,8.94,In Progress
S105061,Student_5061,Female,21,Law,300,2.7,92.35,7,2,9.32,Graduated
S105062,Student_5062,Male,30,Education,400,3.3,80.14,9,5,4.87,In Progress
S105063,Student_5063,Female,17,Medicine,200,2.94,47.27,13,7,12.47,Graduated
S105064,Student_5064,Male,25,Medicine,300,3.32,70.42,11,6,8.79,Dropped
S105065,Student_5065,Female,27,Engineering,200,2.21,84.55,12,4,12.36,Graduated
S105066,Student_5066,Male,23,Computer Science,400,3.16,90.5,13,5,7.24,Graduated
S105067,Student_5067,Male,19,Computer Science,500,2.02,50.88,10,7,7.27,In Progress
S105068,Student_5068,Male,20,Education,100,2.45,53.41,20,1,14.04,In Progress
S105069,Student_5069,Female,29,Education,400,3.07,91.73,9,2,2.41,Graduated
S105070,Student_5070,Male,22,Medicine,300,1.63,69.12,14,3,9.94,In Progress
S105071,Student_5071,Male,19,Business Admin,500,1.47,67.15,9,3,12.09,Graduated
S105072,Student_5072,Male,28,Computer Science,200,2.19,69.65,9,4,15.58,In Progress
S105073,Student_5073,Male,23,Business Admin,500,2.34,50.4,19,7,11.62,Dropped
S105074,Student_5074,Male,29,Computer Science,500,2.42,77.66,19,6,4.92,In Progress
S105075,Student_5075,Male,22,Business Admin,300,2.63,88.48,20,5,7.37,Graduated
S105076,Student_5076,Female,25,Business Admin,100,3.21,90.22,17,3,0.84,Graduated
S105077,Student_5077,Female,28,Computer Science,500,4.37,41.82,8,2,6.65,In Progress
S105078,Student_5078,Male,21,Engineering,500,2.56,82.91,6,4,15.37,In Progress
S105079,Student_5079,Female,20,Engineering,100,3.27,45.47,11,5,16.58,Graduated
S105080,Student_5080,Female,19,Education,100,3.87,98.01,11,0,8.64,Graduated
S105081,Student_5081,Male,26,Business Admin,200,3.75,68.93,12,4,19.04,In Progress
S105082,Student_5082,Male,17,Business Admin,200,2.45,86.52,12,3,6.82,Dropped
S105083,Student_5083,Male,19,Business Admin,100,3.61,77.31,15,1,10.96,Graduated
S105084,Student_5084,Female,19,Business Admin,400,3.9,97.12,12,7,0.0,In Progress
S105085,Student_5085,Male,23,Business Admin,100,4.07,98.42,13,4,9.59,Graduated
S105086,Student_5086,Female,23,Medicine,200,4.1,56.73,10,2,10.33,Graduated
S105087,Student_5087,Male,29,Law,300,2.23,68.97,8,5,6.74,In Progress
S105088,Student_5088,Female,28,Business Admin,300,3.17,70.25,6,4,15.7,Graduated
S105089,Student_5089,Male,17,Medicine,500,2.52,50.66,9,3,1.2,Graduated
S105090,Student_5090,Male,19,Engineering,300,2.09,94.24,10,4,1.06,In Progress
S105091,Student_5091,Female,29,Business Admin,200,3.34,60.98,11,7,10.53,In Progress
S105092,Student_5092,Female,24,Engineering,300,3.14,45.25,10,2,0.0,Graduated
S105093,Student_5093,Female,25,Education,400,3.12,49.27,8,2,13.66,Graduated
S105094,Student_5094,Female,23,Law,100,2.67,70.8,8,3,8.98,In Progress
S105095,Student_5095,Female,23,Computer Science,100,4.71,92.9,19,6,13.46,Graduated
S105096,Student_5096,Female,28,Law,200,4.06,77.69,11,2,10.39,Graduated
S105097,Student_5097,Male,27,Business Admin,500,2.71,52.89,5,3,11.57,Graduated
S105098,Student_5098,Female,24,Business Admin,100,2.98,57.81,7,7,9.53,Dropped
S105099,Student_5099,Male,22,Law,300,3.35,98.56,14,7,15.99,Graduated
S105100,Student_5100,Male,27,Law,400,3.72,43.17,18,4,15.34,In Progress
S105101,Student_5101,Female,19,Education,500,3.34,99.66,18,4,11.92,Graduated
S105102,Student_5102,Male,17,Engineering,500,3.08,94.35,6,0,11.47,Graduated
S105103,Student_5103,Female,23,Computer Science,500,2.01,80.71,6,3,13.51,In Progress
S105104,Student_5104,Female,17,Law,100,4.37,96.59,11,1,9.29,In Progress
S105105,Student_5105,Male,17,Computer Science,500,2.56,49.15,9,3,11.75,In Progress
S105106,Student_5106,Male,25,Law,200,3.74,96.56,17,4,6.59,Graduated
S105107,Student_5107,Female,29,Engineering,300,3.02,52.75,16,5,3.47,Dropped
S105108,Student_5108,Female,26,Computer Science,400,3.88,72.77,18,4,9.47,Graduated
S105109,Student_5109,Male,23,Medicine,300,2.09,69.33,7,2,15.04,In Progress
S105110,Student_5110,Male,29,Engineering,200,2.56,70.75,20,0,13.45,Graduated
S105111,Student_5111,Male,27,Computer Science,200,2.9,56.04,13,1,4.6,In Progress
S105112,Student_5112,Male,29,Law,300,2.36,86.84,18,6,6.49,Graduated
S105113,Student_5113,Female,20,Law,100,2.62,84.55,19,0,8.03,Graduated
S105114,Student_5114,Female,22,Engineering,200,3.9,97.24,13,3,2.96,In Progress
S105115,Student_5115,Female,17,Engineering,500,3.39,70.42,7,5,6.26,Graduated
S105116,Student_5116,Female,23,Law,400,4.01,72.89,6,7,3.68,Graduated
S105117,Student_5117,Male,28,Computer Science,400,3.05,94.2,7,3,8.25,Dropped
S105118,Student_5118,Male,22,Medicine,200,2.89,95.17,13,4,7.54,Graduated
S105119,Student_5119,Female,20,Education,500,2.08,78.97,17,2,14.15,Graduated
S105120,Student_5120,Female,23,Engineering,300,3.73,89.22,12,1,11.36,Graduated
S105121,Student_5121,Female,19,Law,400,2.89,70.31,7,6,15.36,Graduated
S105122,Student_5122,Female,17,Computer Science,500,3.14,63.29,8,5,0.0,Graduated
S105123,Student_5123,Female,20,Engineering,500,2.61,91.84,9,2,4.57,Graduated
S105124,Student_5124,Female,19,Computer Science,100,4.99,86.64,8,1,11.73,Graduated
S105125,Student_5125,Female,17,Engineering,200,3.09,54.54,16,5,11.37,Graduated
S105126,Student_5126,Female,18,Law,500,2.5,42.86,19,0,8.35,In Progress
S105127,Student_5127,Female,27,Computer Science,300,2.19,73.94,15,6,14.82,Graduated
S105128,Student_5128,Male,21,Law,400,3.37,90.5,16,4,9.76,Dropped
S105129,Student_5129,Female,24,Computer Science,100,2.47,54.83,18,2,21.41,Graduated
S105130,Student_5130,Male,17,Engineering,300,2.68,86.04,6,3,10.51,In Progress
S105131,Student_5131,Male,20,Education,400,1.93,64.84,15,6,6.86,Graduated
S105132,Student_5132,Female,30,Education,200,3.05,60.14,13,4,17.84,Graduated
S105133,Student_5133,Female,20,Medicine,300,3.04,50.37,6,1,10.1,Graduated
S105134,Student_5134,Male,21,Medicine,400,4.3,96.06,9,6,13.08,Graduated
S105135,Student_5135,Male,23,Business Admin,100,2.62,53.54,15,5,5.2,In Progress
S105136,Student_5136,Female,29,Law,400,1.46,56.75,13,6,11.79,Graduated
S105137,Student_5137,Male,28,Computer Science,500,2.84,59.89,12,4,9.74,Graduated
S105138,Student_5138,Female,24,Medicine,100,3.91,57.08,5,3,13.36,Graduated
S105139,Student_5139,Female,22,Engineering,300,3.43,49.77,7,3,8.26,In Progress
S105140,Student_5140,Female,17,Education,200,3.76,61.27,14,7,1.7,Dropped
S105141,Student_5141,Male,23,Computer Science,100,3.32,68.31,20,1,13.55,In Progress
S105142,Student_5142,Male,19,Business Admin,100,2.69,73.11,18,4,9.94,In Progress
S105143,Student_5143,Female,29,Education,100,2.21,49.39,13,2,6.68,In Progress
S105144,Student_5144,Male,29,Computer Science,400,2.31,86.76,7,4,10.68,In Progress
S105145,Student_5145,Male,29,Medicine,500,2.58,58.69,15,6,10.82,Graduated
S105146,Student_5146,Male,22,Medicine,200,3.44,95.08,18,3,12.17,Graduated
S105147,Student_5147,Male,24,Law,200,2.94,59.77,8,5,12.03,Graduated
S105148,Student_5148,Male,23,Business Admin,500,1.74,91.77,7,7,16.99,Graduated
S105149,Student_5149,Male,26,Computer Science,400,3.22,61.15,11,1,8.43,Graduated
S105150,Student_5150,Male,22,Business Admin,400,3.86,70.35,13,0,15.06,Graduated
S105151,Student_5151,Female,25,Engineering,500,1.9,62.34,20,0,8.07,Graduated
S105152,Student_5152,Male,25,Business Admin,500,3.38,63.23,8,5,2.32,Graduated
S105153,Student_5153,Male,17,Medicine,300,1.52,77.11,13,4,16.39,Graduated
S105154,Student_5154,Male,17,Law,400,2.39,81.58,6,3,5.78,In Progress
S105155,Student_5155,Male,17,Medicine,100,2.1,92.23,6,4,14.03,Graduated
S105156,Student_5156,Male,24,Education,200,3.48,74.14,13,1,10.4,In Progress
S105157,Student_5157,Male,28,Medicine,400,4.17,53.01,19,2,11.12,Graduated
S105158,Student_5158,Male,29,Computer Science,500,3.74,99.37,11,0,15.6,Graduated
S105159,Student_5159,Male,30,Law,100,3.72,81.03,9,4,0.0,Graduated
S105160,Student_5160,Female,28,Computer Science,300,2.35,62.49,9,3,14.08,Graduated
S105161,Student_5161,Male,30,Engineering,300,3.41,98.09,17,5,13.26,Graduated
S105162,Student_5162,Male,26,Engineering,100,3.17,97.51,13,7,5.51,Graduated
S105163,Student_5163,Male,23,Medicine,100,2.18,44.77,15,6,10.05,Graduated
S105164,Student_5164,Male,19,Law,500,3.75,41.19,8,6,14.37,Dropped
S105165,Student_5165,Female,29,Business Admin,500,3.3,42.67,15,0,4.65,In Progress
S105166,Student_5166,Female,18,Law,200,2.85,81.12,18,0,9.03,Dropped
S105167,Student_5167,Female,20,Law,200,3.57,82.65,5,2,15.48,Graduated
S105168,Student_5168,Female,19,Law,300,3.1,83.44,10,4,2.95,Graduated
S105169,Student_5169,Female,23,Medicine,100,3.84,77.81,19,2,11.33,Graduated
S105170,Student_5170,Female,26,Computer Science,300,4.32,57.13,18,3,11.38,Graduated
S105171,Student_5171,Female,24,Medicine,500,2.8,50.03,7,3,11.03,In Progress
S105172,Student_5172,Female,22,Business Admin,400,2.8,95.67,19,7,3.78,Graduated
S105173,Student_5173,Female,19,Computer Science,500,2.66,94.79,18,7,9.74,Graduated
S105174,Student_5174,Female,22,Business Admin,400,3.01,54.55,6,4,10.06,Dropped
S105175,Student_5175,Female,18,Education,100,3.95,50.08,8,0,9.13,In Progress
S105176,Student_5176,Female,28,Education,100,2.26,62.52,13,1,14.01,Dropped
S105177,Student_5177,Female,23,Computer Science,100,2.04,42.9,12,2,9.98,Graduated
S105178,Student_5178,Female,30,Medicine,200,3.17,49.73,16,6,11.08,In Progress
S105179,Student_5179,Female,27,Business Admin,200,2.97,62.82,19,0,3.08,Graduated
S105180,Student_5180,Female,26,Business Admin,400,3.14,54.32,17,5,5.46,In Progress
S105181,Student_5181,Male,30,Engineering,300,1.63,84.21,17,3,6.68,In Progress
S105182,Student_5182,Female,23,Business Admin,300,4.08,94.3,11,6,7.1,Graduated
S105183,Student_5183,Male,20,Medicine,400,3.14,94.55,6,3,10.09,Graduated
S105184,Student_5184,Female,29,Engineering,200,4.71,76.26,5,0,5.57,Graduated
S105185,Student_5185,Female,24,Medicine,500,3.29,82.21,17,0,3.83,In Progress
S105186,Student_5186,Male,20,Law,400,2.72,69.64,16,5,10.53,In Progress
S105187,Student_5187,Female,23,Business Admin,300,3.18,48.8,11,3,9.68,Graduated
S105188,Student_5188,Male,20,Law,400,4.04,78.1,16,2,11.48,In Progress
S105189,Student_5189,Male,29,Education,400,2.5,61.0,14,2,20.73,Graduated
S105190,Student_5190,Male,28,Education,100,3.41,40.35,20,0,3.65,Graduated
S105191,Student_5191,Female,21,Computer Science,200,3.31,74.5,18,4,10.16,In Progress
S105192,Student_5192,Female,23,Business Admin,100,3.42,51.9,9,3,9.76,Graduated
S105193,Student_5193,Female,29,Engineering,200,2.36,93.19,15,1,10.52,In Progress
S105194,Student_5194,Male,30,Law,400,3.45,96.04,20,3,20.56,Graduated
S105195,Student_5195,Male,30,Medicine,200,3.39,49.73,12,7,0.0,Dropped
S105196,Student_5196,Female,29,Business Admin,300,4.1,41.76,9,2,8.03,Graduated
S105197,Student_5197,Female,26,Computer Science,100,4.24,40.24,14,2,9.96,Graduated
S105198,Student_5198,Female,19,Medicine,400,3.26,94.78,9,1,12.58,In Progress
S105199,Student_5199,Female,26,Law,300,3.16,49.12,19,2,13.48,Dropped
S105200,Student_5200,Female,21,Business Admin,200,2.33,66.12,12,1,1.34,Dropped
S105201,Student_5201,Male,27,Law,200,2.86,43.43,13,2,9.06,Graduated
S105202,Student_5202,Male,30,Business Admin,300,2.68,62.4,6,5,5.24,Dropped
S105203,Student_5203,Male,19,Business Admin,200,3.68,87.13,12,1,11.78,In Progress
S105204,Student_5204,Female,21,Law,100,3.22,64.4,11,4,10.75,Graduated
S105205,Student_5205,Male,30,Law,500,2.31,86.53,12,3,7.05,Graduated
S105206,Student_5206,Male,19,Medicine,200,2.41,81.33,19,7,18.89,In Progress
S105207,Student_5207,Male,27,Computer Science,400,4.79,71.04,19,7,8.52,Graduated
S105208,Student_5208,Male,26,Law,200,2.7,84.26,7,2,8.34,Dropped
S105209,Student_5209,Male,27,Education,400,3.47,92.75,8,0,5.47,Graduated
S105210,Student_5210,Female,23,Computer Science,200,3.02,87.58,11,1,0.0,Graduated
S105211,Student_5211,Male,29,Education,200,2.83,81.5,20,1,10.29,Graduated
S105212,Student_5212,Female,17,Medicine,400,3.82,82.11,9,1,5.55,Dropped
S105213,Student_5213,Female,25,Law,100,2.68,49.67,11,2,10.93,In Progress
S105214,Student_5214,Female,25,Computer Science,500,2.79,97.04,10,3,24.83,Dropped
S105215,Student_5215,Female,21,Law,500,3.96,52.34,8,0,11.01,Graduated
S105216,Student_5216,Female,25,Business Admin,100,2.73,60.94,19,1,10.93,Graduated
S105217,Student_5217,Male,26,Law,200,2.02,71.08,6,6,14.96,In Progress
S105218,Student_5218,Male,29,Computer Science,500,2.21,47.57,16,1,16.71,Graduated
S105219,Student_5219,Female,22,Law,100,3.36,75.61,10,1,11.02,Graduated
S105220,Student_5220,Female,21,Law,100,2.51,50.96,10,5,10.94,Graduated
S105221,Student_5221,Female,29,Engineering,500,3.79,95.4,18,1,7.25,In Progress
S105222,Student_5222,Male,19,Engineering,400,3.01,93.32,10,0,12.76,In Progress
S105223,Student_5223,Female,27,Computer Science,300,3.53,72.67,5,1,12.99,Dropped
S105224,Student_5224,Male,27,Computer Science,400,3.25,66.97,10,5,10.19,Graduated
S105225,Student_5225,Female,24,Business Admin,200,3.74,46.16,6,0,4.01,Graduated
S105226,Student_5226,Male,20,Business Admin,400,4.32,89.4,14,0,10.96,Graduated
S105227,Student_5227,Female,26,Law,300,3.4,62.76,9,1,13.87,Graduated
S105228,Student_5228,Male,29,Education,300,3.36,54.78,20,4,5.2,Graduated
S105229,Student_5229,Female,29,Computer Science,100,3.78,99.72,11,7,11.29,Graduated
S105230,Student_5230,Male,19,Law,200,2.61,80.1,14,0,13.77,Graduated
S105231,Student_5231,Male,29,Education,100,3.38,44.43,5,7,11.62,Graduated
S105232,Student_5232,Male,22,Engineering,400,2.35,88.08,9,4,19.04,Graduated
S105233,Student_5233,Male,24,Business Admin,400,2.47,85.02,13,0,6.48,In Progress
S105234,Student_5234,Male,29,Computer Science,500,2.67,64.07,7,5,4.81,Graduated
S105235,Student_5235,Male,25,Law,100,3.89,47.42,17,6,5.4,Graduated
S105236,Student_5236,Male,30,Engineering,100,2.9,69.85,6,2,7.13,Dropped
S105237,Student_5237,Female,22,Medicine,100,2.45,85.8,14,1,6.5,Graduated
S105238,Student_5238,Female,21,Engineering,100,3.53,44.56,6,2,14.05,Graduated
S105239,Student_5239,Female,28,Law,300,1.85,49.81,7,7,0.46,Graduated
S105240,Student_5240,Female,27,Business Admin,500,1.69,77.14,5,7,6.43,Dropped
S105241,Student_5241,Female,18,Education,200,2.82,73.57,6,0,14.76,Graduated
S105242,Student_5242,Male,18,Medicine,200,2.81,94.31,10,2,9.06,Graduated
S105243,Student_5243,Male,25,Medicine,200,3.73,88.89,20,1,3.76,Graduated
S105244,Student_5244,Male,18,Business Admin,300,3.84,95.13,12,7,7.53,Graduated
S105245,Student_5245,Male,18,Medicine,500,2.93,67.96,8,6,16.46,In Progress
S105246,Student_5246,Male,19,Computer Science,500,2.85,87.27,18,1,9.06,Graduated
S105247,Student_5247,Female,19,Law,300,2.46,42.92,19,6,11.54,Graduated
S105248,Student_5248,Female,20,Medicine,100,2.92,57.67,6,0,9.0,Dropped
S105249,Student_5249,Female,23,Engineering,400,1.21,78.66,9,0,18.02,In Progress
S105250,Student_5250,Female,25,Education,100,2.68,85.82,20,4,8.42,Graduated
S105251,Student_5251,Male,18,Law,200,2.94,74.23,17,3,7.16,Graduated
S105252,Student_5252,Male,20,Business Admin,100,2.45,68.84,16,6,13.58,In Progress
S105253,Student_5253,Male,25,Engineering,300,2.55,54.0,19,7,12.95,In Progress
S105254,Student_5254,Female,30,Computer Science,200,2.79,50.45,19,7,9.16,Dropped
S105255,Student_5255,Male,18,Medicine,400,3.0,92.53,7,6,10.97,Graduated
S105256,Student_5256,Female,26,Engineering,200,3.6,48.53,9,2,13.45,Graduated
S105257,Student_5257,Male,27,Law,100,3.3,66.12,7,4,7.2,Graduated
S105258,Student_5258,Male,29,Engineering,500,3.62,93.31,15,6,14.0,Graduated
S105259,Student_5259,Female,17,Computer Science,500,3.4,48.86,8,7,10.44,In Progress
S105260,Student_5260,Male,26,Education,500,3.08,47.65,9,2,11.44,Graduated
S105261,Student_5261,Male,24,Medicine,200,4.56,81.55,18,7,7.15,Graduated
S105262,Student_5262,Female,25,Law,500,2.5,59.89,11,1,9.95,Graduated
S105263,Student_5263,Male,23,Medicine,300,2.36,66.14,6,0,5.65,In Progress
S105264,Student_5264,Female,24,Medicine,400,2.89,77.54,10,2,7.31,Graduated
S105265,Student_5265,Male,20,Business Admin,500,2.96,62.74,10,3,15.64,Graduated
S105266,Student_5266,Male,20,Medicine,300,3.1,87.99,10,7,4.7,In Progress
S105267,Student_5267,Male,29,Engineering,300,2.33,98.14,11,1,7.06,Graduated
S105268,Student_5268,Male,18,Engineering,200,4.37,95.98,15,5,5.78,In Progress
S105269,Student_5269,Male,24,Education,200,2.76,72.73,7,1,11.91,Graduated
S105270,Student_5270,Male,27,Computer Science,400,2.33,61.29,17,4,17.04,In Progress
S105271,Student_5271,Male,18,Law,400,3.18,66.02,9,3,8.8,In Progress
S105272,Student_5272,Male,25,Engineering,100,3.77,59.81,18,1,0.03,Graduated
S105273,Student_5273,Female,30,Medicine,400,4.13,66.5,16,3,13.49,Graduated
S105274,Student_5274,Female,20,Computer Science,200,1.32,40.78,13,0,9.46,Graduated
S105275,Student_5275,Male,17,Law,300,3.54,43.31,18,5,12.28,Graduated
S105276,Student_5276,Male,29,Law,100,4.23,86.28,18,6,13.44,In Progress
S105277,Student_5277,Female,20,Law,400,2.58,60.09,19,3,6.96,Dropped
S105278,Student_5278,Male,19,Law,300,2.84,87.66,19,4,4.37,In Progress
S105279,Student_5279,Male,28,Education,200,2.34,68.8,13,4,4.11,Graduated
S105280,Student_5280,Female,22,Law,500,2.61,88.36,11,2,19.19,In Progress
S105281,Student_5281,Male,23,Computer Science,100,2.25,79.82,13,7,7.38,Graduated
S105282,Student_5282,Male,24,Engineering,300,3.65,52.06,7,5,7.72,In Progress
S105283,Student_5283,Female,18,Computer Science,200,2.93,66.86,16,0,12.84,Graduated
S105284,Student_5284,Male,22,Medicine,200,0.9,82.26,11,0,9.68,Graduated
S105285,Student_5285,Male,22,Business Admin,100,2.58,59.84,5,3,0.0,In Progress
S105286,Student_5286,Female,26,Education,100,2.52,51.6,18,4,4.66,Graduated
S105287,Student_5287,Male,28,Education,400,3.6,72.39,17,4,10.96,Dropped
S105288,Student_5288,Female,21,Medicine,400,2.95,56.42,19,4,5.21,In Progress
S105289,Student_5289,Male,26,Computer Science,100,2.93,75.66,18,6,17.85,Graduated
S105290,Student_5290,Male,26,Computer Science,100,3.45,56.3,11,0,3.66,Graduated
S105291,Student_5291,Female,23,Medicine,300,3.74,94.39,7,4,4.4,Graduated
S105292,Student_5292,Female,19,Business Admin,400,3.19,60.63,7,2,4.76,Graduated
S105293,Student_5293,Male,20,Law,200,2.54,94.45,18,1,12.52,In Progress
S105294,Student_5294,Female,26,Law,400,1.95,56.77,11,4,3.89,Graduated
S105295,Student_5295,Female,29,Engineering,400,4.01,76.27,12,2,17.75,Graduated
S105296,Student_5296,Male,25,Computer Science,100,5.0,47.81,17,2,16.3,Graduated
S105297,Student_5297,Male,20,Computer Science,100,3.09,86.7,8,1,14.53,In Progress
S105298,Student_5298,Male,19,Medicine,400,3.22,52.01,16,7,1.69,Graduated
S105299,Student_5299,Female,30,Medicine,500,4.05,91.84,5,0,11.29,In Progress
S105300,Student_5300,Female,18,Law,500,1.8,67.15,9,4,0.0,Graduated
S105301,Student_5301,Female,21,Computer Science,400,3.67,45.67,14,5,17.1,Graduated
S105302,Student_5302,Female,20,Computer Science,500,3.26,61.81,8,2,11.55,In Progress
S105303,Student_5303,Male,29,Education,400,2.46,86.78,20,7,12.51,In Progress
S105304,Student_5304,Female,29,Engineering,100,2.64,44.58,13,2,7.83,Graduated
S105305,Student_5305,Male,24,Engineering,100,2.08,77.54,7,6,10.56,In Progress
S105306,Student_5306,Female,23,Law,100,3.79,70.44,8,1,10.14,In Progress
S105307,Student_5307,Male,22,Business Admin,200,2.27,58.59,14,5,11.03,In Progress
S105308,Student_5308,Male,27,Computer Science,100,3.29,85.34,7,7,12.89,Graduated
S105309,Student_5309,Male,28,Education,100,1.86,43.15,20,2,2.39,Graduated
S105310,Student_5310,Female,18,Computer Science,400,3.98,69.86,7,4,10.8,In Progress
S105311,Student_5311,Male,19,Medicine,500,2.86,70.41,20,0,16.63,In Progress
S105312,Student_5312,Male,26,Law,500,3.75,45.18,11,2,7.79,Graduated
S105313,Student_5313,Female,25,Business Admin,100,2.85,48.16,20,0,17.04,Dropped
S105314,Student_5314,Male,29,Engineering,100,2.58,64.58,9,2,2.16,Dropped
S105315,Student_5315,Female,25,Computer Science,100,2.06,72.19,9,2,19.07,In Progress
S105316,Student_5316,Female,21,Business Admin,400,3.74,43.19,18,7,3.66,Dropped
S105317,Student_5317,Male,30,Law,400,2.75,40.71,8,4,10.53,Graduated
S105318,Student_5318,Male,19,Engineering,400,3.21,51.56,14,7,11.46,Graduated
S105319,Student_5319,Female,18,Computer Science,500,2.5,69.27,17,0,10.3,In Progress
S105320,Student_5320,Male,24,Education,200,2.99,42.42,12,5,6.25,Graduated
S105321,Student_5321,Female,22,Law,500,3.14,83.99,5,3,15.52,Graduated
S105322,Student_5322,Female,26,Computer Science,400,1.77,49.12,15,4,5.67,In Progress
S105323,Student_5323,Female,27,Engineering,300,2.52,86.36,13,0,23.01,Graduated
S105324,Student_5324,Male,28,Engineering,200,4.1,52.28,15,0,5.01,Graduated
S105325,Student_5325,Female,23,Education,100,2.43,60.8,13,0,15.18,Graduated
S105326,Student_5326,Male,17,Law,500,3.63,68.75,15,6,2.89,Graduated
S105327,Student_5327,Male,17,Law,200,3.23,60.84,9,3,6.39,Graduated
S105328,Student_5328,Male,26,Business Admin,300,3.36,41.42,5,4,0.0,Graduated
S105329,Student_5329,Male,18,Computer Science,200,3.44,94.51,16,6,16.28,Dropped
S105330,Student_5330,Female,26,Business Admin,500,3.01,57.19,20,3,12.95,Graduated
S105331,Student_5331,Male,19,Engineering,400,2.6,48.16,16,2,0.0,Graduated
S105332,Student_5332,Female,28,Engineering,100,2.48,47.95,6,1,3.82,Dropped
S105333,Student_5333,Female,17,Education,400,2.77,98.48,6,3,0.08,Graduated
S105334,Student_5334,Male,30,Education,400,3.88,47.38,19,2,8.36,Graduated
S105335,Student_5335,Female,21,Law,500,2.05,60.79,10,3,8.19,In Progress
S105336,Student_5336,Female,19,Business Admin,400,2.78,44.06,14,0,15.25,Graduated
S105337,Student_5337,Male,17,Engineering,400,1.94,84.13,13,1,9.33,Graduated
S105338,Student_5338,Female,24,Computer Science,500,2.59,75.81,7,1,18.63,Dropped
S105339,Student_5339,Female,28,Medicine,500,2.91,72.01,18,5,3.62,In Progress
S105340,Student_5340,Female,27,Computer Science,300,3.98,91.35,20,2,8.3,Graduated
S105341,Student_5341,Female,22,Education,400,4.05,74.4,12,6,6.96,In Progress
S105342,Student_5342,Male,25,Computer Science,200,1.74,97.33,6,6,7.1,In Progress
S105343,Student_5343,Female,19,Engineering,100,1.94,77.37,9,5,13.91,In Progress
S105344,Student_5344,Female,25,Business Admin,100,2.88,61.26,16,3,13.14,Graduated
S105345,Student_5345,Female,25,Law,500,3.53,42.2,8,3,2.62,Graduated
S105346,Student_5346,Female,28,Business Admin,500,1.88,83.52,9,6,9.4,Graduated
S105347,Student_5347,Male,29,Medicine,300,2.74,62.42,8,3,10.85,Graduated
S105348,Student_5348,Female,28,Law,400,3.72,75.95,5,2,16.87,Graduated
S105349,Student_5349,Male,17,Medicine,500,3.81,92.58,19,3,18.29,In Progress
S105350,Student_5350,Female,19,Medicine,500,2.79,40.46,17,7,12.16,Dropped
S105351,Student_5351,Male,22,Engineering,100,1.6,85.58,19,1,10.77,In Progress
S105352,Student_5352,Male,24,Engineering,400,3.73,66.12,5,7,12.32,Graduated
S105353,Student_5353,Male,20,Education,300,2.36,47.44,10,1,4.98,Dropped
S105354,Student_5354,Male,21,Education,500,3.38,74.95,12,4,7.2,In Progress
S105355,Student_5355,Male,25,Medicine,500,2.37,71.96,11,3,5.22,Graduated
S105356,Student_5356,Female,22,Business Admin,500,3.07,90.54,8,3,15.61,Graduated
S105357,Student_5357,Female,28,Education,100,3.22,71.29,17,5,8.16,In Progress
S105358,Student_5358,Female,23,Engineering,500,3.9,89.64,9,1,8.77,Graduated
S105359,Student_5359,Male,23,Education,500,2.01,72.67,12,1,10.91,Graduated
S105360,Student_5360,Female,20,Medicine,100,2.38,66.82,18,0,12.37,Graduated
S105361,Student_5361,Male,20,Law,500,4.13,62.27,10,0,19.24,Graduated
S105362,Student_5362,Male,20,Business Admin,400,3.16,50.42,12,4,10.5,Graduated
S105363,Student_5363,Female,30,Business Admin,400,2.4,75.04,10,1,9.41,In Progress
S105364,Student_5364,Female,27,Computer Science,100,3.51,72.66,17,4,16.07,Graduated
S105365,Student_5365,Male,21,Education,400,2.3,98.54,12,3,9.69,Graduated
S105366,Student_5366,Male,21,Business Admin,300,3.14,64.74,16,3,5.18,Graduated
S105367,Student_5367,Female,24,Engineering,500,2.52,65.29,16,1,0.0,Graduated
S105368,Student_5368,Female,25,Law,300,3.87,49.83,8,2,11.84,Graduated
S105369,Student_5369,Female,18,Engineering,400,2.4,75.85,14,7,9.31,Graduated
S105370,Student_5370,Female,27,Education,100,1.14,90.87,6,4,18.07,In Progress
S105371,Student_5371,Male,23,Medicine,100,2.69,54.88,19,2,8.89,Graduated
S105372,Student_5372,Female,17,Computer Science,300,2.53,40.54,7,7,4.81,Graduated
S105373,Student_5373,Female,17,Computer Science,400,2.83,81.49,19,7,13.84,Graduated
S105374,Student_5374,Female,20,Law,500,3.39,41.88,9,3,10.46,Graduated
S105375,Student_5375,Male,26,Business Admin,400,2.17,64.56,19,5,14.25,Graduated
S105376,Student_5376,Male,23,Business Admin,400,2.46,76.76,8,6,11.12,Graduated
S105377,Student_5377,Male,18,Business Admin,100,3.0,63.16,9,4,11.2,In Progress
S105378,Student_5378,Male,27,Computer Science,200,2.54,55.63,18,3,10.78,In Progress
S105379,Student_5379,Female,18,Medicine,500,3.05,87.96,5,0,7.12,Dropped
S105380,Student_5380,Male,17,Business Admin,500,3.38,58.06,5,1,10.41,Graduated
S105381,Student_5381,Female,26,Engineering,100,3.01,50.8,16,0,10.29,Graduated
S105382,Student_5382,Female,18,Business Admin,400,3.77,63.3,6,6,18.3,In Progress
S105383,Student_5383,Female,29,Medicine,100,2.34,47.9,19,6,10.21,Graduated
S105384,Student_5384,Female,23,Law,400,2.59,81.42,15,4,8.59,Dropped
S105385,Student_5385,Male,25,Law,200,4.05,82.6,19,0,15.4,Graduated
S105386,Student_5386,Male,22,Computer Science,200,2.49,40.89,6,5,5.56,Graduated
S105387,Student_5387,Male,26,Medicine,300,4.72,81.69,17,6,12.65,In Progress
S105388,Student_5388,Female,18,Engineering,400,3.68,57.94,12,7,4.24,Graduated
S105389,Student_5389,Female,28,Medicine,100,2.42,79.37,14,4,1.03,Graduated
S105390,Student_5390,Female,26,Engineering,100,3.41,82.39,8,2,15.67,Dropped
S105391,Student_5391,Female,26,Engineering,100,3.21,56.67,18,1,8.23,In Progress
S105392,Student_5392,Female,29,Medicine,300,1.98,51.12,10,7,0.0,Graduated
S105393,Student_5393,Male,25,Education,500,4.08,89.58,6,2,5.96,Graduated
S105394,Student_5394,Female,23,Medicine,100,3.57,84.35,5,5,9.08,In Progress
S105395,Student_5395,Male,27,Engineering,200,4.03,90.23,16,3,21.83,In Progress
S105396,Student_5396,Female,17,Business Admin,100,3.73,66.14,11,6,0.0,In Progress
S105397,Student_5397,Female,28,Law,100,3.24,67.38,8,1,14.31,Graduated
S105398,Student_5398,Male,25,Law,100,3.76,60.65,19,0,7.34,In Progress
S105399,Student_5399,Male,18,Computer Science,500,2.06,69.94,8,4,9.77,Graduated
S105400,Student_5400,Female,20,Law,100,4.39,78.79,6,1,6.3,Dropped
S105401,Student_5401,Female,25,Education,500,3.52,88.87,13,3,15.01,Graduated
S105402,Student_5402,Female,20,Engineering,500,1.63,50.99,6,6,11.26,Graduated
S105403,Student_5403,Female,19,Medicine,300,1.95,64.33,9,7,5.53,Graduated
S105404,Student_5404,Male,17,Medicine,200,3.2,67.67,10,2,14.5,Graduated
S105405,Student_5405,Female,23,Education,100,2.38,69.28,7,6,17.16,Graduated
S105406,Student_5406,Male,22,Law,100,3.36,72.52,15,3,15.73,Graduated
S105407,Student_5407,Female,26,Engineering,100,2.31,88.1,18,0,22.05,Graduated
S105408,Student_5408,Male,20,Law,500,2.11,93.18,20,4,15.51,In Progress
S105409,Student_5409,Male,22,Computer Science,400,2.62,49.55,7,6,10.62,Graduated
S105410,Student_5410,Female,22,Law,200,5.0,82.76,10,4,7.07,Graduated
S105411,Student_5411,Male,29,Computer Science,100,2.23,68.75,9,0,14.65,Dropped
S105412,Student_5412,Female,20,Medicine,400,3.88,65.06,9,4,6.69,In Progress
S105413,Student_5413,Male,30,Engineering,400,2.47,46.8,9,7,16.1,In Progress
S105414,Student_5414,Female,29,Business Admin,400,2.94,43.85,13,1,9.04,In Progress
S105415,Student_5415,Male,22,Computer Science,200,3.09,98.67,20,1,11.87,Graduated
S105416,Student_5416,Female,26,Law,400,2.96,78.54,12,0,4.13,Graduated
S105417,Student_5417,Female,27,Law,100,3.04,67.15,8,0,8.74,In Progress
S105418,Student_5418,Male,24,Medicine,100,3.24,85.71,10,3,5.09,In Progress
S105419,Student_5419,Male,29,Education,300,1.95,45.47,19,4,18.43,Graduated
S105420,Student_5420,Male,19,Business Admin,500,2.91,76.45,9,6,8.58,Graduated
S105421,Student_5421,Male,20,Education,400,2.96,79.64,15,5,9.66,In Progress
S105422,Student_5422,Female,26,Law,500,3.39,67.12,10,2,4.64,In Progress
S105423,Student_5423,Male,29,Education,500,2.8,55.16,19,7,2.34,In Progress
S105424,Student_5424,Female,28,Business Admin,500,3.37,97.28,19,0,5.65,In Progress
S105425,Student_5425,Male,30,Business Admin,500,2.54,58.07,15,7,5.7,Graduated
S105426,Student_5426,Female,17,Engineering,500,2.61,47.49,12,3,5.58,Graduated
S105427,Student_5427,Female,20,Education,100,3.22,77.83,10,0,5.47,In Progress
S105428,Student_5428,Female,27,Engineering,200,2.28,74.46,10,6,13.71,Graduated
S105429,Student_5429,Female,26,Law,400,2.6,85.29,6,7,7.7,Graduated
S105430,Student_5430,Male,26,Law,400,2.65,85.23,11,0,12.91,Graduated
S105431,Student_5431,Male,28,Law,100,2.69,77.21,16,1,7.62,Graduated
S105432,Student_5432,Female,30,Medicine,100,3.04,52.45,17,5,11.21,Graduated
S105433,Student_5433,Male,25,Education,500,2.38,93.23,16,4,13.34,Graduated
S105434,Student_5434,Male,24,Computer Science,200,3.44,54.9,17,5,6.41,Graduated
S105435,Student_5435,Female,27,Business Admin,400,2.81,45.64,7,7,16.16,In Progress
S105436,Student_5436,Male,20,Computer Science,300,3.28,58.09,16,0,10.3,In Progress
S105437,Student_5437,Male,28,Law,100,2.14,68.99,16,4,4.06,Graduated
S105438,Student_5438,Male,23,Education,300,1.0,52.43,17,3,6.75,Graduated
S105439,Student_5439,Female,26,Engineering,400,3.66,60.02,17,7,8.21,Graduated
S105440,Student_5440,Male,19,Computer Science,100,3.15,70.82,11,0,7.68,In Progress
S105441,Student_5441,Female,25,Law,400,3.38,59.38,20,5,0.0,Graduated
S105442,Student_5442,Male,26,Computer Science,100,3.92,45.36,20,2,4.27,Graduated
S105443,Student_5443,Male,20,Computer Science,400,2.34,51.83,16,5,13.33,Graduated
S105444,Student_5444,Male,18,Business Admin,300,1.73,87.65,18,1,8.85,Graduated
S105445,Student_5445,Female,26,Computer Science,200,3.68,97.26,9,2,11.35,In Progress
S105446,Student_5446,Female,21,Law,100,3.46,48.91,8,7,11.14,In Progress
S105447,Student_5447,Male,18,Business Admin,300,3.77,80.86,14,1,8.79,Graduated
S105448,Student_5448,Female,30,Law,400,4.16,94.33,16,0,6.24,Graduated
S105449,Student_5449,Male,26,Medicine,300,2.18,57.95,5,5,7.03,Graduated
S105450,Student_5450,Female,22,Medicine,100,3.66,89.77,16,7,10.76,Graduated
S105451,Student_5451,Female,27,Medicine,300,2.82,94.3,20,0,4.53,Graduated
S105452,Student_5452,Male,26,Computer Science,400,3.68,57.97,19,7,11.98,Graduated
S105453,Student_5453,Male,17,Education,500,4.29,43.4,19,4,16.94,Graduated
S105454,Student_5454,Male,30,Law,200,3.02,95.01,12,7,0.0,Dropped
S105455,Student_5455,Male,22,Medicine,200,2.48,59.83,18,1,12.68,In Progress
S105456,Student_5456,Female,20,Education,500,2.05,40.82,6,3,9.02,Graduated
S105457,Student_5457,Female,19,Medicine,100,1.42,68.5,14,2,12.55,Graduated
S105458,Student_5458,Female,18,Medicine,300,4.02,46.95,12,5,7.13,In Progress
S105459,Student_5459,Male,23,Education,300,4.06,94.1,18,3,16.91,Graduated
S105460,Student_5460,Male,25,Medicine,500,3.71,49.3,11,1,9.05,Graduated
S105461,Student_5461,Female,28,Computer Science,500,2.79,58.27,20,7,10.88,Graduated
S105462,Student_5462,Male,19,Computer Science,400,3.55,87.43,19,3,12.02,Graduated
S105463,Student_5463,Female,22,Business Admin,400,3.21,88.38,7,1,10.67,Graduated
S105464,Student_5464,Female,25,Computer Science,200,2.19,94.08,18,4,10.89,In Progress
S105465,Student_5465,Female,18,Engineering,100,3.8,69.84,15,4,11.41,Graduated
S105466,Student_5466,Female,23,Business Admin,100,3.36,99.2,11,3,7.54,Graduated
S105467,Student_5467,Female,21,Medicine,500,3.52,70.97,5,6,8.56,Dropped
S105468,Student_5468,Male,21,Engineering,200,3.23,87.44,9,6,15.17,Graduated
S105469,Student_5469,Male,27,Law,200,3.09,61.71,17,3,2.28,Graduated
S105470,Student_5470,Male,23,Education,400,3.25,96.48,6,7,5.94,In Progress
S105471,Student_5471,Female,25,Law,300,2.8,81.1,6,5,1.42,Graduated
S105472,Student_5472,Female,20,Engineering,100,3.42,44.63,7,6,1.53,Dropped
S105473,Student_5473,Female,25,Computer Science,200,4.37,46.51,11,1,5.02,In Progress
S105474,Student_5474,Female,30,Medicine,400,3.32,93.45,6,4,8.87,Dropped
S105475,Student_5475,Male,29,Business Admin,400,3.78,88.57,20,5,12.65,Graduated
S105476,Student_5476,Male,27,Medicine,400,2.17,59.81,8,3,11.91,Graduated
S105477,Student_5477,Female,26,Computer Science,300,3.57,71.3,8,5,13.06,Graduated
S105478,Student_5478,Female,25,Medicine,200,3.36,91.16,5,1,6.86,Graduated
S105479,Student_5479,Female,29,Education,500,3.75,46.21,11,1,19.68,Graduated
S105480,Student_5480,Male,20,Education,500,2.7,48.29,8,3,9.83,Graduated
S105481,Student_5481,Male,19,Education,400,3.69,82.93,5,7,16.76,Graduated
S105482,Student_5482,Male,18,Law,400,2.5,44.93,7,2,7.93,In Progress
S105483,Student_5483,Female,25,Computer Science,300,3.8,61.15,12,5,6.56,Graduated
S105484,Student_5484,Female,28,Education,400,3.85,55.11,8,0,11.4,Graduated
S105485,Student_5485,Male,18,Engineering,200,2.23,85.62,5,1,3.59,Graduated
S105486,Student_5486,Female,22,Education,400,3.25,40.15,20,4,3.53,Graduated
S105487,Student_5487,Male,21,Business Admin,400,2.85,46.92,11,6,16.13,Dropped
S105488,Student_5488,Female,30,Law,200,3.34,45.94,12,5,10.53,In Progress
S105489,Student_5489,Male,21,Engineering,100,3.03,59.08,9,0,8.47,Graduated
S105490,Student_5490,Female,20,Computer Science,500,2.84,53.95,20,1,16.73,Graduated
S105491,Student_5491,Male,22,Computer Science,400,2.59,53.7,13,5,6.36,Graduated
S105492,Student_5492,Male,21,Business Admin,200,4.01,62.22,18,2,23.2,Graduated
S105493,Student_5493,Male,27,Education,500,2.48,52.84,20,0,9.17,Dropped
S105494,Student_5494,Male,20,Engineering,300,2.62,46.37,11,4,6.18,Graduated
S105495,Student_5495,Male,29,Business Admin,100,2.12,75.0,8,7,15.05,In Progress
S105496,Student_5496,Male,25,Engineering,400,3.6,97.1,13,0,6.43,Dropped
S105497,Student_5497,Female,29,Education,100,3.73,76.43,10,5,10.35,Graduated
S105498,Student_5498,Female,22,Education,400,3.27,85.42,15,6,20.14,Graduated
S105499,Student_5499,Female,27,Medicine,400,2.46,98.33,12,3,8.28,Graduated
S105500,Student_5500,Male,26,Medicine,400,1.81,49.19,6,7,10.0,Graduated
S105501,Student_5501,Male,26,Education,100,3.39,67.59,9,1,10.95,Graduated
S105502,Student_5502,Female,29,Law,300,3.63,74.91,7,6,16.07,Graduated
S105503,Student_5503,Male,26,Business Admin,200,2.64,59.33,9,3,8.78,Graduated
S105504,Student_5504,Male,29,Medicine,200,3.05,76.79,12,2,18.03,In Progress
S105505,Student_5505,Male,19,Education,300,1.9,77.43,17,0,8.82,Graduated
S105506,Student_5506,Male,26,Engineering,300,2.45,90.53,10,3,14.05,Graduated
S105507,Student_5507,Male,22,Business Admin,400,3.27,89.95,5,7,7.19,In Progress
S105508,Student_5508,Female,30,Medicine,400,2.93,48.55,11,2,10.98,Dropped
S105509,Student_5509,Female,17,Law,200,3.13,50.13,14,3,12.82,Graduated
S105510,Student_5510,Female,21,Business Admin,400,3.8,53.34,20,4,9.99,Dropped
S105511,Student_5511,Female,26,Business Admin,400,2.13,55.67,5,3,5.6,Graduated
S105512,Student_5512,Female,22,Computer Science,300,3.14,73.87,5,1,8.16,Graduated
S105513,Student_5513,Male,27,Engineering,100,2.52,59.65,8,7,14.78,In Progress
S105514,Student_5514,Male,24,Law,500,2.88,97.18,20,5,7.81,Graduated
S105515,Student_5515,Male,27,Law,500,3.2,47.1,13,3,20.43,In Progress
S105516,Student_5516,Male,25,Law,400,2.11,54.79,12,3,10.73,Graduated
S105517,Student_5517,Female,27,Engineering,400,2.54,92.1,14,3,10.73,In Progress
S105518,Student_5518,Female,19,Law,500,2.71,75.06,7,6,11.54,Graduated
S105519,Student_5519,Female,18,Computer Science,300,3.28,72.85,10,3,10.7,Graduated
S105520,Student_5520,Male,29,Medicine,500,3.77,75.66,5,3,18.55,Graduated
S105521,Student_5521,Female,20,Engineering,500,1.83,55.14,14,0,8.28,Graduated
S105522,Student_5522,Male,24,Law,500,2.53,85.69,5,0,12.2,Dropped
S105523,Student_5523,Female,27,Education,400,2.9,69.79,10,5,15.36,Graduated
S105524,Student_5524,Female,24,Medicine,400,2.89,42.56,9,6,18.4,Graduated
S105525,Student_5525,Male,19,Business Admin,500,3.29,50.63,20,4,11.92,Dropped
S105526,Student_5526,Male,20,Engineering,400,2.13,89.0,10,0,3.48,Graduated
S105527,Student_5527,Female,19,Education,500,2.86,60.7,13,2,2.9,Graduated
S105528,Student_5528,Female,26,Business Admin,300,2.71,86.41,16,1,12.15,Graduated
S105529,Student_5529,Male,18,Education,400,3.51,79.8,9,3,12.54,Graduated
S105530,Student_5530,Female,20,Law,100,3.05,58.09,6,3,10.59,Graduated
S105531,Student_5531,Female,22,Engineering,400,2.69,47.62,18,3,8.71,Graduated
S105532,Student_5532,Male,27,Law,300,3.85,88.42,5,4,9.71,Graduated
S105533,Student_5533,Female,30,Business Admin,300,2.63,78.59,20,4,9.59,In Progress
S105534,Student_5534,Male,27,Computer Science,400,2.44,58.05,19,2,9.4,In Progress
S105535,Student_5535,Female,21,Education,200,3.41,71.4,17,6,12.01,In Progress
S105536,Student_5536,Male,19,Computer Science,500,2.67,76.71,17,7,10.17,Graduated
S105537,Student_5537,Female,18,Business Admin,500,3.05,40.13,15,3,6.55,In Progress
S105538,Student_5538,Male,25,Law,300,4.21,80.23,17,7,8.28,Graduated
S105539,Student_5539,Female,17,Medicine,400,2.66,79.36,18,4,3.13,Graduated
S105540,Student_5540,Male,25,Education,200,2.32,44.95,6,3,0.0,Dropped
S105541,Student_5541,Female,17,Medicine,100,2.85,87.27,12,0,10.27,Graduated
S105542,Student_5542,Female,30,Engineering,500,2.78,89.51,19,3,11.33,Graduated
S105543,Student_5543,Female,23,Education,200,3.54,57.41,5,2,4.28,Graduated
S105544,Student_5544,Female,22,Computer Science,500,2.04,49.73,10,2,12.42,Graduated
S105545,Student_5545,Female,23,Medicine,400,4.88,81.19,9,4,11.44,In Progress
S105546,Student_5546,Female,19,Business Admin,500,2.5,47.4,19,3,6.65,In Progress
S105547,Student_5547,Female,30,Engineering,100,3.37,91.48,14,7,9.54,Graduated
S105548,Student_5548,Female,19,Education,400,3.65,68.81,15,2,3.39,Dropped
S105549,Student_5549,Female,29,Business Admin,300,3.13,94.59,13,0,12.89,Graduated
S105550,Student_5550,Male,27,Engineering,200,3.43,78.53,8,6,0.03,Graduated
S105551,Student_5551,Male,17,Computer Science,500,3.05,57.11,9,4,9.06,Graduated
S105552,Student_5552,Female,20,Business Admin,400,3.44,68.08,9,0,16.28,In Progress
S105553,Student_5553,Male,28,Education,400,2.7,71.76,15,2,9.81,Graduated
S105554,Student_5554,Female,18,Engineering,500,2.54,88.91,6,5,7.52,Dropped
S105555,Student_5555,Female,26,Law,300,1.75,91.71,15,7,3.18,Graduated
S105556,Student_5556,Male,24,Education,500,3.3,80.98,6,4,20.71,Graduated
S105557,Student_5557,Female,19,Education,300,2.76,57.65,13,7,3.37,Graduated
S105558,Student_5558,Female,23,Education,500,3.26,71.71,17,7,16.22,In Progress
S105559,Student_5559,Male,23,Education,400,2.78,47.84,16,3,7.95,In Progress
S105560,Student_5560,Male,28,Law,100,3.87,53.81,20,7,10.88,Dropped
S105561,Student_5561,Female,25,Business Admin,100,2.88,58.18,7,5,9.28,Graduated
S105562,Student_5562,Male,22,Business Admin,400,2.56,44.37,10,1,3.9,Graduated
S105563,Student_5563,Male,17,Business Admin,100,2.72,93.1,8,3,6.01,In Progress
S105564,Student_5564,Female,24,Computer Science,300,3.35,47.36,8,6,16.36,Graduated
S105565,Student_5565,Male,17,Law,400,5.0,81.81,9,3,0.0,Graduated
S105566,Student_5566,Male,19,Law,300,3.96,70.34,9,0,9.15,Graduated
S105567,Student_5567,Female,27,Engineering,400,2.15,89.91,11,3,18.64,Graduated
S105568,Student_5568,Male,21,Medicine,300,3.17,84.46,11,1,12.29,In Progress
S105569,Student_5569,Male,24,Business Admin,300,2.45,85.58,18,4,12.29,In Progress
S105570,Student_5570,Female,25,Medicine,100,2.72,65.1,16,4,12.44,Graduated
S105571,Student_5571,Female,23,Engineering,400,2.79,90.04,5,5,9.7,In Progress
S105572,Student_5572,Female,25,Law,500,2.94,45.68,10,1,7.89,Graduated
S105573,Student_5573,Male,27,Engineering,100,3.61,66.67,8,0,15.83,Graduated
S105574,Student_5574,Female,19,Education,300,2.82,99.68,6,5,4.19,Dropped
S105575,Student_5575,Female,29,Engineering,300,3.12,96.89,10,1,12.56,In Progress
S105576,Student_5576,Male,21,Engineering,500,2.99,44.93,11,7,5.4,In Progress
S105577,Student_5577,Female,26,Education,500,2.51,74.38,20,4,6.76,In Progress
S105578,Student_5578,Female,24,Medicine,300,2.62,58.94,6,5,15.76,Graduated
S105579,Student_5579,Female,28,Education,500,2.57,83.71,6,1,8.42,Graduated
S105580,Student_5580,Female,17,Computer Science,200,3.46,84.15,14,0,6.85,Graduated
S105581,Student_5581,Male,24,Engineering,100,2.74,40.01,15,7,18.41,Dropped
S105582,Student_5582,Female,23,Engineering,400,4.24,90.75,11,5,4.99,Graduated
S105583,Student_5583,Female,17,Medicine,500,2.45,53.41,13,7,19.78,Graduated
S105584,Student_5584,Male,29,Law,500,2.45,97.95,7,3,11.23,Graduated
S105585,Student_5585,Female,29,Education,200,2.25,94.33,7,3,15.81,In Progress
S105586,Student_5586,Male,26,Law,400,2.93,51.44,20,6,6.21,Graduated
S105587,Student_5587,Male,28,Computer Science,200,2.62,78.18,12,4,14.78,Graduated
S105588,Student_5588,Male,26,Education,400,2.75,57.78,6,6,14.45,Graduated
S105589,Student_5589,Female,28,Computer Science,100,3.72,46.18,13,0,7.13,Graduated
S105590,Student_5590,Male,22,Computer Science,500,2.88,92.44,11,3,8.09,Graduated
S105591,Student_5591,Male,17,Computer Science,100,2.74,50.85,12,7,2.4,Graduated
S105592,Student_5592,Male,18,Business Admin,400,3.2,65.26,13,7,4.62,Graduated
S105593,Student_5593,Female,21,Education,500,3.13,95.45,16,3,13.99,In Progress
S105594,Student_5594,Female,18,Education,200,3.53,44.52,18,3,9.19,In Progress
S105595,Student_5595,Female,30,Business Admin,300,3.59,73.04,7,2,3.25,In Progress
S105596,Student_5596,Female,26,Medicine,200,3.32,74.33,10,3,12.3,In Progress
S105597,Student_5597,Female,17,Business Admin,300,3.66,85.78,18,7,16.79,Dropped
S105598,Student_5598,Female,22,Engineering,200,2.52,89.63,12,7,15.28,Graduated
S105599,Student_5599,Female,24,Law,400,2.92,65.45,5,2,15.61,Graduated
S105600,Student_5600,Male,24,Law,100,3.09,84.62,19,1,0.43,Graduated
S105601,Student_5601,Male,29,Computer Science,300,3.06,94.63,17,4,12.31,Graduated
S105602,Student_5602,Male,29,Education,400,5.0,93.18,10,4,0.64,Graduated
S105603,Student_5603,Male,24,Education,100,3.77,70.11,7,5,3.86,Graduated
S105604,Student_5604,Female,27,Computer Science,100,3.74,76.42,18,5,14.77,Dropped
S105605,Student_5605,Male,22,Engineering,500,2.8,80.37,12,2,11.89,Graduated
S105606,Student_5606,Male,27,Law,500,2.95,89.15,13,0,16.76,Graduated
S105607,Student_5607,Male,19,Business Admin,500,3.54,70.46,17,5,9.17,In Progress
S105608,Student_5608,Male,17,Medicine,300,4.05,46.71,18,5,16.23,Graduated
S105609,Student_5609,Female,18,Engineering,300,2.4,63.12,17,2,11.45,Dropped
S105610,Student_5610,Female,21,Education,100,2.67,83.21,9,6,5.46,Graduated
S105611,Student_5611,Female,29,Computer Science,300,2.86,77.43,6,3,14.84,Graduated
S105612,Student_5612,Male,26,Law,100,3.18,85.21,19,5,9.97,Graduated
S105613,Student_5613,Female,21,Computer Science,400,3.54,70.0,20,6,11.32,In Progress
S105614,Student_5614,Male,26,Education,200,3.5,50.46,11,0,15.55,Graduated
S105615,Student_5615,Female,30,Computer Science,100,3.32,46.91,19,6,21.67,Graduated
S105616,Student_5616,Female,17,Business Admin,100,2.47,68.88,16,4,8.28,In Progress
S105617,Student_5617,Female,17,Law,400,2.88,52.34,10,7,13.0,Graduated
S105618,Student_5618,Female,25,Computer Science,500,2.06,98.94,10,1,9.44,Graduated
S105619,Student_5619,Female,18,Law,500,3.69,51.93,16,1,6.6,In Progress
S105620,Student_5620,Male,23,Computer Science,500,3.02,74.01,5,2,9.41,In Progress
S105621,Student_5621,Female,26,Computer Science,100,2.19,40.11,19,7,14.06,Graduated
S105622,Student_5622,Male,20,Law,100,4.65,55.22,5,5,13.89,Dropped
S105623,Student_5623,Male,23,Business Admin,300,1.22,55.55,10,2,2.7,In Progress
S105624,Student_5624,Male,24,Computer Science,300,2.96,84.28,19,2,8.67,In Progress
S105625,Student_5625,Male,21,Business Admin,200,3.92,69.74,10,2,18.45,Graduated
S105626,Student_5626,Male,29,Engineering,200,2.66,40.73,8,6,2.45,In Progress
S105627,Student_5627,Female,28,Medicine,300,3.12,62.75,12,4,3.32,In Progress
S105628,Student_5628,Female,28,Engineering,100,3.34,78.69,17,3,15.78,Dropped
S105629,Student_5629,Female,17,Medicine,400,1.4,78.2,13,4,8.67,Dropped
S105630,Student_5630,Female,20,Engineering,300,2.24,43.23,10,1,0.11,Graduated
S105631,Student_5631,Male,26,Medicine,100,2.96,95.73,14,7,9.07,Graduated
S105632,Student_5632,Female,19,Computer Science,300,2.94,54.82,12,6,7.11,Dropped
S105633,Student_5633,Female,26,Law,500,2.06,93.49,19,1,5.78,Graduated
S105634,Student_5634,Male,28,Law,300,2.99,52.8,12,6,21.46,In Progress
S105635,Student_5635,Male,21,Education,500,3.37,74.07,6,1,1.07,In Progress
S105636,Student_5636,Female,26,Medicine,100,3.9,64.36,8,3,6.73,Graduated
S105637,Student_5637,Female,29,Education,500,3.15,74.88,5,3,10.93,Graduated
S105638,Student_5638,Male,26,Business Admin,300,2.36,69.87,5,0,2.11,Graduated
S105639,Student_5639,Female,29,Business Admin,500,3.4,40.12,18,3,16.04,Graduated
S105640,Student_5640,Female,22,Education,400,3.48,61.08,20,1,5.87,Dropped
S105641,Student_5641,Female,18,Medicine,500,2.89,40.67,10,3,4.05,Graduated
S105642,Student_5642,Female,23,Law,500,2.74,81.0,11,3,13.13,In Progress
S105643,Student_5643,Male,29,Medicine,200,2.68,91.21,9,3,12.94,In Progress
S105644,Student_5644,Male,19,Business Admin,400,3.44,63.08,12,2,9.94,Graduated
S105645,Student_5645,Male,17,Computer Science,100,2.9,71.49,13,6,5.18,Graduated
S105646,Student_5646,Female,26,Education,500,3.23,43.95,8,7,7.55,Graduated
S105647,Student_5647,Female,19,Education,400,2.48,63.11,5,5,10.15,Graduated
S105648,Student_5648,Female,25,Business Admin,100,3.05,48.33,10,7,5.7,In Progress
S105649,Student_5649,Female,26,Medicine,400,2.23,43.88,5,5,17.0,In Progress
S105650,Student_5650,Female,27,Education,200,2.59,50.32,20,3,19.12,In Progress
S105651,Student_5651,Male,27,Law,100,3.03,92.25,6,2,3.2,Graduated
S105652,Student_5652,Female,22,Education,100,2.48,98.93,16,1,18.26,Graduated
S105653,Student_5653,Female,27,Medicine,500,2.72,92.75,15,0,8.96,Graduated
S105654,Student_5654,Male,22,Business Admin,300,3.53,98.18,8,6,3.04,In Progress
S105655,Student_5655,Female,20,Law,100,2.79,83.85,8,6,12.44,In Progress
S105656,Student_5656,Male,24,Law,100,2.74,49.58,10,7,8.41,In Progress
S105657,Student_5657,Male,21,Education,200,2.38,73.79,12,4,12.08,Graduated
S105658,Student_5658,Male,23,Medicine,200,2.64,83.9,7,5,14.59,Graduated
S105659,Student_5659,Male,25,Education,200,3.0,70.81,19,0,13.35,Graduated
S105660,Student_5660,Male,29,Computer Science,500,3.44,73.28,10,7,6.37,In Progress
S105661,Student_5661,Female,29,Business Admin,100,1.93,75.17,7,6,18.75,Graduated
S105662,Student_5662,Male,30,Computer Science,200,3.56,68.01,6,4,8.21,In Progress
S105663,Student_5663,Male,21,Law,200,2.73,57.44,17,5,13.92,Dropped
S105664,Student_5664,Female,27,Education,400,2.93,78.22,16,1,13.7,Graduated
S105665,Student_5665,Female,30,Computer Science,400,3.49,43.21,8,2,11.83,Dropped
S105666,Student_5666,Male,21,Engineering,200,4.56,50.26,8,3,12.15,Graduated
S105667,Student_5667,Female,30,Computer Science,500,3.38,95.52,16,2,5.14,Graduated
S105668,Student_5668,Female,20,Education,300,2.66,69.33,6,4,8.25,Graduated
S105669,Student_5669,Male,22,Education,400,3.13,89.3,16,7,4.92,Graduated
S105670,Student_5670,Male,18,Business Admin,400,3.29,83.59,15,5,14.68,Graduated
S105671,Student_5671,Female,19,Computer Science,100,2.02,59.24,7,3,7.55,Graduated
S105672,Student_5672,Male,17,Education,100,2.24,88.22,13,7,7.95,Dropped
S105673,Student_5673,Male,18,Education,200,3.28,45.48,14,4,7.27,Graduated
S105674,Student_5674,Female,18,Business Admin,100,3.37,92.5,13,6,7.5,Dropped
S105675,Student_5675,Male,24,Business Admin,100,3.26,80.83,16,4,9.28,Dropped
S105676,Student_5676,Male,24,Business Admin,300,3.46,95.62,19,5,8.17,In Progress
S105677,Student_5677,Male,18,Business Admin,500,2.74,93.73,14,6,10.93,Dropped
S105678,Student_5678,Male,29,Engineering,200,3.76,62.82,11,3,9.03,Dropped
S105679,Student_5679,Male,30,Law,300,4.28,91.41,6,0,3.29,Dropped
S105680,Student_5680,Female,22,Education,200,2.55,73.78,17,7,13.92,Graduated
S105681,Student_5681,Female,21,Medicine,500,2.12,49.43,20,0,11.4,Graduated
S105682,Student_5682,Male,19,Business Admin,200,2.95,89.77,9,5,13.66,Graduated
S105683,Student_5683,Female,21,Law,100,3.61,94.48,12,5,10.22,Dropped
S105684,Student_5684,Male,21,Business Admin,500,3.46,45.07,19,4,12.35,Graduated
S105685,Student_5685,Male,21,Law,300,3.1,95.83,5,1,4.08,Dropped
S105686,Student_5686,Male,19,Medicine,300,1.38,76.08,5,7,7.73,Graduated
S105687,Student_5687,Male,19,Computer Science,400,2.51,41.55,15,2,12.93,In Progress
S105688,Student_5688,Male,20,Engineering,300,3.77,72.51,19,0,7.71,Graduated
S105689,Student_5689,Female,23,Education,400,1.78,87.8,15,3,16.64,Graduated
S105690,Student_5690,Female,28,Computer Science,100,3.01,71.99,10,4,17.3,In Progress
S105691,Student_5691,Male,28,Medicine,300,2.6,82.43,11,2,11.37,In Progress
S105692,Student_5692,Female,28,Engineering,500,3.46,92.77,18,5,10.32,In Progress
S105693,Student_5693,Male,30,Engineering,400,1.83,92.19,11,6,20.21,Graduated
S105694,Student_5694,Female,18,Engineering,300,2.79,50.73,18,2,0.0,In Progress
S105695,Student_5695,Male,26,Medicine,100,3.11,65.63,7,4,11.77,In Progress
S105696,Student_5696,Female,20,Business Admin,500,2.75,46.67,14,2,15.11,Graduated
S105697,Student_5697,Male,20,Business Admin,500,3.42,75.71,8,1,1.39,Graduated
S105698,Student_5698,Male,17,Business Admin,100,1.92,97.28,20,4,5.75,Graduated
S105699,Student_5699,Female,26,Computer Science,300,2.21,50.91,13,5,14.78,In Progress
S105700,Student_5700,Female,24,Education,200,2.77,64.22,15,2,9.24,Dropped
S105701,Student_5701,Male,17,Engineering,300,3.24,97.24,19,2,12.52,Graduated
S105702,Student_5702,Female,24,Engineering,400,3.36,85.01,14,5,0.14,Graduated
S105703,Student_5703,Male,23,Computer Science,400,3.12,44.27,17,0,2.68,Dropped
S105704,Student_5704,Female,25,Business Admin,300,2.36,65.7,8,2,7.49,Graduated
S105705,Student_5705,Female,24,Engineering,400,2.58,99.27,9,7,16.24,Dropped
S105706,Student_5706,Male,21,Engineering,200,3.77,67.19,10,2,13.5,Graduated
S105707,Student_5707,Female,24,Medicine,200,4.41,77.76,11,6,5.22,Graduated
S105708,Student_5708,Female,30,Law,500,3.43,82.06,9,7,5.77,Graduated
S105709,Student_5709,Male,27,Computer Science,400,3.24,79.84,11,0,13.06,Graduated
S105710,Student_5710,Female,26,Computer Science,300,2.19,71.12,16,4,10.53,Dropped
S105711,Student_5711,Male,28,Business Admin,500,3.14,47.97,6,6,12.02,Graduated
S105712,Student_5712,Male,28,Computer Science,200,1.82,82.5,11,7,7.83,Graduated
S105713,Student_5713,Male,19,Business Admin,500,3.92,96.0,9,0,7.29,In Progress
S105714,Student_5714,Male,26,Medicine,100,3.39,96.5,14,7,9.77,Graduated
S105715,Student_5715,Male,23,Medicine,400,2.96,75.6,20,3,6.21,Graduated
S105716,Student_5716,Female,28,Education,300,2.19,69.53,9,3,6.2,Dropped
S105717,Student_5717,Male,20,Business Admin,200,3.13,60.04,15,7,0.95,Graduated
S105718,Student_5718,Male,21,Medicine,500,1.95,46.21,19,1,7.38,Graduated
S105719,Student_5719,Female,25,Business Admin,300,2.78,92.99,10,2,4.04,Graduated
S105720,Student_5720,Female,23,Computer Science,400,3.29,48.22,16,5,6.66,Graduated
S105721,Student_5721,Female,20,Education,300,2.5,57.28,13,3,9.25,Graduated
S105722,Student_5722,Male,22,Law,400,2.97,84.42,8,4,13.91,In Progress
S105723,Student_5723,Male,26,Engineering,400,4.63,82.29,9,4,8.69,Graduated
S105724,Student_5724,Male,30,Engineering,400,1.75,80.86,9,5,10.4,Dropped
S105725,Student_5725,Female,27,Education,500,2.46,84.5,18,7,7.99,Graduated
S105726,Student_5726,Male,23,Business Admin,400,2.82,72.52,19,3,10.73,Graduated
S105727,Student_5727,Female,29,Business Admin,300,2.63,49.3,7,0,9.46,Graduated
S105728,Student_5728,Male,26,Business Admin,100,3.32,99.9,7,6,0.0,Graduated
S105729,Student_5729,Female,29,Law,300,3.38,93.53,16,5,9.0,Graduated
S105730,Student_5730,Male,25,Engineering,500,3.03,65.87,5,1,9.43,In Progress
S105731,Student_5731,Male,20,Education,400,3.1,71.82,18,6,11.42,Graduated
S105732,Student_5732,Male,26,Business Admin,100,1.74,63.61,8,7,5.96,In Progress
S105733,Student_5733,Female,19,Medicine,500,3.33,78.28,13,0,8.03,Graduated
S105734,Student_5734,Female,24,Computer Science,200,3.14,83.87,6,1,13.57,Dropped
S105735,Student_5735,Male,17,Law,200,2.51,53.89,17,5,6.19,Graduated
S105736,Student_5736,Male,25,Business Admin,200,4.13,65.97,14,3,6.99,Graduated
S105737,Student_5737,Male,29,Engineering,100,2.95,78.41,8,6,16.91,Dropped
S105738,Student_5738,Female,17,Computer Science,300,3.16,99.28,13,0,5.07,Graduated
S105739,Student_5739,Male,18,Education,100,2.97,59.49,13,3,0.9,Graduated
S105740,Student_5740,Male,29,Business Admin,100,1.84,84.7,12,1,14.24,Graduated
S105741,Student_5741,Male,24,Engineering,100,2.29,60.8,6,4,2.17,Graduated
S105742,Student_5742,Male,25,Computer Science,200,2.81,45.54,15,7,8.89,Dropped
S105743,Student_5743,Female,23,Medicine,300,3.69,86.21,7,5,11.67,Graduated
S105744,Student_5744,Female,19,Law,100,2.68,78.96,10,0,14.19,In Progress
S105745,Student_5745,Male,23,Education,300,3.14,70.86,6,3,12.81,In Progress
S105746,Student_5746,Male,22,Engineering,400,3.32,80.5,7,1,4.95,Graduated
S105747,Student_5747,Female,18,Medicine,100,2.44,92.76,5,4,17.67,Graduated
S105748,Student_5748,Female,19,Law,100,2.34,85.39,8,0,8.23,In Progress
S105749,Student_5749,Male,27,Law,100,2.52,91.47,15,1,5.7,Graduated
S105750,Student_5750,Female,29,Medicine,400,2.48,57.4,10,0,14.61,Graduated
S105751,Student_5751,Female,28,Engineering,400,2.24,88.03,5,0,5.21,In Progress
S105752,Student_5752,Male,29,Law,200,3.6,61.6,18,6,11.79,Dropped
S105753,Student_5753,Female,26,Education,500,3.41,41.24,19,2,8.1,Dropped
S105754,Student_5754,Female,26,Computer Science,300,2.24,42.59,16,6,8.13,Graduated
S105755,Student_5755,Male,29,Education,500,3.12,83.82,20,7,22.04,Graduated
S105756,Student_5756,Male,28,Business Admin,100,2.77,56.31,5,3,10.6,Graduated
S105757,Student_5757,Female,21,Law,100,2.92,58.46,12,2,0.0,Graduated
S105758,Student_5758,Male,26,Computer Science,200,3.02,77.35,11,0,2.15,Graduated
S105759,Student_5759,Female,20,Medicine,500,1.96,84.49,11,1,11.2,Dropped
S105760,Student_5760,Male,18,Computer Science,100,1.61,73.53,11,3,2.81,Graduated
S105761,Student_5761,Female,20,Computer Science,500,3.01,82.38,9,1,6.81,Graduated
S105762,Student_5762,Male,28,Computer Science,200,2.73,96.46,19,6,14.01,Graduated
S105763,Student_5763,Female,24,Law,500,2.84,91.25,8,1,9.1,In Progress
S105764,Student_5764,Female,21,Business Admin,300,2.55,54.45,17,5,13.54,In Progress
S105765,Student_5765,Female,21,Business Admin,200,2.99,94.41,11,4,16.14,Dropped
S105766,Student_5766,Male,29,Engineering,500,1.83,57.84,15,0,13.44,In Progress
S105767,Student_5767,Male,28,Business Admin,100,3.02,79.64,18,1,5.29,Graduated
S105768,Student_5768,Female,28,Law,400,1.21,92.48,7,0,14.09,In Progress
S105769,Student_5769,Female,26,Engineering,400,2.48,77.41,13,2,13.96,Graduated
S105770,Student_5770,Male,19,Medicine,200,2.66,88.37,6,6,9.68,Graduated
S105771,Student_5771,Male,29,Medicine,400,1.71,95.64,5,5,5.42,In Progress
S105772,Student_5772,Male,24,Medicine,300,3.88,98.02,19,7,10.12,Graduated
S105773,Student_5773,Male,22,Medicine,200,2.93,64.64,12,5,10.7,In Progress
S105774,Student_5774,Male,18,Medicine,100,2.47,99.57,18,7,4.09,Graduated
S105775,Student_5775,Male,18,Education,100,4.32,56.3,10,7,14.32,Graduated
S105776,Student_5776,Female,25,Law,200,3.15,67.73,18,7,8.03,In Progress
S105777,Student_5777,Male,29,Engineering,400,3.24,85.64,17,2,9.83,In Progress
S105778,Student_5778,Female,23,Medicine,400,2.83,98.21,18,1,11.83,In Progress
S105779,Student_5779,Male,26,Education,100,2.61,43.18,8,7,10.94,Graduated
S105780,Student_5780,Male,25,Business Admin,300,3.13,96.74,20,5,9.42,Graduated
S105781,Student_5781,Female,30,Education,400,1.0,99.92,14,0,5.06,Graduated
S105782,Student_5782,Female,22,Education,300,1.68,94.57,13,4,17.38,Dropped
S105783,Student_5783,Male,21,Law,400,1.93,46.5,9,3,16.88,Dropped
S105784,Student_5784,Female,28,Medicine,200,1.31,90.44,17,6,15.39,In Progress
S105785,Student_5785,Female,17,Education,500,3.31,78.39,15,2,10.01,In Progress
S105786,Student_5786,Female,28,Education,100,2.45,40.57,5,7,12.73,Graduated
S105787,Student_5787,Female,22,Medicine,200,3.8,99.06,5,6,4.6,Graduated
S105788,Student_5788,Male,22,Law,400,2.8,49.03,18,6,9.84,Graduated
S105789,Student_5789,Female,19,Education,100,2.33,63.81,11,7,1.39,Graduated
S105790,Student_5790,Male,19,Engineering,500,2.84,41.82,18,2,7.02,Graduated
S105791,Student_5791,Male,19,Computer Science,500,3.66,58.57,17,4,12.71,Graduated
S105792,Student_5792,Male,19,Business Admin,400,2.71,74.1,5,1,14.99,In Progress
S105793,Student_5793,Male,23,Computer Science,100,3.76,95.85,10,7,5.3,Graduated
S105794,Student_5794,Female,26,Computer Science,400,3.65,99.42,11,2,5.98,Graduated
S105795,Student_5795,Female,27,Law,500,2.48,65.4,15,2,11.91,Graduated
S105796,Student_5796,Male,18,Education,200,2.54,65.69,14,3,0.93,Graduated
S105797,Student_5797,Male,26,Computer Science,200,2.5,49.62,9,4,17.18,Graduated
S105798,Student_5798,Male,29,Computer Science,300,2.04,69.9,7,4,5.47,Dropped
S105799,Student_5799,Male,26,Business Admin,500,1.84,96.4,7,0,9.13,In Progress
S105800,Student_5800,Female,18,Medicine,500,2.53,49.92,16,4,13.24,In Progress
S105801,Student_5801,Male,19,Education,400,1.18,55.99,6,5,8.86,In Progress
S105802,Student_5802,Female,26,Education,300,2.08,93.48,15,3,8.07,Graduated
S105803,Student_5803,Male,28,Business Admin,300,3.21,77.59,16,5,12.27,Graduated
S105804,Student_5804,Male,23,Medicine,100,1.9,59.83,20,4,7.34,Dropped
S105805,Student_5805,Male,19,Education,400,3.77,88.76,16,0,11.33,Graduated
S105806,Student_5806,Male,23,Engineering,200,3.28,46.54,5,3,9.78,Graduated
S105807,Student_5807,Female,25,Business Admin,100,4.16,91.5,18,2,3.81,Graduated
S105808,Student_5808,Female,27,Law,300,4.31,71.08,15,7,16.14,Graduated
S105809,Student_5809,Female,26,Medicine,200,3.38,85.42,12,1,8.06,Graduated
S105810,Student_5810,Male,28,Business Admin,500,2.45,71.1,17,2,12.22,In Progress
S105811,Student_5811,Male,27,Computer Science,400,1.7,54.78,13,0,5.8,Graduated
S105812,Student_5812,Female,20,Education,300,1.83,78.45,6,3,0.31,Dropped
S105813,Student_5813,Female,23,Engineering,500,4.24,49.29,18,2,15.29,In Progress
S105814,Student_5814,Male,25,Engineering,300,1.82,53.79,17,7,9.93,Graduated
S105815,Student_5815,Male,30,Law,200,2.71,72.96,17,0,10.8,Graduated
S105816,Student_5816,Female,24,Business Admin,100,3.7,63.4,8,5,10.18,In Progress
S105817,Student_5817,Male,24,Engineering,200,2.25,84.71,20,6,20.52,Graduated
S105818,Student_5818,Male,25,Business Admin,400,3.78,75.01,7,2,13.8,Graduated
S105819,Student_5819,Female,30,Education,400,2.82,62.88,8,6,13.15,In Progress
S105820,Student_5820,Male,21,Education,300,3.01,59.6,8,1,7.03,Graduated
S105821,Student_5821,Female,30,Engineering,200,2.66,94.79,12,5,9.07,Graduated
S105822,Student_5822,Male,21,Education,100,2.22,42.4,15,2,9.98,Graduated
S105823,Student_5823,Female,19,Business Admin,400,3.35,81.46,7,2,13.0,In Progress
S105824,Student_5824,Male,21,Education,100,3.26,63.51,19,2,8.53,Graduated
S105825,Student_5825,Female,24,Computer Science,500,3.38,62.64,7,0,8.22,Graduated
S105826,Student_5826,Female,28,Business Admin,300,3.57,79.11,16,3,13.97,Graduated
S105827,Student_5827,Female,21,Medicine,100,2.56,91.03,10,4,17.91,Graduated
S105828,Student_5828,Female,20,Education,300,3.26,83.46,19,0,0.0,Graduated
S105829,Student_5829,Male,24,Education,500,3.5,80.21,15,5,14.26,Graduated
S105830,Student_5830,Male,23,Business Admin,100,3.15,69.77,7,6,8.62,In Progress
S105831,Student_5831,Female,30,Law,100,2.58,68.15,20,4,12.98,Graduated
S105832,Student_5832,Male,30,Medicine,500,3.12,67.64,9,6,9.22,Graduated
S105833,Student_5833,Male,22,Medicine,200,1.47,48.73,8,5,8.08,Graduated
S105834,Student_5834,Male,21,Medicine,100,3.13,73.57,15,4,10.42,Dropped
S105835,Student_5835,Male,30,Engineering,100,2.09,58.93,8,2,2.85,Dropped
S105836,Student_5836,Male,21,Computer Science,400,2.88,77.09,6,5,4.8,Graduated
S105837,Student_5837,Female,29,Computer Science,200,2.58,72.06,20,1,7.63,Graduated
S105838,Student_5838,Female,26,Law,100,2.9,96.4,13,4,10.14,Graduated
S105839,Student_5839,Female,18,Medicine,500,1.78,66.1,9,5,16.11,Dropped
S105840,Student_5840,Female,29,Medicine,300,3.36,79.86,19,7,13.89,Graduated
S105841,Student_5841,Male,20,Education,500,3.51,75.57,9,5,8.89,Graduated
S105842,Student_5842,Male,24,Business Admin,200,2.18,81.06,11,4,4.29,Graduated
S105843,Student_5843,Female,24,Engineering,400,1.91,56.02,16,2,10.13,In Progress
S105844,Student_5844,Male,27,Engineering,400,2.23,55.43,20,7,12.25,In Progress
S105845,Student_5845,Male,17,Law,400,3.39,73.58,7,1,7.56,Graduated
S105846,Student_5846,Female,18,Computer Science,500,2.82,90.94,19,6,8.61,In Progress
S105847,Student_5847,Male,21,Medicine,300,2.73,83.2,16,2,15.84,In Progress
S105848,Student_5848,Female,25,Business Admin,300,2.76,69.34,10,6,10.78,Graduated
S105849,Student_5849,Female,26,Law,100,2.4,55.31,5,4,10.04,Graduated
S105850,Student_5850,Male,27,Engineering,300,3.1,85.56,9,5,9.75,Graduated
S105851,Student_5851,Male,28,Engineering,300,3.93,95.57,9,7,16.5,Graduated
S105852,Student_5852,Female,29,Engineering,100,2.24,52.78,13,0,0.55,Graduated
S105853,Student_5853,Female,27,Medicine,500,3.31,87.95,16,6,12.08,In Progress
S105854,Student_5854,Male,23,Medicine,500,2.83,50.35,9,5,0.61,Graduated
S105855,Student_5855,Female,26,Medicine,200,2.82,94.05,12,6,7.58,Graduated
S105856,Student_5856,Female,21,Education,500,3.83,78.52,7,7,1.47,Graduated
S105857,Student_5857,Female,17,Computer Science,400,3.56,50.86,16,6,11.92,In Progress
S105858,Student_5858,Male,22,Engineering,400,2.87,42.18,15,4,0.0,Graduated
S105859,Student_5859,Female,28,Engineering,200,3.52,81.68,19,0,2.3,Graduated
S105860,Student_5860,Male,24,Education,300,1.67,76.37,10,7,9.69,In Progress
S105861,Student_5861,Female,23,Engineering,200,1.33,76.68,18,3,10.07,In Progress
S105862,Student_5862,Male,18,Engineering,100,2.38,68.94,18,1,17.83,In Progress
S105863,Student_5863,Female,28,Medicine,200,2.16,76.87,6,5,18.31,In Progress
S105864,Student_5864,Male,21,Medicine,200,2.7,92.39,13,6,2.89,Graduated
S105865,Student_5865,Male,30,Computer Science,400,3.67,97.12,10,6,6.97,In Progress
S105866,Student_5866,Male,27,Engineering,100,2.72,60.67,9,3,7.75,Graduated
S105867,Student_5867,Female,20,Law,100,3.53,69.27,13,7,14.92,Graduated
S105868,Student_5868,Female,25,Engineering,200,3.51,56.38,5,7,8.12,In Progress
S105869,Student_5869,Female,26,Engineering,100,1.64,64.7,7,2,0.39,Dropped
S105870,Student_5870,Male,17,Computer Science,100,3.37,87.75,19,4,13.96,In Progress
S105871,Student_5871,Female,28,Law,500,3.7,65.5,17,7,7.34,Graduated
S105872,Student_5872,Male,22,Engineering,100,3.75,63.5,6,3,17.78,In Progress
S105873,Student_5873,Female,19,Business Admin,300,2.81,91.01,13,1,11.99,Graduated
S105874,Student_5874,Male,27,Business Admin,100,2.95,40.08,15,0,14.02,Graduated
S105875,Student_5875,Male,25,Law,400,2.99,91.13,10,0,13.42,Graduated
S105876,Student_5876,Male,21,Business Admin,500,2.84,50.88,15,2,4.94,Graduated
S105877,Student_5877,Female,29,Medicine,400,2.17,56.47,10,7,0.0,Graduated
S105878,Student_5878,Female,22,Medicine,400,2.33,61.7,19,6,18.16,In Progress
S105879,Student_5879,Female,27,Law,300,3.33,92.84,9,2,13.35,Graduated
S105880,Student_5880,Male,25,Engineering,500,2.8,94.52,8,4,4.68,Graduated
S105881,Student_5881,Male,25,Law,200,2.98,79.67,8,6,0.0,Graduated
S105882,Student_5882,Female,24,Business Admin,100,3.67,66.37,19,3,17.11,In Progress
S105883,Student_5883,Female,25,Law,300,2.96,70.97,6,4,11.04,In Progress
S105884,Student_5884,Female,20,Business Admin,300,2.11,74.82,11,0,16.04,In Progress
S105885,Student_5885,Male,22,Medicine,200,4.45,97.24,20,7,12.19,In Progress
S105886,Student_5886,Male,21,Law,300,2.7,98.15,10,0,6.76,In Progress
S105887,Student_5887,Male,21,Education,200,2.66,90.84,7,5,6.88,Graduated
S105888,Student_5888,Male,20,Business Admin,200,3.11,75.02,16,3,9.56,Dropped
S105889,Student_5889,Male,18,Education,200,2.81,63.44,11,4,9.63,Graduated
S105890,Student_5890,Female,28,Medicine,300,2.87,53.82,13,6,4.69,In Progress
S105891,Student_5891,Male,22,Engineering,200,2.51,72.07,14,2,9.34,In Progress
S105892,Student_5892,Male,25,Business Admin,300,3.59,60.74,18,7,14.04,Graduated
S105893,Student_5893,Male,28,Engineering,500,3.69,44.36,5,7,10.03,In Progress
S105894,Student_5894,Male,17,Medicine,200,4.18,68.57,16,3,13.1,In Progress
S105895,Student_5895,Male,30,Engineering,300,4.29,74.27,15,5,11.59,Graduated
S105896,Student_5896,Female,23,Business Admin,300,1.53,76.68,16,2,15.88,Graduated
S105897,Student_5897,Male,22,Computer Science,300,3.34,44.43,14,6,12.38,Graduated
S105898,Student_5898,Male,19,Business Admin,100,2.08,68.99,12,3,5.27,In Progress
S105899,Student_5899,Male,17,Business Admin,100,3.81,79.35,18,2,2.72,In Progress
S105900,Student_5900,Female,29,Education,200,3.14,97.66,6,1,19.2,Graduated
S105901,Student_5901,Female,20,Computer Science,500,2.4,41.5,5,0,5.21,In Progress
S105902,Student_5902,Female,30,Computer Science,200,2.12,80.58,13,5,8.68,Graduated
S105903,Student_5903,Male,25,Computer Science,400,2.45,43.74,6,3,9.7,Graduated
S105904,Student_5904,Female,18,Business Admin,400,2.35,49.53,11,5,6.9,In Progress
S105905,Student_5905,Male,19,Medicine,500,3.84,50.4,11,6,15.51,In Progress
S105906,Student_5906,Male,18,Computer Science,500,2.96,59.73,5,6,10.16,Graduated
S105907,Student_5907,Female,30,Law,500,2.21,89.88,19,1,2.21,In Progress
S105908,Student_5908,Male,18,Engineering,100,3.21,91.37,17,7,11.5,Graduated
S105909,Student_5909,Male,26,Medicine,100,3.19,62.5,18,3,9.16,Graduated
S105910,Student_5910,Male,27,Law,400,2.82,65.88,14,0,12.64,Dropped
S105911,Student_5911,Female,27,Business Admin,500,3.79,53.02,18,5,19.64,Graduated
S105912,Student_5912,Male,24,Business Admin,300,3.33,65.95,5,0,6.26,Graduated
S105913,Student_5913,Male,19,Law,400,3.27,56.49,11,2,3.58,In Progress
S105914,Student_5914,Female,23,Education,500,1.64,50.49,10,5,24.61,Graduated
S105915,Student_5915,Male,24,Education,300,2.7,49.51,8,0,4.24,Graduated
S105916,Student_5916,Male,19,Law,500,3.4,86.54,7,5,19.45,In Progress
S105917,Student_5917,Female,18,Education,200,3.2,47.02,19,5,20.22,Graduated
S105918,Student_5918,Male,29,Engineering,300,3.0,76.96,9,6,8.28,In Progress
S105919,Student_5919,Male,29,Engineering,200,3.42,50.05,9,0,15.92,In Progress
S105920,Student_5920,Male,24,Business Admin,100,3.26,90.27,15,0,4.71,In Progress
S105921,Student_5921,Male,19,Education,400,3.51,56.47,7,4,12.76,Graduated
S105922,Student_5922,Male,23,Computer Science,500,3.22,42.69,18,4,14.81,Dropped
S105923,Student_5923,Female,28,Law,400,3.48,67.12,10,0,4.8,Graduated
S105924,Student_5924,Female,17,Engineering,500,3.44,99.99,16,6,16.39,Graduated
S105925,Student_5925,Female,30,Education,200,2.94,88.79,18,5,14.72,In Progress
S105926,Student_5926,Female,28,Education,300,2.98,74.22,7,6,18.7,Graduated
S105927,Student_5927,Male,22,Engineering,300,3.05,51.37,17,5,11.14,Graduated
S105928,Student_5928,Male,28,Engineering,500,2.13,47.05,8,4,0.0,Graduated
S105929,Student_5929,Male,28,Computer Science,200,1.92,90.31,7,6,11.19,Dropped
S105930,Student_5930,Male,29,Education,500,3.35,87.26,20,3,9.35,Graduated
S105931,Student_5931,Male,25,Education,500,3.39,67.73,16,5,15.67,Graduated
S105932,Student_5932,Female,28,Medicine,500,2.98,65.28,16,1,3.73,Graduated
S105933,Student_5933,Female,19,Business Admin,300,3.25,84.92,10,1,22.18,In Progress
S105934,Student_5934,Male,30,Computer Science,500,3.46,72.16,18,4,11.09,In Progress
S105935,Student_5935,Male,23,Engineering,300,3.3,64.25,13,6,17.57,Graduated
S105936,Student_5936,Male,29,Engineering,100,3.39,55.1,7,1,1.59,Graduated
S105937,Student_5937,Female,22,Law,200,2.09,47.35,20,4,8.99,Graduated
S105938,Student_5938,Male,24,Business Admin,100,4.15,75.69,18,2,19.45,Graduated
S105939,Student_5939,Male,19,Engineering,500,3.23,89.56,5,7,5.95,Graduated
S105940,Student_5940,Male,19,Education,300,3.65,84.77,18,5,3.41,Graduated
S105941,Student_5941,Female,20,Engineering,200,3.41,81.78,17,0,10.17,Graduated
S105942,Student_5942,Male,19,Education,400,2.28,95.73,11,1,15.08,Graduated
S105943,Student_5943,Female,25,Education,200,2.52,63.67,16,0,8.22,In Progress
S105944,Student_5944,Female,27,Computer Science,200,2.63,48.23,9,7,9.33,Graduated
S105945,Student_5945,Female,20,Engineering,500,3.8,46.12,8,6,10.5,Graduated
S105946,Student_5946,Female,22,Computer Science,100,2.33,97.3,7,1,8.5,Dropped
S105947,Student_5947,Female,24,Business Admin,100,2.12,75.34,11,7,12.91,Graduated
S105948,Student_5948,Female,27,Education,400,3.3,88.65,6,3,3.38,Graduated
S105949,Student_5949,Male,29,Business Admin,500,4.23,72.13,15,3,3.92,In Progress
S105950,Student_5950,Male,24,Engineering,200,2.41,63.91,8,4,11.85,Graduated
S105951,Student_5951,Male,21,Business Admin,100,4.0,52.02,6,0,7.18,In Progress
S105952,Student_5952,Female,21,Business Admin,100,3.52,91.38,20,4,15.34,Graduated
S105953,Student_5953,Male,22,Engineering,300,2.7,43.81,14,2,7.94,In Progress
S105954,Student_5954,Female,26,Computer Science,200,2.07,94.01,12,7,12.62,Graduated
S105955,Student_5955,Female,23,Computer Science,500,2.76,52.3,7,4,12.88,Graduated
S105956,Student_5956,Female,29,Education,100,2.45,40.57,9,5,7.78,In Progress
S105957,Student_5957,Male,29,Education,500,3.84,46.23,15,6,9.76,In Progress
S105958,Student_5958,Female,26,Engineering,200,2.98,93.01,8,5,10.4,In Progress
S105959,Student_5959,Female,30,Engineering,200,3.34,44.42,19,4,5.01,Graduated
S105960,Student_5960,Male,23,Medicine,100,3.34,61.31,9,7,15.33,Graduated
S105961,Student_5961,Male,29,Medicine,400,2.55,55.02,8,4,7.73,Dropped
S105962,Student_5962,Female,20,Law,500,3.05,42.21,12,1,5.49,In Progress
S105963,Student_5963,Female,22,Education,500,3.7,71.89,10,1,10.71,Graduated
S105964,Student_5964,Male,23,Business Admin,300,2.95,99.9,18,2,16.6,Graduated
S105965,Student_5965,Male,21,Law,200,2.81,91.18,19,0,9.56,In Progress
S105966,Student_5966,Male,21,Law,200,3.48,50.13,17,3,9.21,Dropped
S105967,Student_5967,Female,18,Computer Science,100,2.09,93.06,5,6,10.85,In Progress
S105968,Student_5968,Male,23,Business Admin,100,1.46,67.11,9,0,8.83,Graduated
S105969,Student_5969,Male,28,Computer Science,100,3.2,56.4,5,3,5.86,Graduated
S105970,Student_5970,Male,22,Medicine,300,3.72,78.42,16,1,10.66,Graduated
S105971,Student_5971,Female,27,Law,400,4.26,53.0,7,7,8.73,Graduated
S105972,Student_5972,Male,17,Medicine,100,3.14,92.78,16,6,3.1,Graduated
S105973,Student_5973,Male,20,Business Admin,100,3.58,77.45,15,4,8.8,Graduated
S105974,Student_5974,Male,19,Business Admin,100,3.92,48.16,10,5,8.53,Graduated
S105975,Student_5975,Male,28,Education,300,3.02,74.24,13,2,9.03,In Progress
S105976,Student_5976,Male,19,Engineering,500,2.55,70.62,7,6,3.98,Graduated
S105977,Student_5977,Female,23,Computer Science,400,2.48,68.29,20,2,13.08,Graduated
S105978,Student_5978,Female,27,Education,500,2.79,61.9,16,5,15.7,Graduated
S105979,Student_5979,Female,28,Education,200,4.01,68.45,16,2,9.68,Graduated
S105980,Student_5980,Male,26,Computer Science,200,3.65,75.16,16,0,8.52,In Progress
S105981,Student_5981,Female,20,Computer Science,100,2.85,84.01,19,1,11.36,Graduated
S105982,Student_5982,Female,28,Business Admin,500,3.87,95.07,17,6,11.29,Graduated
S105983,Student_5983,Female,24,Business Admin,300,3.32,42.66,8,1,6.76,In Progress
S105984,Student_5984,Male,27,Law,400,2.85,74.16,17,4,13.22,In Progress
S105985,Student_5985,Male,25,Medicine,500,3.12,85.12,14,6,6.69,In Progress
S105986,Student_5986,Female,19,Business Admin,500,3.28,46.93,5,5,4.17,Graduated
S105987,Student_5987,Female,21,Education,400,3.1,94.69,14,5,8.89,In Progress
S105988,Student_5988,Male,20,Law,500,4.22,54.7,6,7,10.98,Graduated
S105989,Student_5989,Male,30,Law,500,2.9,90.0,17,0,8.82,In Progress
S105990,Student_5990,Female,28,Education,400,2.03,79.72,17,4,13.54,Graduated
S105991,Student_5991,Male,26,Business Admin,300,3.22,73.57,11,3,9.62,Graduated
S105992,Student_5992,Female,22,Education,400,2.8,92.15,12,1,16.36,In Progress
S105993,Student_5993,Male,27,Engineering,100,2.06,98.15,5,2,14.48,Graduated
S105994,Student_5994,Female,26,Business Admin,100,3.47,99.83,13,6,2.06,Graduated
S105995,Student_5995,Female,20,Medicine,100,0.47,81.0,10,5,7.71,Dropped
S105996,Student_5996,Male,24,Education,100,3.2,60.35,5,4,5.89,In Progress
S105997,Student_5997,Female,19,Business Admin,200,1.34,92.48,20,3,12.71,Graduated
S105998,Student_5998,Female,27,Computer Science,300,3.0,79.26,19,2,13.61,Graduated
S105999,Student_5999,Female,21,Engineering,200,3.39,59.4,8,2,13.37,Graduated
S106000,Student_6000,Male,29,Medicine,500,3.51,95.94,8,4,3.26,In Progress
S106001,Student_6001,Male,17,Business Admin,500,3.57,84.86,11,4,8.7,Dropped
S106002,Student_6002,Male,29,Computer Science,400,2.26,67.17,5,4,15.0,Graduated
S106003,Student_6003,Female,22,Business Admin,100,3.13,67.27,17,7,11.84,Graduated
S106004,Student_6004,Male,27,Computer Science,400,2.51,99.76,14,1,0.0,Graduated
S106005,Student_6005,Female,21,Medicine,500,2.47,62.42,13,7,19.21,In Progress
S106006,Student_6006,Female,24,Engineering,100,2.92,45.64,18,5,10.15,Graduated
S106007,Student_6007,Male,25,Computer Science,300,2.71,72.31,5,7,11.98,Dropped
S106008,Student_6008,Male,24,Law,500,2.27,93.09,14,5,10.01,In Progress
S106009,Student_6009,Female,24,Medicine,400,3.23,75.07,7,0,7.34,In Progress
S106010,Student_6010,Female,28,Medicine,400,3.38,87.59,5,5,1.12,In Progress
S106011,Student_6011,Male,30,Education,500,2.4,43.29,5,4,7.66,Graduated
S106012,Student_6012,Male,29,Engineering,200,2.87,80.4,8,7,12.37,Graduated
S106013,Student_6013,Male,19,Law,300,2.88,44.75,6,5,9.0,Graduated
S106014,Student_6014,Female,20,Law,500,2.89,73.38,18,1,11.86,Graduated
S106015,Student_6015,Female,27,Education,500,2.96,69.87,20,6,7.41,In Progress
S106016,Student_6016,Female,20,Computer Science,400,3.2,96.74,13,0,8.7,Graduated
S106017,Student_6017,Female,30,Computer Science,100,3.82,47.95,18,6,12.18,In Progress
S106018,Student_6018,Female,27,Law,100,3.09,40.57,5,7,9.06,Graduated
S106019,Student_6019,Male,21,Engineering,100,2.64,48.24,7,3,7.9,Graduated
S106020,Student_6020,Male,29,Computer Science,400,2.99,50.24,6,0,12.99,Graduated
S106021,Student_6021,Female,25,Medicine,100,2.26,55.05,5,7,9.56,Graduated
S106022,Student_6022,Female,28,Business Admin,500,2.37,88.91,15,7,5.71,In Progress
S106023,Student_6023,Male,25,Education,200,3.3,62.61,13,1,9.27,Graduated
S106024,Student_6024,Male,26,Engineering,200,0.81,90.45,9,1,8.01,Graduated
S106025,Student_6025,Male,29,Computer Science,200,2.85,56.32,15,5,5.23,Graduated
S106026,Student_6026,Male,28,Business Admin,100,3.65,91.63,10,0,19.88,Dropped
S106027,Student_6027,Female,30,Law,200,3.28,40.49,20,0,6.6,Graduated
S106028,Student_6028,Male,17,Education,100,3.6,96.07,12,5,11.31,In Progress
S106029,Student_6029,Female,30,Computer Science,500,3.24,84.76,11,7,8.74,Graduated
S106030,Student_6030,Male,30,Law,500,4.39,64.76,17,6,16.02,Graduated
S106031,Student_6031,Male,24,Computer Science,400,2.14,74.64,20,1,16.41,In Progress
S106032,Student_6032,Male,30,Education,400,3.08,95.98,11,1,12.47,In Progress
S106033,Student_6033,Female,17,Medicine,300,3.51,74.95,20,7,13.92,Graduated
S106034,Student_6034,Female,18,Medicine,500,2.7,53.71,13,3,1.85,In Progress
S106035,Student_6035,Male,23,Business Admin,100,3.83,74.37,7,1,16.11,Graduated
S106036,Student_6036,Female,24,Law,300,3.42,92.29,14,1,13.45,Graduated
S106037,Student_6037,Female,17,Medicine,500,1.96,99.25,19,2,6.61,Dropped
S106038,Student_6038,Male,19,Education,100,3.25,75.04,19,2,6.97,In Progress
S106039,Student_6039,Male,23,Law,500,3.43,49.34,12,7,9.21,Graduated
S106040,Student_6040,Female,29,Computer Science,500,4.14,86.31,20,2,20.62,Graduated
S106041,Student_6041,Female,25,Engineering,100,2.87,99.81,10,7,8.63,Graduated
S106042,Student_6042,Female,24,Computer Science,500,3.39,68.42,12,4,6.48,Graduated
S106043,Student_6043,Male,24,Education,500,3.18,63.02,8,5,6.51,Graduated
S106044,Student_6044,Male,25,Business Admin,500,2.61,73.15,20,4,0.43,In Progress
S106045,Student_6045,Female,26,Law,400,2.76,49.89,5,1,13.7,In Progress
S106046,Student_6046,Male,19,Computer Science,200,1.47,98.28,15,2,13.85,Graduated
S106047,Student_6047,Male,24,Law,500,2.67,90.3,20,5,0.0,Graduated
S106048,Student_6048,Female,17,Medicine,100,4.1,46.78,17,3,17.37,Dropped
S106049,Student_6049,Female,24,Engineering,500,2.88,96.7,7,3,9.08,Dropped
S106050,Student_6050,Male,29,Education,400,3.59,96.57,14,6,6.83,Graduated
S106051,Student_6051,Male,23,Computer Science,400,3.16,58.98,7,3,2.12,Graduated
S106052,Student_6052,Female,29,Engineering,500,3.3,77.15,17,1,3.5,In Progress
S106053,Student_6053,Male,24,Education,300,4.4,46.65,5,5,12.03,In Progress
S106054,Student_6054,Male,17,Education,200,2.71,45.05,18,2,14.61,Dropped
S106055,Student_6055,Female,22,Business Admin,100,2.71,70.11,17,1,4.67,Dropped
S106056,Student_6056,Female,23,Medicine,100,3.76,42.98,18,6,0.68,In Progress
S106057,Student_6057,Male,30,Business Admin,100,2.94,92.49,18,6,8.75,Dropped
S106058,Student_6058,Male,27,Business Admin,100,2.81,95.69,9,7,4.82,Graduated
S106059,Student_6059,Male,21,Law,400,3.67,44.04,17,7,10.38,Graduated
S106060,Student_6060,Female,30,Law,200,3.18,42.84,16,1,14.66,In Progress
S106061,Student_6061,Male,21,Engineering,500,2.89,53.29,20,3,4.89,Graduated
S106062,Student_6062,Male,23,Medicine,500,2.76,95.8,10,2,12.2,Graduated
S106063,Student_6063,Female,27,Education,300,2.41,86.14,13,4,15.77,Graduated
S106064,Student_6064,Female,19,Medicine,500,1.92,80.59,20,7,10.81,Graduated
S106065,Student_6065,Male,22,Medicine,200,3.78,86.58,20,7,12.35,Graduated
S106066,Student_6066,Female,23,Engineering,500,2.7,51.97,12,0,6.25,Graduated
S106067,Student_6067,Female,17,Law,400,1.81,55.4,8,1,16.49,In Progress
S106068,Student_6068,Male,28,Medicine,500,4.25,59.06,10,2,12.41,Graduated
S106069,Student_6069,Female,18,Medicine,100,3.06,76.3,7,0,4.96,In Progress
S106070,Student_6070,Female,28,Medicine,100,3.02,76.49,5,0,18.93,Graduated
S106071,Student_6071,Male,20,Computer Science,100,1.89,52.52,13,6,0.0,Graduated
S106072,Student_6072,Female,29,Medicine,100,3.41,66.2,12,4,15.52,Graduated
S106073,Student_6073,Male,24,Medicine,400,2.63,81.4,10,4,3.96,In Progress
S106074,Student_6074,Male,27,Education,400,2.63,58.58,7,7,10.24,In Progress
S106075,Student_6075,Female,29,Business Admin,400,3.29,44.53,15,1,16.04,Graduated
S106076,Student_6076,Female,30,Computer Science,500,3.08,51.84,9,1,3.2,Graduated
S106077,Student_6077,Female,26,Medicine,100,2.32,49.88,18,7,11.84,Graduated
S106078,Student_6078,Male,22,Business Admin,300,2.0,77.92,18,7,0.11,Graduated
S106079,Student_6079,Female,17,Medicine,300,3.12,44.11,13,2,8.57,Graduated
S106080,Student_6080,Male,26,Engineering,100,3.06,93.08,11,6,17.18,Graduated
S106081,Student_6081,Female,21,Engineering,200,4.82,45.06,6,4,8.95,In Progress
S106082,Student_6082,Female,23,Business Admin,500,1.43,75.87,20,5,14.63,In Progress
S106083,Student_6083,Female,29,Computer Science,300,3.1,95.77,10,6,14.09,Graduated
S106084,Student_6084,Male,22,Education,400,1.86,43.75,17,4,3.55,In Progress
S106085,Student_6085,Female,29,Computer Science,200,2.71,62.99,13,5,2.58,Graduated
S106086,Student_6086,Female,29,Computer Science,400,2.7,59.68,20,2,13.24,Graduated
S106087,Student_6087,Male,28,Engineering,200,3.38,60.65,15,5,12.12,Graduated
S106088,Student_6088,Male,25,Engineering,200,3.4,76.02,15,4,5.26,Graduated
S106089,Student_6089,Female,24,Education,500,3.96,55.73,20,3,8.41,In Progress
S106090,Student_6090,Female,20,Medicine,400,3.17,41.64,14,0,11.13,In Progress
S106091,Student_6091,Female,29,Education,400,3.69,97.74,5,3,6.61,Graduated
S106092,Student_6092,Male,27,Medicine,300,3.96,84.93,16,7,14.67,Graduated
S106093,Student_6093,Male,28,Business Admin,100,3.18,48.11,9,0,9.98,Graduated
S106094,Student_6094,Male,21,Business Admin,100,3.82,67.31,13,7,9.0,Graduated
S106095,Student_6095,Male,23,Law,300,3.15,43.76,16,5,8.03,Graduated
S106096,Student_6096,Female,24,Engineering,200,3.0,41.67,7,2,12.36,Graduated
S106097,Student_6097,Male,21,Law,300,2.55,42.85,7,2,9.44,Dropped
S106098,Student_6098,Male,25,Law,300,3.27,85.35,16,0,0.6,Graduated
S106099,Student_6099,Male,30,Engineering,400,3.24,66.7,16,0,19.03,In Progress
S106100,Student_6100,Female,26,Law,300,3.25,90.66,14,0,0.0,Graduated
S106101,Student_6101,Female,28,Computer Science,200,3.8,58.31,20,0,16.98,Graduated
S106102,Student_6102,Male,20,Medicine,100,3.63,86.52,13,1,5.63,Dropped
S106103,Student_6103,Male,20,Education,500,1.97,44.68,7,4,7.15,Graduated
S106104,Student_6104,Female,29,Engineering,300,1.98,78.11,17,4,19.35,Graduated
S106105,Student_6105,Female,24,Computer Science,300,3.09,61.64,15,2,0.0,In Progress
S106106,Student_6106,Female,17,Business Admin,400,2.32,56.6,13,1,9.45,In Progress
S106107,Student_6107,Female,24,Education,400,2.93,88.91,20,0,16.59,Graduated
S106108,Student_6108,Female,21,Education,300,2.36,43.12,16,1,6.91,Dropped
S106109,Student_6109,Female,29,Education,300,3.07,96.97,14,0,11.8,Dropped
S106110,Student_6110,Female,30,Law,200,2.29,87.13,19,5,15.73,Dropped
S106111,Student_6111,Female,27,Law,100,3.28,61.34,20,4,9.38,Graduated
S106112,Student_6112,Male,17,Law,100,2.25,99.48,7,0,16.89,Graduated
S106113,Student_6113,Male,20,Law,500,3.1,52.15,12,5,9.81,In Progress
S106114,Student_6114,Male,18,Computer Science,100,1.82,64.14,14,4,7.17,Graduated
S106115,Student_6115,Male,20,Law,500,2.21,93.09,20,0,12.29,In Progress
S106116,Student_6116,Male,24,Engineering,400,3.49,99.81,16,5,15.72,In Progress
S106117,Student_6117,Male,21,Education,500,3.9,54.35,18,6,6.3,Dropped
S106118,Student_6118,Female,17,Computer Science,500,3.64,84.59,13,7,8.68,In Progress
S106119,Student_6119,Female,23,Business Admin,100,3.53,58.34,7,2,4.16,In Progress
S106120,Student_6120,Male,17,Law,300,4.04,85.99,5,4,8.06,Dropped
S106121,Student_6121,Male,25,Business Admin,400,3.68,47.52,17,5,7.34,Graduated
S106122,Student_6122,Female,19,Education,200,1.93,60.17,13,2,11.28,Graduated
S106123,Student_6123,Female,28,Computer Science,500,3.67,44.5,11,1,0.94,In Progress
S106124,Student_6124,Female,19,Education,500,3.66,69.51,10,6,8.94,In Progress
S106125,Student_6125,Male,22,Business Admin,500,1.69,82.09,16,7,13.81,Dropped
S106126,Student_6126,Female,26,Computer Science,300,2.53,62.72,8,0,12.29,Graduated
S106127,Student_6127,Male,22,Medicine,200,4.11,76.88,9,1,14.11,Graduated
S106128,Student_6128,Male,29,Computer Science,100,2.91,74.15,11,0,13.51,Graduated
S106129,Student_6129,Female,27,Law,400,2.2,57.68,13,4,13.75,Graduated
S106130,Student_6130,Female,27,Business Admin,300,3.6,69.21,10,7,4.84,Graduated
S106131,Student_6131,Male,22,Education,200,2.81,44.14,16,7,6.13,Graduated
S106132,Student_6132,Female,29,Education,400,2.73,67.59,8,0,14.18,In Progress
S106133,Student_6133,Female,17,Education,100,3.61,67.49,16,5,0.0,Graduated
S106134,Student_6134,Male,21,Engineering,400,3.28,41.72,8,3,0.97,Dropped
S106135,Student_6135,Female,28,Engineering,500,2.92,70.83,14,3,8.43,Graduated
S106136,Student_6136,Male,22,Law,500,3.23,84.26,19,3,9.67,In Progress
S106137,Student_6137,Male,24,Medicine,300,2.88,67.14,7,2,7.03,Graduated
S106138,Student_6138,Female,29,Engineering,400,3.64,78.76,6,3,0.66,Graduated
S106139,Student_6139,Male,17,Computer Science,500,2.01,71.95,8,0,15.66,Graduated
S106140,Student_6140,Male,21,Business Admin,300,2.87,87.11,19,1,6.67,Dropped
S106141,Student_6141,Female,19,Law,300,2.71,70.87,10,2,2.72,In Progress
S106142,Student_6142,Female,18,Medicine,300,3.21,59.9,5,7,0.0,Dropped
S106143,Student_6143,Female,27,Computer Science,100,2.21,89.65,6,4,14.21,Graduated
S106144,Student_6144,Male,24,Education,500,4.05,44.06,12,6,9.53,Graduated
S106145,Student_6145,Male,23,Engineering,500,2.48,57.37,20,2,5.54,Graduated
S106146,Student_6146,Female,26,Computer Science,200,3.74,75.49,20,5,14.14,Graduated
S106147,Student_6147,Male,23,Medicine,100,3.42,91.36,17,7,12.85,Graduated
S106148,Student_6148,Female,21,Law,500,3.15,44.33,7,5,10.71,Graduated
S106149,Student_6149,Female,28,Computer Science,500,3.17,45.76,20,1,9.91,Graduated
S106150,Student_6150,Male,29,Law,200,1.7,56.94,5,6,7.83,Graduated
S106151,Student_6151,Female,25,Education,400,2.65,60.67,6,3,12.61,Graduated
S106152,Student_6152,Male,21,Medicine,400,5.0,90.61,7,6,0.86,Graduated
S106153,Student_6153,Male,18,Medicine,100,3.15,97.53,19,1,8.07,Dropped
S106154,Student_6154,Female,19,Engineering,300,3.29,41.03,18,2,2.52,Graduated
S106155,Student_6155,Male,20,Business Admin,200,1.66,40.92,19,2,11.36,In Progress
S106156,Student_6156,Female,21,Medicine,200,2.83,91.89,6,2,14.3,Graduated
S106157,Student_6157,Male,29,Computer Science,500,2.75,48.14,17,1,10.2,Graduated
S106158,Student_6158,Male,19,Computer Science,500,2.48,60.36,8,0,8.81,Graduated
S106159,Student_6159,Male,28,Computer Science,200,3.4,56.51,17,0,2.4,Graduated
S106160,Student_6160,Female,30,Education,300,2.7,56.91,8,5,11.65,In Progress
S106161,Student_6161,Male,23,Medicine,400,2.49,59.72,15,3,14.18,Graduated
S106162,Student_6162,Female,21,Medicine,100,1.97,60.16,14,6,9.37,Graduated
S106163,Student_6163,Male,21,Computer Science,400,2.23,77.21,6,5,6.98,In Progress
S106164,Student_6164,Male,22,Engineering,100,2.31,77.73,17,4,5.34,In Progress
S106165,Student_6165,Female,23,Engineering,300,2.76,71.37,5,1,15.86,Graduated
S106166,Student_6166,Female,26,Medicine,200,2.65,91.51,7,0,19.27,Graduated
S106167,Student_6167,Female,26,Medicine,300,2.56,90.74,18,3,9.67,Graduated
S106168,Student_6168,Female,24,Law,200,1.82,53.03,8,4,9.63,In Progress
S106169,Student_6169,Female,25,Medicine,500,2.3,72.62,19,3,11.03,In Progress
S106170,Student_6170,Male,27,Computer Science,100,3.09,87.03,15,7,14.29,In Progress
S106171,Student_6171,Male,20,Business Admin,500,4.02,92.01,19,3,14.23,Graduated
S106172,Student_6172,Female,21,Education,200,4.12,55.31,10,5,16.71,In Progress
S106173,Student_6173,Male,21,Medicine,100,4.4,69.65,9,5,10.91,Graduated
S106174,Student_6174,Male,24,Medicine,100,3.18,71.5,18,7,21.15,Dropped
S106175,Student_6175,Male,25,Computer Science,500,2.96,81.98,20,4,13.22,Graduated
S106176,Student_6176,Female,23,Law,100,3.44,59.82,6,6,9.56,Graduated
S106177,Student_6177,Male,21,Business Admin,200,2.75,57.61,8,2,16.24,Graduated
S106178,Student_6178,Male,19,Medicine,200,3.56,82.34,16,0,22.58,Graduated
S106179,Student_6179,Male,17,Engineering,500,2.89,63.96,20,6,6.95,Graduated
S106180,Student_6180,Female,27,Engineering,300,3.19,40.24,10,0,8.48,In Progress
S106181,Student_6181,Male,25,Engineering,200,2.49,96.27,16,4,11.24,Graduated
S106182,Student_6182,Male,21,Education,200,3.68,48.98,8,7,6.25,In Progress
S106183,Student_6183,Female,25,Education,100,2.31,48.92,15,0,14.95,Graduated
S106184,Student_6184,Female,26,Business Admin,100,2.55,89.1,15,1,8.1,Graduated
S106185,Student_6185,Male,28,Medicine,200,2.76,60.13,18,1,7.65,In Progress
S106186,Student_6186,Male,29,Medicine,500,2.41,59.69,19,1,12.74,Graduated
S106187,Student_6187,Female,30,Medicine,300,3.4,77.34,11,4,18.74,Graduated
S106188,Student_6188,Female,20,Education,100,3.09,43.54,17,5,4.38,In Progress
S106189,Student_6189,Female,21,Business Admin,100,2.32,54.22,10,3,4.05,In Progress
S106190,Student_6190,Female,20,Medicine,300,2.64,43.2,10,3,10.45,Dropped
S106191,Student_6191,Female,18,Computer Science,100,3.1,57.49,19,2,2.65,In Progress
S106192,Student_6192,Female,28,Law,500,3.15,92.2,14,2,6.87,Dropped
S106193,Student_6193,Female,17,Engineering,100,2.33,94.56,18,7,9.25,Dropped
S106194,Student_6194,Male,24,Engineering,100,3.01,58.57,18,1,14.89,In Progress
S106195,Student_6195,Female,20,Computer Science,200,3.44,51.26,6,7,3.37,Graduated
S106196,Student_6196,Female,21,Medicine,500,2.79,48.12,15,1,8.81,Graduated
S106197,Student_6197,Male,22,Business Admin,500,2.28,63.67,17,4,6.41,Graduated
S106198,Student_6198,Female,30,Business Admin,200,3.93,89.58,11,1,5.44,Dropped
S106199,Student_6199,Female,24,Education,400,3.44,91.16,13,1,10.87,Graduated
S106200,Student_6200,Male,27,Medicine,300,2.71,42.76,10,1,12.34,Graduated
S106201,Student_6201,Female,24,Business Admin,500,3.07,52.55,12,0,9.37,In Progress
S106202,Student_6202,Male,23,Medicine,400,2.75,52.19,10,3,11.98,In Progress
S106203,Student_6203,Male,20,Engineering,300,2.31,89.71,10,6,4.49,Graduated
S106204,Student_6204,Male,22,Engineering,500,3.48,67.38,8,0,12.46,In Progress
S106205,Student_6205,Male,20,Education,100,4.17,62.1,10,5,13.02,Graduated
S106206,Student_6206,Female,30,Engineering,500,3.63,97.4,14,1,13.19,In Progress
S106207,Student_6207,Male,23,Medicine,300,3.17,95.52,8,6,0.0,Graduated
S106208,Student_6208,Male,28,Computer Science,400,2.78,66.41,14,1,13.54,In Progress
S106209,Student_6209,Female,29,Education,100,1.14,47.7,10,7,12.33,Graduated
S106210,Student_6210,Male,28,Computer Science,300,4.1,50.26,5,0,16.03,Graduated
S106211,Student_6211,Male,29,Medicine,300,2.53,46.73,11,0,4.24,In Progress
S106212,Student_6212,Male,29,Education,500,3.58,80.83,18,4,11.64,Graduated
S106213,Student_6213,Male,27,Computer Science,200,3.66,73.28,6,4,8.14,Graduated
S106214,Student_6214,Female,30,Education,200,3.64,73.4,10,7,1.34,Dropped
S106215,Student_6215,Male,17,Medicine,100,2.02,45.9,13,7,10.46,Graduated
S106216,Student_6216,Female,21,Business Admin,300,3.69,87.6,14,1,0.74,Dropped
S106217,Student_6217,Female,30,Education,400,2.67,72.13,7,0,8.65,Graduated
S106218,Student_6218,Male,26,Business Admin,100,2.94,45.46,8,5,9.21,Graduated
S106219,Student_6219,Male,28,Medicine,100,2.92,84.83,9,4,6.75,Graduated
S106220,Student_6220,Male,26,Education,500,2.57,98.88,12,7,11.18,Graduated
S106221,Student_6221,Male,20,Education,400,2.79,66.47,17,6,2.94,Graduated
S106222,Student_6222,Female,27,Business Admin,300,3.1,46.94,14,2,5.6,In Progress
S106223,Student_6223,Female,23,Engineering,300,2.34,46.08,17,0,18.39,Graduated
S106224,Student_6224,Female,29,Business Admin,300,1.86,41.55,10,3,7.15,Graduated
S106225,Student_6225,Male,25,Business Admin,100,3.63,86.22,16,6,7.26,Graduated
S106226,Student_6226,Female,21,Business Admin,500,3.2,81.64,12,2,5.75,Graduated
S106227,Student_6227,Male,20,Medicine,100,1.7,75.05,7,2,15.13,Graduated
S106228,Student_6228,Male,25,Law,200,3.28,85.94,7,7,11.94,Graduated
S106229,Student_6229,Male,21,Business Admin,200,2.87,99.96,13,6,4.68,In Progress
S106230,Student_6230,Male,25,Education,300,2.09,64.11,17,5,11.21,Graduated
S106231,Student_6231,Male,24,Computer Science,500,2.62,82.35,10,0,15.25,Graduated
S106232,Student_6232,Female,20,Engineering,300,3.26,62.63,12,6,13.05,Dropped
S106233,Student_6233,Female,27,Business Admin,300,2.31,61.12,8,7,14.3,Graduated
S106234,Student_6234,Male,27,Business Admin,100,2.29,91.06,9,5,18.28,Graduated
S106235,Student_6235,Female,23,Engineering,300,2.6,74.49,16,6,3.67,Graduated
S106236,Student_6236,Male,21,Business Admin,300,2.34,47.24,19,1,12.47,Graduated
S106237,Student_6237,Male,26,Education,500,2.23,64.21,13,3,6.17,Graduated
S106238,Student_6238,Male,20,Law,500,2.22,87.79,11,4,5.94,In Progress
S106239,Student_6239,Female,21,Business Admin,500,3.3,96.4,18,5,10.8,In Progress
S106240,Student_6240,Male,21,Engineering,300,2.37,76.87,19,4,4.68,Graduated
S106241,Student_6241,Male,27,Business Admin,500,3.76,63.65,9,7,9.11,Graduated
S106242,Student_6242,Female,25,Medicine,500,4.51,55.12,11,1,16.5,Graduated
S106243,Student_6243,Female,28,Education,400,2.89,65.32,15,3,14.0,Graduated
S106244,Student_6244,Female,25,Education,400,4.41,73.94,13,5,3.38,In Progress
S106245,Student_6245,Male,22,Law,200,3.38,40.27,18,7,2.19,In Progress
S106246,Student_6246,Male,30,Medicine,100,3.11,56.12,19,3,8.8,Dropped
S106247,Student_6247,Female,20,Medicine,100,2.96,80.29,17,2,6.89,In Progress
S106248,Student_6248,Male,18,Law,500,1.63,80.39,7,2,12.79,Dropped
S106249,Student_6249,Female,30,Computer Science,200,2.68,79.18,7,3,4.74,Graduated
S106250,Student_6250,Female,19,Business Admin,200,2.21,97.0,8,5,11.19,Graduated
S106251,Student_6251,Male,18,Medicine,400,3.61,74.11,15,5,11.95,Graduated
S106252,Student_6252,Male,21,Computer Science,200,4.2,56.18,14,5,9.52,Graduated
S106253,Student_6253,Female,22,Computer Science,300,3.15,88.7,11,7,10.26,Dropped
S106254,Student_6254,Female,27,Education,500,3.18,63.36,9,0,19.73,In Progress
S106255,Student_6255,Female,21,Business Admin,300,3.67,54.36,9,5,9.2,In Progress
S106256,Student_6256,Female,18,Education,100,3.08,73.4,8,0,14.19,Graduated
S106257,Student_6257,Male,28,Engineering,400,3.84,57.34,12,0,4.37,Dropped
S106258,Student_6258,Female,21,Education,300,4.66,63.77,7,3,6.93,Dropped
S106259,Student_6259,Female,25,Medicine,500,4.01,81.59,16,4,5.81,Dropped
S106260,Student_6260,Female,20,Medicine,300,2.56,99.76,6,0,14.72,Graduated
S106261,Student_6261,Male,28,Business Admin,300,3.59,78.68,8,4,12.3,Graduated
S106262,Student_6262,Male,26,Computer Science,200,2.53,56.59,17,0,14.02,Graduated
S106263,Student_6263,Female,18,Medicine,400,2.85,45.43,12,3,9.57,Graduated
S106264,Student_6264,Male,19,Education,100,4.15,61.72,18,7,2.04,In Progress
S106265,Student_6265,Male,19,Education,500,2.3,41.16,18,0,12.49,Dropped
S106266,Student_6266,Male,25,Business Admin,500,2.72,67.89,20,7,11.61,Graduated
S106267,Student_6267,Female,20,Education,100,3.8,79.6,8,5,15.58,Graduated
S106268,Student_6268,Female,17,Law,500,2.4,70.71,12,4,12.8,Graduated
S106269,Student_6269,Male,17,Business Admin,200,1.66,91.92,9,1,10.87,Graduated
S106270,Student_6270,Female,23,Business Admin,300,1.96,69.64,13,5,12.13,Graduated
S106271,Student_6271,Female,23,Medicine,200,2.57,67.74,6,4,14.49,Graduated
S106272,Student_6272,Male,18,Business Admin,200,2.97,58.58,12,1,14.24,Graduated
S106273,Student_6273,Male,25,Engineering,200,2.79,90.26,11,7,7.8,Graduated
S106274,Student_6274,Female,25,Medicine,100,2.64,94.22,6,5,2.93,Graduated
S106275,Student_6275,Male,21,Medicine,400,3.05,98.68,9,4,13.56,In Progress
S106276,Student_6276,Female,19,Law,100,2.65,98.87,10,5,10.05,Graduated
S106277,Student_6277,Female,19,Medicine,100,2.51,98.83,13,7,8.95,In Progress
S106278,Student_6278,Male,28,Computer Science,200,3.16,82.72,15,5,15.35,Dropped
S106279,Student_6279,Female,19,Education,400,3.08,73.76,16,7,8.85,In Progress
S106280,Student_6280,Female,22,Education,100,3.71,50.34,12,6,12.11,In Progress
S106281,Student_6281,Male,20,Business Admin,400,4.41,86.02,20,6,16.79,In Progress
S106282,Student_6282,Male,24,Law,200,1.52,84.09,19,0,12.33,In Progress
S106283,Student_6283,Male,29,Education,100,3.36,90.54,11,0,6.4,Graduated
S106284,Student_6284,Female,27,Computer Science,400,3.11,67.75,15,4,8.38,Graduated
S106285,Student_6285,Male,29,Law,500,3.89,93.55,19,0,10.32,Dropped
S106286,Student_6286,Male,27,Engineering,100,2.64,83.12,5,0,13.22,Graduated
S106287,Student_6287,Male,27,Education,100,2.74,50.27,14,3,12.54,Graduated
S106288,Student_6288,Male,21,Medicine,100,2.1,52.41,7,2,6.91,Graduated
S106289,Student_6289,Female,17,Computer Science,400,3.72,88.86,5,2,12.62,In Progress
S106290,Student_6290,Female,25,Computer Science,300,3.1,65.54,14,5,26.97,Graduated
S106291,Student_6291,Male,17,Education,100,3.79,54.94,10,6,11.56,In Progress
S106292,Student_6292,Female,22,Business Admin,500,2.7,65.35,7,4,7.27,Graduated
S106293,Student_6293,Male,17,Engineering,500,2.53,49.68,19,7,16.29,Graduated
S106294,Student_6294,Male,19,Medicine,200,3.51,93.5,18,7,6.48,In Progress
S106295,Student_6295,Female,26,Engineering,300,2.76,44.29,6,7,16.94,Dropped
S106296,Student_6296,Female,21,Engineering,300,3.44,61.19,17,2,9.15,In Progress
S106297,Student_6297,Male,26,Education,400,3.36,73.42,19,1,13.03,Graduated
S106298,Student_6298,Male,23,Medicine,200,3.07,92.42,14,4,7.06,Graduated
S106299,Student_6299,Female,30,Education,400,2.57,86.89,6,7,12.27,In Progress
S106300,Student_6300,Male,26,Education,200,3.25,41.35,12,7,11.76,Graduated
S106301,Student_6301,Female,24,Business Admin,300,2.47,89.51,19,4,15.14,Graduated
S106302,Student_6302,Male,28,Computer Science,400,3.07,78.29,5,1,8.27,In Progress
S106303,Student_6303,Male,25,Business Admin,200,4.18,48.0,13,2,16.49,Graduated
S106304,Student_6304,Female,22,Business Admin,300,3.87,77.05,16,1,12.23,Dropped
S106305,Student_6305,Female,27,Education,300,2.64,89.07,11,0,0.0,Graduated
S106306,Student_6306,Female,25,Business Admin,100,3.19,76.13,5,4,11.53,In Progress
S106307,Student_6307,Female,24,Business Admin,400,2.62,99.95,20,3,0.0,Graduated
S106308,Student_6308,Female,25,Law,100,3.2,70.42,9,6,3.29,Graduated
S106309,Student_6309,Female,26,Medicine,300,2.36,80.39,9,1,8.47,Graduated
S106310,Student_6310,Female,20,Computer Science,400,2.54,44.22,20,6,1.13,In Progress
S106311,Student_6311,Male,25,Medicine,400,4.31,88.79,18,4,6.05,Graduated
S106312,Student_6312,Male,23,Computer Science,500,3.09,77.45,6,7,9.43,In Progress
S106313,Student_6313,Male,21,Law,200,2.69,73.67,5,7,9.48,Graduated
S106314,Student_6314,Female,21,Education,500,1.51,82.53,11,5,5.26,Graduated
S106315,Student_6315,Female,17,Computer Science,500,3.12,73.63,19,5,10.61,Graduated
S106316,Student_6316,Female,18,Computer Science,300,4.53,85.99,19,6,16.76,Dropped
S106317,Student_6317,Male,26,Computer Science,200,2.6,75.01,16,4,9.49,Graduated
S106318,Student_6318,Female,19,Law,500,2.73,71.2,13,1,7.3,In Progress
S106319,Student_6319,Female,30,Medicine,500,3.03,48.1,12,6,11.89,In Progress
S106320,Student_6320,Male,30,Law,400,2.56,68.31,11,3,4.81,Graduated
S106321,Student_6321,Female,24,Computer Science,300,4.55,72.29,8,4,15.36,Graduated
S106322,Student_6322,Male,22,Business Admin,500,3.69,77.47,14,7,15.96,Graduated
S106323,Student_6323,Male,28,Computer Science,200,3.49,67.35,11,0,19.65,Dropped
S106324,Student_6324,Female,26,Business Admin,100,4.48,48.8,19,0,12.5,Graduated
S106325,Student_6325,Female,27,Education,100,4.19,49.02,18,6,4.73,Graduated
S106326,Student_6326,Female,29,Law,300,3.06,83.26,18,7,15.06,Graduated
S106327,Student_6327,Male,30,Business Admin,100,2.8,79.69,17,0,2.07,Graduated
S106328,Student_6328,Male,21,Law,400,2.8,55.57,12,3,16.04,In Progress
S106329,Student_6329,Male,29,Engineering,400,2.62,66.75,13,2,10.73,Graduated
S106330,Student_6330,Female,17,Medicine,200,2.85,58.42,13,0,7.52,Graduated
S106331,Student_6331,Female,28,Engineering,300,2.64,50.86,9,6,7.96,Graduated
S106332,Student_6332,Female,27,Business Admin,300,2.21,59.57,9,6,9.11,In Progress
S106333,Student_6333,Female,28,Engineering,100,1.31,55.76,10,1,15.68,In Progress
S106334,Student_6334,Male,25,Medicine,500,3.73,44.95,18,7,0.76,Graduated
S106335,Student_6335,Male,19,Business Admin,500,1.14,70.27,20,2,12.05,Graduated
S106336,Student_6336,Male,19,Education,500,3.25,67.05,20,1,14.01,Graduated
S106337,Student_6337,Male,18,Education,200,3.68,82.88,12,3,4.57,In Progress
S106338,Student_6338,Female,20,Medicine,300,3.31,77.22,18,0,18.73,Graduated
S106339,Student_6339,Female,28,Medicine,100,2.9,60.6,7,4,16.05,In Progress
S106340,Student_6340,Female,18,Business Admin,200,3.15,69.78,7,6,6.54,Graduated
S106341,Student_6341,Male,29,Law,400,2.7,72.16,20,0,11.14,Graduated
S106342,Student_6342,Male,25,Business Admin,400,2.94,95.05,15,3,5.2,Graduated
S106343,Student_6343,Female,28,Law,400,2.78,98.9,9,0,8.08,Graduated
S106344,Student_6344,Female,26,Law,300,2.52,88.93,20,6,2.22,Graduated
S106345,Student_6345,Male,23,Law,400,3.83,73.73,15,7,10.27,Graduated
S106346,Student_6346,Female,24,Business Admin,500,3.61,95.69,5,0,3.7,Dropped
S106347,Student_6347,Male,19,Computer Science,400,2.9,50.69,9,0,5.06,In Progress
S106348,Student_6348,Male,22,Computer Science,200,3.03,81.79,13,3,12.19,Graduated
S106349,Student_6349,Male,26,Education,400,2.48,67.63,9,7,11.58,Graduated
S106350,Student_6350,Female,22,Computer Science,500,3.25,48.68,11,0,5.48,Graduated
S106351,Student_6351,Female,29,Computer Science,400,2.93,44.51,14,5,2.62,Graduated
S106352,Student_6352,Male,17,Law,100,2.77,68.84,13,4,12.86,Graduated
S106353,Student_6353,Female,22,Law,500,3.18,54.34,12,7,13.48,Graduated
S106354,Student_6354,Male,29,Medicine,300,3.06,55.03,19,7,15.13,In Progress
S106355,Student_6355,Male,30,Law,400,2.41,59.21,9,6,15.15,Graduated
S106356,Student_6356,Male,19,Business Admin,200,3.63,83.1,16,6,11.77,Graduated
S106357,Student_6357,Male,27,Medicine,400,3.69,49.85,17,4,9.18,In Progress
S106358,Student_6358,Female,19,Medicine,200,2.52,83.05,6,2,7.2,In Progress
S106359,Student_6359,Male,19,Computer Science,100,5.0,86.96,9,7,13.0,In Progress
S106360,Student_6360,Male,26,Law,300,2.34,75.67,14,2,5.29,In Progress
S106361,Student_6361,Female,27,Computer Science,500,3.43,54.85,12,2,12.21,In Progress
S106362,Student_6362,Male,27,Law,500,3.39,43.09,15,2,1.61,Graduated
S106363,Student_6363,Male,26,Computer Science,300,3.5,64.48,5,7,13.09,Graduated
S106364,Student_6364,Female,27,Computer Science,100,4.2,90.85,14,4,11.14,Graduated
S106365,Student_6365,Female,24,Computer Science,100,2.81,46.11,8,7,5.64,Graduated
S106366,Student_6366,Female,29,Business Admin,400,3.03,84.69,5,2,9.6,Graduated
S106367,Student_6367,Male,21,Education,100,3.3,68.07,9,1,9.44,Graduated
S106368,Student_6368,Female,20,Computer Science,400,1.82,93.93,17,5,18.46,Graduated
S106369,Student_6369,Female,29,Engineering,200,3.09,61.37,6,3,8.7,In Progress
S106370,Student_6370,Male,25,Engineering,300,3.28,82.28,19,5,11.46,Dropped
S106371,Student_6371,Male,25,Engineering,200,2.5,84.41,16,3,12.53,Dropped
S106372,Student_6372,Male,17,Business Admin,200,4.53,51.92,6,4,8.66,In Progress
S106373,Student_6373,Male,18,Medicine,200,3.18,49.49,11,7,17.6,Graduated
S106374,Student_6374,Male,24,Computer Science,200,2.48,45.56,8,3,10.6,Graduated
S106375,Student_6375,Female,21,Engineering,500,2.6,82.09,18,3,0.0,In Progress
S106376,Student_6376,Female,23,Business Admin,100,2.45,72.89,6,6,10.17,In Progress
S106377,Student_6377,Female,17,Medicine,300,2.47,45.2,15,0,20.99,In Progress
S106378,Student_6378,Male,28,Engineering,300,3.24,58.5,20,7,7.5,Graduated
S106379,Student_6379,Male,26,Law,200,3.3,48.54,7,2,12.11,In Progress
S106380,Student_6380,Male,28,Education,300,3.32,45.56,7,6,6.7,Graduated
S106381,Student_6381,Female,21,Computer Science,400,3.47,57.93,6,2,9.21,In Progress
S106382,Student_6382,Female,27,Education,300,3.3,45.78,11,6,15.77,Graduated
S106383,Student_6383,Male,28,Education,200,4.52,55.61,5,6,13.85,Graduated
S106384,Student_6384,Female,19,Law,300,3.63,73.16,17,0,11.64,In Progress
S106385,Student_6385,Male,26,Law,100,2.28,73.65,13,4,10.6,In Progress
S106386,Student_6386,Female,28,Law,200,3.02,50.08,9,1,9.31,Graduated
S106387,Student_6387,Female,28,Medicine,500,2.21,51.46,8,4,11.3,Graduated
S106388,Student_6388,Female,30,Engineering,100,3.02,91.3,7,1,15.7,Graduated
S106389,Student_6389,Male,18,Computer Science,300,2.02,50.02,7,1,10.04,In Progress
S106390,Student_6390,Female,18,Law,500,2.84,42.74,17,6,11.54,In Progress
S106391,Student_6391,Female,25,Business Admin,100,2.92,54.69,20,0,4.35,In Progress
S106392,Student_6392,Male,29,Computer Science,400,2.06,74.59,7,4,5.8,In Progress
S106393,Student_6393,Female,20,Computer Science,100,3.01,40.43,5,2,16.99,Dropped
S106394,Student_6394,Male,20,Computer Science,500,2.74,99.1,6,7,14.19,Dropped
S106395,Student_6395,Male,23,Law,400,2.23,53.82,15,6,12.52,In Progress
S106396,Student_6396,Male,26,Law,300,3.65,54.29,18,5,15.53,Graduated
S106397,Student_6397,Male,26,Engineering,200,2.76,84.32,19,4,11.6,Graduated
S106398,Student_6398,Male,29,Law,300,3.79,54.89,11,4,11.49,In Progress
S106399,Student_6399,Female,18,Law,200,3.14,63.77,7,5,8.25,Graduated
S106400,Student_6400,Male,19,Computer Science,200,2.73,72.64,10,1,11.27,Graduated
S106401,Student_6401,Male,19,Engineering,500,2.32,41.31,8,1,4.63,In Progress
S106402,Student_6402,Male,22,Education,400,2.18,90.24,14,2,5.46,In Progress
S106403,Student_6403,Male,19,Law,400,3.13,70.72,9,7,6.0,Graduated
S106404,Student_6404,Female,27,Business Admin,100,3.26,58.78,12,5,18.15,Graduated
S106405,Student_6405,Male,21,Law,300,2.41,63.99,6,5,9.96,Graduated
S106406,Student_6406,Female,20,Education,500,2.15,43.35,14,2,11.79,Graduated
S106407,Student_6407,Male,19,Computer Science,300,3.49,83.08,9,5,6.93,In Progress
S106408,Student_6408,Female,24,Engineering,100,3.52,72.37,6,1,9.2,In Progress
S106409,Student_6409,Male,30,Computer Science,100,2.42,94.84,16,4,7.5,Dropped
S106410,Student_6410,Male,26,Medicine,500,2.87,67.85,18,1,3.78,Graduated
S106411,Student_6411,Female,19,Law,100,3.36,89.7,20,3,6.01,Graduated
S106412,Student_6412,Male,22,Business Admin,500,2.23,51.3,13,3,1.94,Graduated
S106413,Student_6413,Female,29,Medicine,100,2.39,43.39,20,1,11.02,Dropped
S106414,Student_6414,Male,23,Law,400,3.57,96.91,6,2,14.84,Graduated
S106415,Student_6415,Female,23,Medicine,500,2.38,55.42,5,1,8.22,Graduated
S106416,Student_6416,Male,18,Education,400,3.05,90.02,8,4,12.49,In Progress
S106417,Student_6417,Male,30,Law,400,3.07,55.44,16,3,8.62,In Progress
S106418,Student_6418,Female,19,Business Admin,500,2.16,49.35,11,0,14.3,In Progress
S106419,Student_6419,Male,28,Law,300,3.69,83.95,19,2,9.27,In Progress
S106420,Student_6420,Male,26,Medicine,200,1.91,86.7,6,0,17.35,Dropped
S106421,Student_6421,Male,26,Engineering,100,3.19,90.62,15,2,8.01,Graduated
S106422,Student_6422,Male,20,Medicine,100,2.68,91.89,14,7,18.3,In Progress
S106423,Student_6423,Male,23,Law,300,3.07,68.99,13,0,3.14,Dropped
S106424,Student_6424,Male,18,Law,200,2.84,64.01,16,0,10.63,Graduated
S106425,Student_6425,Female,19,Engineering,300,2.21,85.06,5,5,7.15,In Progress
S106426,Student_6426,Female,23,Computer Science,200,2.79,74.16,5,6,12.37,In Progress
S106427,Student_6427,Female,23,Engineering,500,3.33,97.92,19,1,3.84,Graduated
S106428,Student_6428,Male,26,Computer Science,500,2.83,62.55,12,2,5.09,In Progress
S106429,Student_6429,Female,19,Business Admin,400,2.67,42.57,9,5,6.59,Dropped
S106430,Student_6430,Male,28,Law,400,1.61,75.36,16,3,6.06,Graduated
S106431,Student_6431,Male,17,Education,500,2.38,61.21,16,0,8.56,Graduated
S106432,Student_6432,Male,28,Education,400,2.48,60.56,13,1,1.3,Graduated
S106433,Student_6433,Male,19,Medicine,500,3.59,73.87,12,4,12.18,In Progress
S106434,Student_6434,Female,21,Engineering,300,2.73,95.31,10,2,13.4,In Progress
S106435,Student_6435,Male,23,Engineering,100,3.35,56.02,8,2,0.0,Dropped
S106436,Student_6436,Female,20,Education,500,2.46,62.78,18,7,14.67,In Progress
S106437,Student_6437,Male,29,Computer Science,500,1.55,93.47,10,3,4.82,In Progress
S106438,Student_6438,Female,29,Engineering,500,3.69,93.71,6,0,7.42,Dropped
S106439,Student_6439,Female,27,Computer Science,400,2.46,54.08,9,1,9.86,In Progress
S106440,Student_6440,Female,27,Computer Science,400,3.65,82.38,14,7,8.03,Graduated
S106441,Student_6441,Female,17,Computer Science,400,2.85,64.93,20,0,4.86,Graduated
S106442,Student_6442,Female,22,Computer Science,400,3.97,96.16,19,1,6.62,Graduated
S106443,Student_6443,Female,18,Medicine,300,5.0,83.93,7,3,9.38,Graduated
S106444,Student_6444,Male,28,Medicine,500,3.31,69.66,7,0,8.23,In Progress
S106445,Student_6445,Female,19,Education,300,2.04,89.04,18,4,7.18,Graduated
S106446,Student_6446,Male,20,Medicine,400,3.38,99.87,5,7,7.77,Graduated
S106447,Student_6447,Female,22,Business Admin,300,3.26,66.82,18,3,12.59,Dropped
S106448,Student_6448,Male,22,Engineering,500,2.14,62.41,15,3,9.84,Graduated
S106449,Student_6449,Female,23,Business Admin,500,2.54,76.42,12,2,2.23,Graduated
S106450,Student_6450,Female,21,Medicine,400,2.69,80.98,14,1,10.35,In Progress
S106451,Student_6451,Male,23,Engineering,500,3.25,82.27,7,7,14.91,In Progress
S106452,Student_6452,Female,18,Engineering,300,2.36,68.41,20,5,11.01,Graduated
S106453,Student_6453,Female,17,Computer Science,200,2.27,59.94,5,0,17.11,Graduated
S106454,Student_6454,Female,28,Education,500,2.18,89.32,8,1,1.7,Graduated
S106455,Student_6455,Male,26,Computer Science,300,1.69,97.5,17,3,7.82,Graduated
S106456,Student_6456,Female,24,Computer Science,300,3.44,91.84,20,0,19.54,Graduated
S106457,Student_6457,Male,17,Business Admin,300,3.06,80.94,5,7,12.49,Graduated
S106458,Student_6458,Female,28,Medicine,500,3.55,61.61,5,7,3.1,Graduated
S106459,Student_6459,Female,18,Business Admin,200,2.5,77.35,5,4,12.5,Graduated
S106460,Student_6460,Male,27,Medicine,400,2.48,46.07,6,1,8.89,In Progress
S106461,Student_6461,Female,28,Business Admin,400,3.24,72.03,16,1,14.09,Graduated
S106462,Student_6462,Female,26,Engineering,500,3.62,86.87,5,4,8.77,In Progress
S106463,Student_6463,Male,22,Medicine,500,3.69,55.06,16,7,14.61,Graduated
S106464,Student_6464,Female,17,Medicine,100,2.22,70.09,10,5,9.17,In Progress
S106465,Student_6465,Male,26,Business Admin,200,3.66,44.4,19,5,11.43,In Progress
S106466,Student_6466,Male,19,Law,300,4.05,90.31,11,3,16.84,In Progress
S106467,Student_6467,Male,23,Engineering,300,3.3,61.01,5,5,10.94,Graduated
S106468,Student_6468,Female,28,Engineering,400,3.81,74.93,14,1,4.14,Graduated
S106469,Student_6469,Male,24,Law,500,3.37,62.71,20,2,5.1,In Progress
S106470,Student_6470,Male,20,Business Admin,200,2.22,75.86,5,2,16.23,Graduated
S106471,Student_6471,Female,28,Business Admin,400,3.65,84.65,19,0,0.0,In Progress
S106472,Student_6472,Male,19,Engineering,200,3.27,59.61,18,4,6.25,In Progress
S106473,Student_6473,Female,17,Business Admin,500,2.29,71.16,15,3,24.42,In Progress
S106474,Student_6474,Female,28,Education,300,2.6,87.69,14,2,8.25,In Progress
S106475,Student_6475,Female,25,Education,100,3.29,81.27,19,0,11.62,Graduated
S106476,Student_6476,Female,26,Law,200,4.68,43.42,13,6,6.12,Graduated
S106477,Student_6477,Male,22,Medicine,300,4.26,74.13,13,0,12.23,In Progress
S106478,Student_6478,Male,22,Education,200,1.6,62.58,5,5,13.81,Graduated
S106479,Student_6479,Male,25,Business Admin,200,3.0,82.53,15,1,8.22,In Progress
S106480,Student_6480,Male,17,Law,200,4.04,41.0,12,3,10.45,In Progress
S106481,Student_6481,Male,22,Education,500,2.72,59.84,7,6,4.31,In Progress
S106482,Student_6482,Female,28,Computer Science,400,2.65,45.19,11,6,7.35,Dropped
S106483,Student_6483,Male,21,Law,200,2.62,95.23,20,6,10.03,Graduated
S106484,Student_6484,Male,29,Engineering,500,3.59,92.59,5,6,19.77,In Progress
S106485,Student_6485,Male,27,Education,100,3.27,98.09,11,5,2.84,Graduated
S106486,Student_6486,Female,22,Engineering,400,3.37,78.61,15,5,12.63,Graduated
S106487,Student_6487,Female,30,Law,500,2.86,88.42,5,6,14.84,In Progress
S106488,Student_6488,Male,27,Education,100,4.22,76.71,7,7,8.44,Graduated
S106489,Student_6489,Female,24,Engineering,400,2.78,69.52,16,2,13.35,In Progress
S106490,Student_6490,Male,21,Medicine,500,3.62,90.03,18,4,15.34,Graduated
S106491,Student_6491,Male,18,Medicine,100,1.55,86.57,11,5,19.9,Graduated
S106492,Student_6492,Female,28,Computer Science,500,2.97,84.0,20,1,19.07,Graduated
S106493,Student_6493,Female,28,Business Admin,100,2.67,93.63,5,2,0.0,In Progress
S106494,Student_6494,Male,18,Law,200,3.07,95.72,18,0,7.45,Dropped
S106495,Student_6495,Male,26,Business Admin,200,1.86,66.72,13,7,12.17,In Progress
S106496,Student_6496,Female,21,Business Admin,400,4.14,56.97,9,5,10.67,Graduated
S106497,Student_6497,Male,19,Engineering,100,3.12,70.71,17,4,13.95,Graduated
S106498,Student_6498,Female,26,Computer Science,200,4.57,45.58,6,0,11.4,Graduated
S106499,Student_6499,Male,19,Law,400,3.55,96.29,8,5,11.43,Graduated
S106500,Student_6500,Female,24,Medicine,300,3.19,99.03,20,1,10.69,In Progress
S106501,Student_6501,Male,23,Business Admin,200,3.01,79.16,12,4,11.96,Graduated
S106502,Student_6502,Male,17,Engineering,200,3.47,84.77,8,7,12.95,Graduated
S106503,Student_6503,Female,28,Business Admin,500,3.53,59.42,14,4,12.61,Graduated
S106504,Student_6504,Male,29,Education,300,3.35,91.98,9,1,0.0,In Progress
S106505,Student_6505,Male,28,Medicine,100,4.58,94.02,19,6,4.13,In Progress
S106506,Student_6506,Female,21,Business Admin,400,3.81,44.61,6,7,10.49,Graduated
S106507,Student_6507,Male,25,Education,300,2.56,47.89,9,0,12.86,In Progress
S106508,Student_6508,Male,20,Education,100,2.44,55.65,11,5,12.48,Graduated
S106509,Student_6509,Male,17,Engineering,200,3.31,82.22,13,4,1.1,In Progress
S106510,Student_6510,Female,24,Engineering,400,3.13,51.0,12,7,5.88,Graduated
S106511,Student_6511,Female,21,Education,400,3.19,53.2,18,7,11.46,In Progress
S106512,Student_6512,Female,18,Computer Science,300,1.86,62.91,14,7,13.38,Graduated
S106513,Student_6513,Male,28,Business Admin,500,3.62,76.7,15,3,11.43,Graduated
S106514,Student_6514,Male,17,Education,100,2.74,98.58,10,3,10.4,In Progress
S106515,Student_6515,Male,30,Education,300,4.56,87.03,17,5,11.89,In Progress
S106516,Student_6516,Male,28,Engineering,500,3.16,73.5,13,0,13.44,Graduated
S106517,Student_6517,Female,28,Business Admin,500,2.92,42.96,11,4,0.62,In Progress
S106518,Student_6518,Male,28,Law,500,3.34,71.01,7,6,7.24,In Progress
S106519,Student_6519,Male,19,Medicine,400,2.54,52.25,15,7,12.35,Graduated
S106520,Student_6520,Male,25,Engineering,100,4.17,58.0,19,0,8.74,Graduated
S106521,Student_6521,Female,17,Business Admin,100,4.66,55.05,16,3,10.29,Graduated
S106522,Student_6522,Male,20,Business Admin,300,3.51,60.85,17,4,7.18,Graduated
S106523,Student_6523,Male,24,Computer Science,200,3.47,43.74,5,4,7.57,Graduated
S106524,Student_6524,Male,24,Medicine,300,2.59,74.61,9,5,10.9,In Progress
S106525,Student_6525,Male,26,Engineering,100,2.99,42.75,13,5,4.04,In Progress
S106526,Student_6526,Male,28,Engineering,400,3.38,79.64,12,5,11.08,Graduated
S106527,Student_6527,Female,27,Law,300,2.2,83.85,19,7,6.47,Graduated
S106528,Student_6528,Male,29,Computer Science,200,4.1,69.16,10,7,0.7,Graduated
S106529,Student_6529,Male,27,Computer Science,300,1.93,86.88,17,5,14.45,In Progress
S106530,Student_6530,Male,24,Business Admin,500,1.55,98.04,18,0,18.09,In Progress
S106531,Student_6531,Male,26,Business Admin,200,4.22,60.4,12,7,11.06,In Progress
S106532,Student_6532,Male,24,Engineering,500,3.55,77.13,12,7,11.18,Graduated
S106533,Student_6533,Male,20,Law,400,2.34,59.42,7,6,7.66,In Progress
S106534,Student_6534,Male,24,Engineering,100,3.11,66.6,16,4,17.14,Graduated
S106535,Student_6535,Male,25,Education,300,3.17,41.25,19,0,18.15,Dropped
S106536,Student_6536,Male,23,Business Admin,300,3.07,44.46,10,6,11.08,Graduated
S106537,Student_6537,Male,30,Education,500,2.28,87.85,20,2,16.48,Graduated
S106538,Student_6538,Female,28,Law,500,3.22,48.39,11,6,10.43,In Progress
S106539,Student_6539,Female,18,Engineering,100,3.82,81.95,6,2,9.85,Graduated
S106540,Student_6540,Female,25,Business Admin,300,1.79,82.53,17,6,10.68,Graduated
S106541,Student_6541,Female,27,Law,100,2.66,99.77,15,6,8.15,In Progress
S106542,Student_6542,Male,24,Engineering,500,2.19,81.74,11,7,19.01,Graduated
S106543,Student_6543,Female,29,Engineering,500,2.47,47.72,14,3,15.54,Graduated
S106544,Student_6544,Female,21,Education,200,3.26,77.59,10,3,5.64,Dropped
S106545,Student_6545,Male,28,Medicine,500,2.09,71.45,6,1,11.65,Dropped
S106546,Student_6546,Female,19,Computer Science,500,4.22,95.04,6,2,10.77,Graduated
S106547,Student_6547,Female,23,Business Admin,100,3.05,81.41,10,6,13.08,Graduated
S106548,Student_6548,Male,30,Computer Science,200,2.73,71.11,7,6,9.39,In Progress
S106549,Student_6549,Male,30,Law,200,1.67,77.45,10,2,6.11,Graduated
S106550,Student_6550,Male,18,Computer Science,300,3.1,66.61,13,7,5.11,Dropped
S106551,Student_6551,Female,29,Education,400,3.04,70.5,14,6,8.04,Graduated
S106552,Student_6552,Female,19,Medicine,300,2.07,83.34,16,5,12.64,Graduated
S106553,Student_6553,Male,28,Business Admin,300,2.31,44.7,19,7,13.09,In Progress
S106554,Student_6554,Male,25,Engineering,300,4.2,76.92,5,7,18.33,Dropped
S106555,Student_6555,Female,20,Engineering,200,2.73,45.29,7,7,0.0,Graduated
S106556,Student_6556,Male,20,Education,100,3.03,91.3,20,5,18.43,Graduated
S106557,Student_6557,Female,19,Business Admin,500,3.39,96.55,6,7,0.0,Graduated
S106558,Student_6558,Male,21,Computer Science,200,2.89,86.81,15,1,12.98,Dropped
S106559,Student_6559,Male,19,Engineering,500,3.95,83.08,7,0,11.85,In Progress
S106560,Student_6560,Female,25,Computer Science,500,2.49,96.62,6,2,5.05,Graduated
S106561,Student_6561,Male,19,Education,400,2.7,53.11,7,5,11.22,Dropped
S106562,Student_6562,Male,18,Engineering,300,2.71,53.73,19,2,6.97,Graduated
S106563,Student_6563,Male,28,Law,400,2.44,68.86,19,6,16.46,Graduated
S106564,Student_6564,Female,21,Medicine,300,2.39,40.45,16,3,4.04,Graduated
S106565,Student_6565,Male,22,Computer Science,200,3.02,97.9,8,7,12.57,Graduated
S106566,Student_6566,Male,17,Business Admin,500,3.94,41.94,20,1,14.33,Dropped
S106567,Student_6567,Male,30,Computer Science,400,2.18,75.77,17,1,1.74,In Progress
S106568,Student_6568,Male,28,Computer Science,200,2.87,61.24,11,3,4.45,In Progress
S106569,Student_6569,Male,27,Computer Science,200,3.53,46.18,6,6,6.12,In Progress
S106570,Student_6570,Male,22,Education,300,4.39,41.48,6,7,1.89,Graduated
S106571,Student_6571,Female,26,Education,500,3.66,55.75,19,2,14.82,Graduated
S106572,Student_6572,Female,19,Business Admin,300,2.86,46.4,6,4,12.09,Graduated
S106573,Student_6573,Male,20,Education,300,2.61,96.42,17,1,13.19,In Progress
S106574,Student_6574,Female,22,Business Admin,200,3.79,54.69,10,7,13.89,In Progress
S106575,Student_6575,Female,24,Business Admin,300,3.62,45.65,12,2,11.11,Graduated
S106576,Student_6576,Male,25,Education,100,3.01,86.18,20,0,1.89,Graduated
S106577,Student_6577,Female,22,Engineering,500,2.85,64.86,8,6,8.19,Graduated
S106578,Student_6578,Female,23,Education,300,4.41,90.62,16,1,15.0,In Progress
S106579,Student_6579,Female,30,Engineering,300,4.3,90.31,14,3,8.37,In Progress
S106580,Student_6580,Female,21,Law,400,3.27,99.54,7,6,10.6,Graduated
S106581,Student_6581,Female,30,Education,500,3.14,88.23,13,1,14.89,Graduated
S106582,Student_6582,Female,28,Law,500,2.2,52.85,5,3,15.82,In Progress
S106583,Student_6583,Female,25,Education,300,3.03,75.19,14,0,19.4,Graduated
S106584,Student_6584,Female,20,Law,100,3.85,71.58,6,2,10.13,Graduated
S106585,Student_6585,Male,26,Medicine,400,1.65,70.49,16,7,8.28,Graduated
S106586,Student_6586,Male,27,Law,100,3.42,57.81,11,3,9.72,Dropped
S106587,Student_6587,Female,22,Engineering,300,3.48,52.61,16,3,7.31,Graduated
S106588,Student_6588,Female,21,Computer Science,500,3.48,83.01,7,5,9.7,Graduated
S106589,Student_6589,Male,17,Business Admin,500,2.54,46.11,16,0,7.0,Graduated
S106590,Student_6590,Female,21,Law,100,2.77,42.98,13,4,15.13,Graduated
S106591,Student_6591,Female,29,Computer Science,200,2.57,62.87,19,1,6.35,Graduated
S106592,Student_6592,Male,21,Medicine,300,4.39,84.64,5,6,18.72,In Progress
S106593,Student_6593,Male,30,Medicine,500,4.09,92.11,16,5,0.0,Graduated
S106594,Student_6594,Male,25,Engineering,200,3.26,72.41,13,4,9.8,Graduated
S106595,Student_6595,Female,17,Engineering,500,3.02,90.4,10,1,14.61,In Progress
S106596,Student_6596,Female,21,Law,500,2.99,41.52,5,0,4.58,In Progress
S106597,Student_6597,Male,23,Education,200,2.78,67.32,13,0,5.51,Graduated
S106598,Student_6598,Male,27,Medicine,100,1.68,48.0,20,4,12.8,Graduated
S106599,Student_6599,Female,22,Computer Science,300,3.03,74.96,13,0,13.45,Graduated
S106600,Student_6600,Male,22,Education,200,4.42,95.26,17,2,5.74,In Progress
S106601,Student_6601,Female,28,Medicine,200,3.21,40.43,14,4,9.47,In Progress
S106602,Student_6602,Female,23,Law,500,2.57,80.09,19,3,17.09,In Progress
S106603,Student_6603,Male,22,Medicine,200,3.18,87.54,15,3,10.98,In Progress
S106604,Student_6604,Male,21,Engineering,300,2.85,84.67,9,0,4.48,Graduated
S106605,Student_6605,Female,26,Computer Science,100,2.3,41.19,11,0,2.52,Graduated
S106606,Student_6606,Male,21,Computer Science,100,2.22,50.43,7,1,11.99,Graduated
S106607,Student_6607,Male,25,Engineering,100,3.03,45.66,17,6,14.53,In Progress
S106608,Student_6608,Male,30,Education,300,1.98,45.13,12,4,15.47,Dropped
S106609,Student_6609,Male,24,Engineering,500,3.01,83.81,17,5,17.03,In Progress
S106610,Student_6610,Female,30,Computer Science,300,2.94,65.49,7,4,11.2,Graduated
S106611,Student_6611,Female,28,Law,200,3.5,83.49,14,2,10.1,In Progress
S106612,Student_6612,Female,26,Education,400,2.89,61.65,11,6,11.58,Dropped
S106613,Student_6613,Female,30,Business Admin,400,2.26,47.02,8,3,12.95,In Progress
S106614,Student_6614,Male,20,Medicine,400,3.11,83.11,9,6,7.09,In Progress
S106615,Student_6615,Male,20,Business Admin,100,3.73,77.56,11,3,11.25,Graduated
S106616,Student_6616,Female,26,Law,300,2.63,46.78,19,2,5.14,In Progress
S106617,Student_6617,Female,21,Business Admin,300,4.12,95.46,6,1,0.0,In Progress
S106618,Student_6618,Male,29,Education,100,3.08,58.54,8,2,8.61,Dropped
S106619,Student_6619,Female,29,Computer Science,200,2.75,79.28,11,1,13.51,Graduated
S106620,Student_6620,Female,19,Computer Science,400,2.56,41.92,7,7,1.42,Graduated
S106621,Student_6621,Male,24,Law,400,3.14,66.58,17,1,13.69,In Progress
S106622,Student_6622,Female,23,Business Admin,100,2.93,97.86,8,7,12.83,Graduated
S106623,Student_6623,Male,21,Education,400,2.1,93.19,14,6,6.05,Graduated
S106624,Student_6624,Male,26,Medicine,500,4.11,53.28,19,5,18.68,Graduated
S106625,Student_6625,Female,19,Business Admin,300,2.76,92.75,20,1,7.3,In Progress
S106626,Student_6626,Male,21,Business Admin,400,4.11,57.58,16,7,2.46,In Progress
S106627,Student_6627,Female,19,Medicine,400,2.24,91.13,20,6,12.36,Graduated
S106628,Student_6628,Male,26,Engineering,500,3.67,83.75,12,0,15.07,Graduated
S106629,Student_6629,Female,21,Law,200,3.95,61.12,7,0,18.09,Graduated
S106630,Student_6630,Female,17,Education,200,3.89,94.65,16,1,10.32,Graduated
S106631,Student_6631,Female,22,Law,500,3.28,69.12,13,7,14.72,In Progress
S106632,Student_6632,Male,26,Medicine,200,3.7,59.06,9,7,7.37,Graduated
S106633,Student_6633,Male,20,Education,100,3.33,56.78,6,7,12.95,In Progress
S106634,Student_6634,Female,20,Computer Science,500,2.28,96.34,18,2,18.65,Graduated
S106635,Student_6635,Male,24,Computer Science,300,3.29,85.51,12,2,22.02,Graduated
S106636,Student_6636,Female,18,Education,300,2.24,60.99,14,2,6.9,Graduated
S106637,Student_6637,Female,20,Law,300,2.14,55.25,12,0,17.33,Graduated
S106638,Student_6638,Male,18,Law,400,3.2,52.7,17,5,5.31,Graduated
S106639,Student_6639,Female,17,Computer Science,500,2.59,54.67,17,6,6.94,In Progress
S106640,Student_6640,Male,26,Computer Science,500,4.11,46.66,5,1,7.86,Graduated
S106641,Student_6641,Female,29,Medicine,200,4.18,69.08,13,3,14.53,Graduated
S106642,Student_6642,Male,29,Education,500,4.92,42.46,6,2,10.57,In Progress
S106643,Student_6643,Female,19,Law,500,2.05,40.69,18,6,2.8,Graduated
S106644,Student_6644,Female,28,Medicine,200,2.21,77.08,8,6,12.44,In Progress
S106645,Student_6645,Male,24,Law,500,3.61,45.31,10,5,16.72,Graduated
S106646,Student_6646,Female,22,Computer Science,500,2.78,90.71,17,0,10.72,In Progress
S106647,Student_6647,Female,28,Education,100,2.49,46.4,13,4,14.46,Graduated
S106648,Student_6648,Male,23,Engineering,200,2.73,72.56,20,7,6.18,In Progress
S106649,Student_6649,Female,18,Education,100,2.95,80.53,5,1,14.85,Graduated
S106650,Student_6650,Male,22,Business Admin,400,3.46,53.75,13,2,6.48,Graduated
S106651,Student_6651,Female,30,Engineering,200,1.73,93.3,12,0,10.61,Dropped
S106652,Student_6652,Male,24,Medicine,500,3.29,68.88,16,7,5.67,Graduated
S106653,Student_6653,Female,24,Engineering,500,2.87,58.92,11,4,4.14,Graduated
S106654,Student_6654,Female,20,Engineering,100,2.45,94.07,6,1,4.84,Graduated
S106655,Student_6655,Female,22,Medicine,100,3.97,91.5,18,3,7.89,Graduated
S106656,Student_6656,Male,30,Education,400,2.7,82.58,20,1,10.75,In Progress
S106657,Student_6657,Male,21,Medicine,400,2.76,57.43,11,7,6.01,Graduated
S106658,Student_6658,Male,25,Business Admin,500,2.8,63.41,6,1,23.24,Graduated
S106659,Student_6659,Male,24,Computer Science,300,4.09,81.38,13,6,8.64,Graduated
S106660,Student_6660,Female,18,Computer Science,400,3.08,51.12,16,2,3.62,Graduated
S106661,Student_6661,Female,28,Engineering,500,2.95,69.71,8,5,0.0,In Progress
S106662,Student_6662,Male,29,Medicine,400,3.62,84.26,6,1,19.4,Graduated
S106663,Student_6663,Male,23,Medicine,200,1.44,79.46,9,4,12.32,Graduated
S106664,Student_6664,Male,23,Medicine,100,3.14,83.2,13,4,4.89,In Progress
S106665,Student_6665,Female,27,Business Admin,500,3.15,93.52,8,7,8.35,In Progress
S106666,Student_6666,Male,30,Business Admin,400,3.58,98.1,20,1,6.47,Graduated
S106667,Student_6667,Male,30,Education,100,3.21,67.5,9,1,14.17,Graduated
S106668,Student_6668,Female,28,Law,300,2.21,43.6,12,5,20.24,Graduated
S106669,Student_6669,Female,17,Law,400,1.84,90.06,7,4,5.58,Graduated
S106670,Student_6670,Male,17,Law,500,3.45,47.08,10,4,13.68,Graduated
S106671,Student_6671,Female,28,Education,200,2.66,53.17,5,2,10.16,Graduated
S106672,Student_6672,Male,20,Medicine,100,2.77,79.19,18,3,7.51,Graduated
S106673,Student_6673,Female,21,Law,100,2.4,84.74,7,4,8.43,In Progress
S106674,Student_6674,Male,20,Medicine,200,3.01,81.68,12,3,4.5,Graduated
S106675,Student_6675,Male,23,Engineering,500,2.95,66.31,14,3,11.53,Graduated
S106676,Student_6676,Male,19,Law,300,2.14,95.08,14,4,11.82,Graduated
S106677,Student_6677,Male,23,Engineering,200,3.54,89.93,20,5,13.09,Dropped
S106678,Student_6678,Female,29,Education,300,2.5,79.82,10,5,11.01,In Progress
S106679,Student_6679,Female,24,Computer Science,500,4.0,66.46,14,2,5.04,Graduated
S106680,Student_6680,Female,22,Business Admin,400,3.15,67.83,19,1,13.32,Dropped
S106681,Student_6681,Female,22,Education,400,2.94,50.56,18,5,5.78,Dropped
S106682,Student_6682,Male,24,Education,500,1.94,86.78,8,0,9.66,Dropped
S106683,Student_6683,Male,24,Education,300,3.38,91.96,16,7,5.15,Dropped
S106684,Student_6684,Female,23,Law,200,2.97,89.64,12,1,14.86,In Progress
S106685,Student_6685,Female,22,Engineering,500,3.12,72.83,17,0,6.48,In Progress
S106686,Student_6686,Female,22,Business Admin,500,3.92,90.28,7,7,20.52,Graduated
S106687,Student_6687,Female,26,Law,400,3.61,87.42,6,4,7.44,In Progress
S106688,Student_6688,Female,27,Computer Science,200,3.78,89.94,14,1,12.77,In Progress
S106689,Student_6689,Male,29,Business Admin,400,1.31,98.92,12,1,13.05,In Progress
S106690,Student_6690,Male,29,Education,300,2.85,88.6,16,0,3.5,Graduated
S106691,Student_6691,Male,22,Medicine,300,1.89,56.24,8,2,0.2,In Progress
S106692,Student_6692,Female,24,Computer Science,100,3.33,89.25,16,7,4.95,In Progress
S106693,Student_6693,Female,17,Engineering,500,1.68,62.54,13,7,10.95,Graduated
S106694,Student_6694,Female,21,Computer Science,200,3.74,70.97,15,5,5.21,In Progress
S106695,Student_6695,Female,19,Law,200,4.1,87.78,7,4,5.91,In Progress
S106696,Student_6696,Male,28,Medicine,400,2.87,59.0,13,4,18.21,In Progress
S106697,Student_6697,Male,24,Law,400,3.24,41.56,14,5,7.27,In Progress
S106698,Student_6698,Female,27,Business Admin,200,4.09,83.09,10,4,14.5,Graduated
S106699,Student_6699,Male,22,Education,400,4.46,94.13,19,1,8.39,Graduated
S106700,Student_6700,Male,30,Education,100,4.18,95.67,19,6,8.9,Graduated
S106701,Student_6701,Female,18,Computer Science,500,3.38,87.93,18,3,7.69,Graduated
S106702,Student_6702,Female,29,Education,100,4.13,96.11,9,6,9.1,Graduated
S106703,Student_6703,Female,23,Education,300,2.32,89.24,17,0,2.98,Graduated
S106704,Student_6704,Female,23,Business Admin,200,2.52,41.81,6,7,5.53,Graduated
S106705,Student_6705,Female,29,Engineering,100,3.65,60.98,17,5,6.27,Dropped
S106706,Student_6706,Female,21,Engineering,100,3.02,60.17,16,1,13.24,In Progress
S106707,Student_6707,Male,24,Law,400,3.47,53.15,15,7,17.61,Graduated
S106708,Student_6708,Male,30,Law,400,3.64,87.88,10,2,16.42,Graduated
S106709,Student_6709,Female,21,Engineering,400,3.65,71.21,20,2,8.45,Graduated
S106710,Student_6710,Male,17,Computer Science,300,1.7,90.18,8,1,4.88,In Progress
S106711,Student_6711,Female,25,Engineering,100,3.48,76.08,9,0,9.4,Graduated
S106712,Student_6712,Female,20,Law,500,2.56,75.44,17,5,11.92,Dropped
S106713,Student_6713,Female,29,Medicine,400,3.18,63.05,15,4,9.82,In Progress
S106714,Student_6714,Female,18,Education,300,2.69,87.38,19,4,13.81,In Progress
S106715,Student_6715,Male,20,Business Admin,300,2.7,80.99,10,7,4.43,In Progress
S106716,Student_6716,Female,30,Medicine,400,2.57,60.33,11,3,9.89,In Progress
S106717,Student_6717,Male,29,Medicine,200,3.53,99.61,8,5,9.59,Graduated
S106718,Student_6718,Female,25,Education,100,2.88,67.77,15,7,8.94,Graduated
S106719,Student_6719,Female,18,Engineering,400,2.83,59.0,12,1,6.62,Graduated
S106720,Student_6720,Female,20,Computer Science,500,2.77,81.27,20,3,2.55,Graduated
S106721,Student_6721,Male,18,Medicine,100,3.41,53.37,18,2,2.87,Dropped
S106722,Student_6722,Female,21,Computer Science,300,2.4,89.84,9,6,18.98,Graduated
S106723,Student_6723,Female,19,Business Admin,500,4.11,80.82,11,6,3.42,Graduated
S106724,Student_6724,Female,26,Business Admin,100,2.54,92.2,10,7,7.08,In Progress
S106725,Student_6725,Male,18,Business Admin,500,2.69,59.74,15,4,6.59,Graduated
S106726,Student_6726,Male,30,Law,300,3.01,91.27,20,7,7.51,In Progress
S106727,Student_6727,Male,25,Medicine,400,3.33,70.06,15,6,20.71,Dropped
S106728,Student_6728,Female,21,Business Admin,500,2.87,43.55,9,5,12.24,In Progress
S106729,Student_6729,Male,26,Law,400,2.84,51.65,11,4,7.36,In Progress
S106730,Student_6730,Female,21,Business Admin,300,3.76,53.06,15,6,9.69,Dropped
S106731,Student_6731,Male,17,Engineering,300,1.41,86.08,8,3,13.8,In Progress
S106732,Student_6732,Male,22,Medicine,500,2.6,52.19,11,1,15.94,In Progress
S106733,Student_6733,Female,29,Law,500,2.42,73.72,17,3,12.15,Graduated
S106734,Student_6734,Male,23,Business Admin,300,2.72,79.15,7,5,19.13,Graduated
S106735,Student_6735,Female,17,Law,500,3.98,86.43,12,2,6.01,In Progress
S106736,Student_6736,Female,25,Business Admin,500,2.52,87.03,14,5,8.57,Graduated
S106737,Student_6737,Male,24,Engineering,500,2.93,83.06,8,1,10.92,Graduated
S106738,Student_6738,Female,28,Computer Science,500,3.38,52.79,8,5,11.76,In Progress
S106739,Student_6739,Female,30,Business Admin,100,2.45,72.61,16,2,6.71,Graduated
S106740,Student_6740,Male,30,Computer Science,300,1.4,57.41,18,1,15.3,Graduated
S106741,Student_6741,Male,24,Medicine,300,1.21,86.51,5,3,12.91,In Progress
S106742,Student_6742,Female,23,Engineering,200,3.93,84.89,12,0,7.33,In Progress
S106743,Student_6743,Male,21,Medicine,400,3.32,53.78,20,3,8.09,Graduated
S106744,Student_6744,Female,19,Computer Science,200,2.77,78.48,9,1,15.08,In Progress
S106745,Student_6745,Female,28,Engineering,500,2.76,43.51,13,5,7.11,Graduated
S106746,Student_6746,Male,30,Education,500,2.4,86.11,7,2,5.32,In Progress
S106747,Student_6747,Male,25,Engineering,100,3.11,86.81,9,3,4.05,Graduated
S106748,Student_6748,Male,30,Engineering,100,3.51,60.82,18,1,0.31,Graduated
S106749,Student_6749,Male,23,Education,100,2.37,88.38,16,2,7.88,Graduated
S106750,Student_6750,Female,27,Law,100,3.18,91.5,16,6,0.0,Graduated
S106751,Student_6751,Female,26,Law,100,2.4,51.4,18,2,6.36,Graduated
S106752,Student_6752,Male,26,Law,100,2.94,61.05,19,2,21.53,In Progress
S106753,Student_6753,Male,24,Computer Science,100,2.61,55.66,8,5,6.05,Graduated
S106754,Student_6754,Female,30,Engineering,100,3.64,62.46,16,1,13.71,Graduated
S106755,Student_6755,Female,22,Business Admin,100,3.01,66.81,15,2,11.03,Graduated
S106756,Student_6756,Female,28,Education,300,2.19,70.6,19,2,17.15,Graduated
S106757,Student_6757,Female,30,Business Admin,100,2.94,42.11,11,3,6.33,In Progress
S106758,Student_6758,Male,27,Computer Science,400,3.69,43.31,14,2,10.23,Graduated
S106759,Student_6759,Female,30,Education,100,2.15,79.31,18,6,8.67,Graduated
S106760,Student_6760,Female,21,Business Admin,500,2.81,66.56,9,5,10.38,In Progress
S106761,Student_6761,Male,24,Computer Science,500,2.72,45.38,19,0,4.37,Graduated
S106762,Student_6762,Female,19,Computer Science,100,3.15,63.17,6,7,6.76,Graduated
S106763,Student_6763,Female,28,Computer Science,100,2.85,68.53,10,1,3.11,Graduated
S106764,Student_6764,Male,29,Education,500,3.26,78.14,17,2,4.23,Graduated
S106765,Student_6765,Male,29,Business Admin,400,2.5,47.1,18,6,10.61,In Progress
S106766,Student_6766,Male,23,Business Admin,200,2.88,99.69,8,6,19.56,Graduated
S106767,Student_6767,Female,18,Medicine,300,2.86,68.48,10,7,15.24,Graduated
S106768,Student_6768,Female,19,Computer Science,500,4.25,80.85,19,2,11.26,Dropped
S106769,Student_6769,Male,29,Law,100,3.22,94.49,5,4,7.24,Graduated
S106770,Student_6770,Male,28,Engineering,300,3.59,41.91,19,7,2.54,Graduated
S106771,Student_6771,Female,18,Medicine,100,4.29,76.08,15,3,2.96,Graduated
S106772,Student_6772,Male,21,Medicine,200,3.18,72.42,17,2,9.85,Graduated
S106773,Student_6773,Male,23,Education,200,2.84,43.44,16,3,19.78,Graduated
S106774,Student_6774,Male,27,Medicine,500,2.31,81.58,5,3,13.36,Graduated
S106775,Student_6775,Female,26,Business Admin,300,2.14,53.25,20,0,11.1,Graduated
S106776,Student_6776,Female,27,Education,300,1.49,82.11,8,1,21.33,Graduated
S106777,Student_6777,Female,27,Education,200,3.62,61.76,11,0,10.56,Graduated
S106778,Student_6778,Female,27,Law,100,3.32,86.21,15,1,12.69,Dropped
S106779,Student_6779,Female,26,Computer Science,500,2.84,96.51,19,4,20.83,In Progress
S106780,Student_6780,Female,29,Medicine,400,2.82,91.63,11,6,14.87,Graduated
S106781,Student_6781,Male,30,Computer Science,200,2.3,68.95,5,0,12.39,Graduated
S106782,Student_6782,Female,17,Computer Science,200,3.35,53.52,18,3,0.0,Graduated
S106783,Student_6783,Female,29,Computer Science,500,2.58,99.55,9,7,17.26,Graduated
S106784,Student_6784,Male,26,Education,100,2.82,79.57,10,7,3.44,Graduated
S106785,Student_6785,Female,25,Computer Science,300,2.22,63.76,9,2,1.37,Graduated
S106786,Student_6786,Female,17,Medicine,200,2.35,68.89,11,4,11.44,Graduated
S106787,Student_6787,Male,17,Education,500,3.65,47.68,10,1,12.92,Graduated
S106788,Student_6788,Male,30,Medicine,500,3.78,70.32,9,0,4.75,In Progress
S106789,Student_6789,Male,28,Education,500,2.13,50.39,9,4,2.4,Graduated
S106790,Student_6790,Female,26,Engineering,300,3.42,61.94,20,5,0.0,Graduated
S106791,Student_6791,Male,24,Engineering,200,2.48,69.51,13,0,7.38,Graduated
S106792,Student_6792,Female,22,Engineering,500,2.65,96.87,7,3,8.43,In Progress
S106793,Student_6793,Female,22,Engineering,300,3.84,77.48,13,5,2.96,Graduated
S106794,Student_6794,Female,28,Education,100,2.8,62.31,17,0,20.03,Graduated
S106795,Student_6795,Female,25,Computer Science,400,2.79,46.79,15,1,6.41,In Progress
S106796,Student_6796,Male,20,Law,200,1.85,84.83,6,5,7.07,Dropped
S106797,Student_6797,Male,24,Business Admin,300,2.76,68.01,14,6,14.9,In Progress
S106798,Student_6798,Female,20,Law,400,2.56,44.09,11,5,5.35,Dropped
S106799,Student_6799,Male,30,Engineering,400,3.32,79.41,10,1,20.04,In Progress
S106800,Student_6800,Female,18,Computer Science,300,2.62,61.01,12,2,14.92,Graduated
S106801,Student_6801,Female,27,Medicine,300,3.86,64.23,13,2,8.27,Graduated
S106802,Student_6802,Female,24,Computer Science,300,3.28,90.33,17,7,17.23,Dropped
S106803,Student_6803,Male,28,Medicine,500,3.14,48.24,10,7,17.27,In Progress
S106804,Student_6804,Female,23,Law,100,3.49,60.42,6,1,7.82,In Progress
S106805,Student_6805,Female,20,Computer Science,500,3.14,61.82,14,6,5.12,Dropped
S106806,Student_6806,Male,25,Computer Science,400,3.51,40.2,19,1,7.82,In Progress
S106807,Student_6807,Male,25,Business Admin,400,2.9,90.72,16,1,12.6,In Progress
S106808,Student_6808,Male,24,Law,400,2.94,90.12,8,4,7.37,In Progress
S106809,Student_6809,Male,30,Computer Science,300,2.44,79.71,18,5,8.44,Graduated
S106810,Student_6810,Female,17,Medicine,200,2.5,93.94,19,6,7.42,Graduated
S106811,Student_6811,Male,23,Computer Science,500,3.91,56.37,18,0,6.69,Graduated
S106812,Student_6812,Female,21,Medicine,200,3.33,53.24,7,4,11.51,In Progress
S106813,Student_6813,Male,23,Engineering,100,1.92,44.11,7,6,7.36,In Progress
S106814,Student_6814,Male,28,Computer Science,100,3.74,75.52,9,3,17.51,In Progress
S106815,Student_6815,Male,25,Medicine,500,3.09,69.78,14,2,9.79,Graduated
S106816,Student_6816,Male,18,Law,400,2.45,88.62,5,0,4.67,Graduated
S106817,Student_6817,Male,29,Engineering,100,4.25,68.88,13,2,10.32,Graduated
S106818,Student_6818,Male,30,Computer Science,200,3.88,52.19,8,6,13.5,In Progress
S106819,Student_6819,Female,27,Business Admin,200,3.53,88.58,11,3,9.41,Dropped
S106820,Student_6820,Male,20,Medicine,300,3.11,67.33,11,1,6.11,Graduated
S106821,Student_6821,Male,20,Business Admin,400,3.24,97.35,11,2,4.89,Graduated
S106822,Student_6822,Male,18,Computer Science,300,1.48,72.07,15,1,11.51,Graduated
S106823,Student_6823,Male,19,Medicine,500,3.52,47.0,9,2,11.97,In Progress
S106824,Student_6824,Female,27,Computer Science,100,3.13,91.06,19,6,15.24,In Progress
S106825,Student_6825,Male,30,Engineering,300,3.17,92.7,8,3,4.86,Graduated
S106826,Student_6826,Male,30,Engineering,300,3.15,66.73,8,2,10.44,In Progress
S106827,Student_6827,Male,29,Computer Science,500,2.67,41.56,17,3,5.77,Graduated
S106828,Student_6828,Male,24,Computer Science,200,2.34,41.78,9,6,10.8,In Progress
S106829,Student_6829,Female,28,Education,200,3.06,61.07,10,0,2.87,Graduated
S106830,Student_6830,Male,25,Computer Science,500,2.07,82.97,14,4,16.17,Graduated
S106831,Student_6831,Female,22,Computer Science,200,3.2,59.86,11,3,0.0,In Progress
S106832,Student_6832,Male,26,Business Admin,500,2.28,40.46,9,2,4.98,Graduated
S106833,Student_6833,Female,18,Business Admin,200,3.68,90.91,17,0,10.84,Graduated
S106834,Student_6834,Female,18,Engineering,500,2.0,98.12,20,6,5.36,Graduated
S106835,Student_6835,Male,23,Business Admin,200,2.97,60.78,16,3,5.51,In Progress
S106836,Student_6836,Male,24,Computer Science,300,3.05,44.38,16,2,13.31,Dropped
S106837,Student_6837,Female,24,Law,300,3.85,57.48,13,5,0.0,Graduated
S106838,Student_6838,Female,30,Computer Science,200,3.18,87.94,18,3,0.62,Dropped
S106839,Student_6839,Male,22,Education,500,2.43,72.54,13,3,4.21,Dropped
S106840,Student_6840,Female,26,Medicine,300,2.38,63.04,5,1,4.15,Graduated
S106841,Student_6841,Female,24,Engineering,100,4.01,60.05,9,2,13.95,Dropped
S106842,Student_6842,Female,30,Business Admin,200,2.97,46.92,6,4,12.22,Graduated
S106843,Student_6843,Male,17,Law,100,2.86,60.37,8,3,10.62,Graduated
S106844,Student_6844,Female,25,Medicine,100,2.51,68.21,15,7,16.17,Graduated
S106845,Student_6845,Female,29,Law,400,2.15,80.39,19,0,0.0,In Progress
S106846,Student_6846,Female,28,Engineering,100,4.33,55.72,11,2,10.29,In Progress
S106847,Student_6847,Male,17,Business Admin,100,3.04,93.84,14,4,18.85,Graduated
S106848,Student_6848,Male,29,Education,400,2.23,69.09,10,2,11.61,In Progress
S106849,Student_6849,Female,19,Engineering,400,3.52,64.31,11,5,4.83,In Progress
S106850,Student_6850,Male,28,Law,400,3.42,75.64,7,4,13.19,Graduated
S106851,Student_6851,Female,25,Law,500,2.13,50.06,18,7,10.06,In Progress
S106852,Student_6852,Male,27,Engineering,400,2.59,46.4,19,4,10.4,Graduated
S106853,Student_6853,Male,21,Computer Science,500,3.32,60.79,9,3,5.53,In Progress
S106854,Student_6854,Female,25,Engineering,200,3.51,42.4,20,1,17.49,In Progress
S106855,Student_6855,Male,25,Business Admin,500,2.47,62.65,10,2,17.3,Graduated
S106856,Student_6856,Male,22,Business Admin,200,1.69,80.29,20,7,9.14,Graduated
S106857,Student_6857,Male,27,Education,400,3.17,88.73,19,0,7.8,Graduated
S106858,Student_6858,Female,17,Engineering,400,3.6,74.79,15,5,14.35,Graduated
S106859,Student_6859,Male,26,Medicine,200,2.96,81.48,10,7,4.27,Graduated
S106860,Student_6860,Male,23,Business Admin,300,2.79,89.99,10,0,5.81,Graduated
S106861,Student_6861,Female,30,Business Admin,500,4.11,86.39,13,1,13.39,Graduated
S106862,Student_6862,Male,22,Business Admin,100,1.59,59.2,10,0,9.7,Graduated
S106863,Student_6863,Male,25,Computer Science,400,3.51,74.41,16,2,16.52,In Progress
S106864,Student_6864,Male,23,Medicine,500,3.55,55.89,6,7,5.54,Graduated
S106865,Student_6865,Male,30,Engineering,500,2.46,74.58,13,0,4.72,Graduated
S106866,Student_6866,Male,28,Computer Science,400,1.38,65.56,8,5,13.28,Graduated
S106867,Student_6867,Female,27,Business Admin,200,3.53,62.37,11,2,2.57,In Progress
S106868,Student_6868,Female,28,Medicine,400,3.23,51.01,10,4,13.58,Graduated
S106869,Student_6869,Male,29,Medicine,500,3.99,73.71,19,3,10.22,Graduated
S106870,Student_6870,Male,20,Computer Science,300,2.6,83.76,13,1,5.39,Graduated
S106871,Student_6871,Male,23,Business Admin,200,3.12,74.28,14,1,4.23,Graduated
S106872,Student_6872,Female,18,Computer Science,400,1.83,44.15,17,6,7.11,Dropped
S106873,Student_6873,Female,22,Law,100,3.51,95.46,7,0,2.64,In Progress
S106874,Student_6874,Male,22,Business Admin,400,1.93,40.33,12,2,20.37,Graduated
S106875,Student_6875,Male,18,Computer Science,500,2.97,93.1,9,5,9.73,Graduated
S106876,Student_6876,Female,30,Engineering,500,2.27,85.96,10,3,11.23,Graduated
S106877,Student_6877,Male,20,Business Admin,100,3.24,45.79,18,5,3.27,In Progress
S106878,Student_6878,Female,24,Education,200,2.87,54.19,19,0,5.44,Graduated
S106879,Student_6879,Female,24,Business Admin,500,2.84,60.94,7,5,14.03,In Progress
S106880,Student_6880,Male,29,Law,200,2.96,94.62,7,7,4.25,Graduated
S106881,Student_6881,Female,24,Computer Science,200,3.02,98.8,11,3,7.1,Graduated
S106882,Student_6882,Male,24,Education,400,3.98,45.23,10,2,11.46,Graduated
S106883,Student_6883,Male,17,Law,200,3.33,63.82,6,5,7.78,Graduated
S106884,Student_6884,Male,18,Engineering,500,2.52,48.96,14,0,6.67,In Progress
S106885,Student_6885,Male,28,Business Admin,500,2.58,56.71,17,7,3.46,Graduated
S106886,Student_6886,Male,20,Education,300,3.71,98.86,16,7,14.16,Graduated
S106887,Student_6887,Male,28,Computer Science,200,2.25,99.07,12,0,16.65,Graduated
S106888,Student_6888,Female,25,Computer Science,300,3.01,68.33,16,5,20.12,Graduated
S106889,Student_6889,Female,19,Engineering,400,1.82,50.99,9,7,8.61,In Progress
S106890,Student_6890,Female,30,Law,300,2.92,72.82,11,6,11.81,Graduated
S106891,Student_6891,Female,22,Education,200,2.23,59.24,7,3,15.28,Graduated
S106892,Student_6892,Male,23,Engineering,500,2.55,95.73,19,0,10.55,Graduated
S106893,Student_6893,Female,24,Law,400,3.13,89.09,14,5,15.07,Graduated
S106894,Student_6894,Female,29,Medicine,200,3.42,58.53,9,3,12.43,Graduated
S106895,Student_6895,Female,23,Medicine,400,2.5,41.1,16,7,13.41,Graduated
S106896,Student_6896,Male,19,Law,100,3.79,99.88,7,5,5.68,In Progress
S106897,Student_6897,Female,22,Computer Science,200,2.17,81.0,16,5,0.86,In Progress
S106898,Student_6898,Male,21,Computer Science,100,3.55,65.54,7,2,13.54,Graduated
S106899,Student_6899,Female,29,Medicine,300,2.71,57.31,16,3,9.73,In Progress
S106900,Student_6900,Male,28,Computer Science,200,3.67,40.27,18,2,9.84,Graduated
S106901,Student_6901,Male,26,Computer Science,100,2.71,49.24,5,2,0.92,In Progress
S106902,Student_6902,Female,20,Law,500,2.51,40.35,15,4,16.72,In Progress
S106903,Student_6903,Male,17,Business Admin,300,3.43,75.86,7,3,7.96,Dropped
S106904,Student_6904,Male,30,Law,200,3.31,79.8,11,1,0.0,Graduated
S106905,Student_6905,Female,29,Computer Science,200,2.62,86.01,15,6,19.92,Graduated
S106906,Student_6906,Female,23,Law,500,3.38,51.22,13,4,9.27,In Progress
S106907,Student_6907,Female,24,Education,500,2.91,45.76,5,4,12.67,In Progress
S106908,Student_6908,Male,18,Medicine,100,3.1,79.03,19,3,24.61,Graduated
S106909,Student_6909,Male,23,Business Admin,100,3.24,69.99,8,4,7.31,Graduated
S106910,Student_6910,Male,22,Education,100,2.02,92.54,14,4,10.2,Dropped
S106911,Student_6911,Female,21,Education,400,3.0,72.0,11,7,6.66,Graduated
S106912,Student_6912,Male,29,Computer Science,300,1.98,66.69,10,6,16.07,Graduated
S106913,Student_6913,Male,20,Computer Science,200,2.27,69.28,8,0,3.36,Graduated
S106914,Student_6914,Male,18,Education,300,2.92,86.94,15,6,16.78,In Progress
S106915,Student_6915,Male,26,Education,500,3.68,41.1,7,6,14.61,In Progress
S106916,Student_6916,Male,22,Engineering,300,2.84,95.09,10,2,5.63,In Progress
S106917,Student_6917,Male,21,Engineering,300,2.75,82.85,19,1,8.88,Graduated
S106918,Student_6918,Male,18,Medicine,100,2.68,93.12,8,3,18.81,Graduated
S106919,Student_6919,Female,26,Education,500,3.27,97.58,9,7,0.0,Dropped
S106920,Student_6920,Female,23,Law,300,2.22,53.56,6,6,10.21,In Progress
S106921,Student_6921,Female,22,Business Admin,200,2.02,74.7,13,0,7.87,Graduated
S106922,Student_6922,Male,28,Engineering,100,3.95,69.16,6,5,7.37,In Progress
S106923,Student_6923,Male,27,Computer Science,300,3.29,72.26,17,5,0.0,In Progress
S106924,Student_6924,Female,25,Education,500,2.51,42.84,8,7,9.61,Graduated
S106925,Student_6925,Male,27,Law,200,2.55,94.84,12,1,0.35,In Progress
S106926,Student_6926,Female,26,Business Admin,500,2.61,97.28,11,6,11.27,Graduated
S106927,Student_6927,Male,21,Law,500,2.09,81.11,8,6,11.69,Graduated
S106928,Student_6928,Male,25,Law,500,2.78,55.5,12,7,17.62,Graduated
S106929,Student_6929,Female,25,Computer Science,400,3.02,87.23,15,7,16.99,Graduated
S106930,Student_6930,Female,29,Engineering,200,3.95,83.85,10,1,9.75,In Progress
S106931,Student_6931,Female,17,Law,500,3.07,74.48,12,0,14.82,Graduated
S106932,Student_6932,Female,21,Business Admin,400,3.52,50.21,8,5,15.64,In Progress
S106933,Student_6933,Female,25,Engineering,100,2.8,52.07,9,3,10.62,In Progress
S106934,Student_6934,Male,23,Medicine,400,2.68,75.36,8,2,7.96,Dropped
S106935,Student_6935,Male,22,Computer Science,100,3.0,47.73,11,6,17.74,In Progress
S106936,Student_6936,Male,22,Engineering,400,3.6,83.44,8,0,10.88,Graduated
S106937,Student_6937,Female,27,Engineering,500,2.58,52.76,9,4,0.35,Graduated
S106938,Student_6938,Female,23,Law,400,3.16,94.63,20,5,11.79,In Progress
S106939,Student_6939,Female,17,Business Admin,400,3.14,93.98,13,6,6.23,In Progress
S106940,Student_6940,Female,20,Law,500,2.98,57.62,12,1,21.83,Graduated
S106941,Student_6941,Female,29,Business Admin,100,3.6,45.0,6,4,5.57,Graduated
S106942,Student_6942,Female,17,Computer Science,500,3.03,76.68,11,3,7.94,In Progress
S106943,Student_6943,Male,22,Engineering,200,2.9,66.9,16,5,14.96,Graduated
S106944,Student_6944,Male,30,Education,400,2.96,48.62,6,5,24.79,Graduated
S106945,Student_6945,Male,29,Business Admin,200,1.52,71.89,14,2,9.25,Graduated
S106946,Student_6946,Male,20,Business Admin,500,2.89,99.56,7,2,5.13,Dropped
S106947,Student_6947,Male,17,Law,500,2.25,44.14,5,2,5.25,Graduated
S106948,Student_6948,Female,25,Law,300,2.86,55.83,6,5,1.58,Graduated
S106949,Student_6949,Female,28,Medicine,200,2.98,72.32,7,6,10.91,Graduated
S106950,Student_6950,Female,20,Business Admin,300,3.32,87.6,20,6,11.81,Graduated
S106951,Student_6951,Female,28,Computer Science,200,4.41,41.13,9,4,3.06,Graduated
S106952,Student_6952,Female,22,Engineering,300,3.94,83.97,17,6,8.47,In Progress
S106953,Student_6953,Female,29,Engineering,300,2.99,48.39,17,3,8.27,Graduated
S106954,Student_6954,Male,23,Engineering,200,3.39,89.84,10,4,6.49,In Progress
S106955,Student_6955,Female,24,Business Admin,500,2.72,81.53,18,5,13.11,Graduated
S106956,Student_6956,Female,28,Law,100,3.13,67.39,11,1,7.15,In Progress
S106957,Student_6957,Female,29,Computer Science,500,3.15,89.29,9,2,17.39,Graduated
S106958,Student_6958,Female,27,Engineering,100,2.31,83.98,9,3,1.5,In Progress
S106959,Student_6959,Male,25,Business Admin,200,2.68,85.55,15,4,9.27,In Progress
S106960,Student_6960,Male,25,Education,400,1.81,57.4,12,6,0.17,In Progress
S106961,Student_6961,Female,24,Medicine,500,2.88,77.17,5,4,12.86,Graduated
S106962,Student_6962,Male,26,Medicine,300,2.97,48.47,13,6,8.75,Graduated
S106963,Student_6963,Male,27,Engineering,500,2.95,89.25,7,4,8.87,Graduated
S106964,Student_6964,Female,28,Law,200,2.3,71.6,15,4,7.17,Graduated
S106965,Student_6965,Female,28,Medicine,400,2.94,89.49,10,5,15.43,Dropped
S106966,Student_6966,Female,30,Medicine,400,3.11,52.67,8,4,15.33,Graduated
S106967,Student_6967,Female,19,Medicine,500,3.32,47.82,6,7,11.92,Dropped
S106968,Student_6968,Female,28,Medicine,500,3.19,81.34,18,1,7.87,Graduated
S106969,Student_6969,Male,18,Engineering,500,2.78,43.5,19,2,10.97,Dropped
S106970,Student_6970,Female,21,Business Admin,200,2.9,54.64,18,6,11.41,In Progress
S106971,Student_6971,Female,17,Computer Science,100,3.18,94.52,20,4,8.84,Graduated
S106972,Student_6972,Female,19,Computer Science,100,2.7,47.97,17,1,22.08,Graduated
S106973,Student_6973,Male,17,Law,300,2.4,62.53,10,5,6.47,In Progress
S106974,Student_6974,Female,29,Business Admin,200,2.74,96.73,18,6,9.94,In Progress
S106975,Student_6975,Female,19,Education,400,3.27,41.2,14,3,7.77,In Progress
S106976,Student_6976,Female,29,Computer Science,300,3.51,66.72,12,3,19.01,Graduated
S106977,Student_6977,Male,20,Education,400,3.65,87.19,8,5,6.66,In Progress
S106978,Student_6978,Female,23,Computer Science,400,2.41,94.54,12,1,14.69,Graduated
S106979,Student_6979,Female,28,Computer Science,500,4.35,84.13,11,6,5.66,Graduated
S106980,Student_6980,Female,28,Law,400,2.51,93.3,5,1,10.59,In Progress
S106981,Student_6981,Male,21,Medicine,400,2.84,42.06,19,6,20.34,Graduated
S106982,Student_6982,Female,21,Law,200,3.83,45.99,9,7,2.62,Graduated
S106983,Student_6983,Female,29,Computer Science,500,1.83,84.26,18,1,5.36,Graduated
S106984,Student_6984,Female,17,Business Admin,500,3.09,85.2,20,7,22.13,Graduated
S106985,Student_6985,Male,24,Medicine,300,2.8,76.32,12,3,15.54,Graduated
S106986,Student_6986,Female,29,Business Admin,500,2.02,83.82,20,4,0.47,Graduated
S106987,Student_6987,Female,20,Business Admin,100,2.03,91.48,10,6,7.24,Graduated
S106988,Student_6988,Female,26,Business Admin,200,3.79,72.73,13,6,8.19,In Progress
S106989,Student_6989,Male,21,Medicine,300,3.36,96.84,15,2,13.62,In Progress
S106990,Student_6990,Male,18,Business Admin,100,3.66,81.65,11,4,13.29,Graduated
S106991,Student_6991,Female,28,Medicine,400,2.27,68.32,6,6,11.4,Graduated
S106992,Student_6992,Male,29,Education,100,3.2,65.29,5,0,3.53,In Progress
S106993,Student_6993,Male,17,Computer Science,300,4.58,85.01,16,1,17.09,Graduated
S106994,Student_6994,Male,25,Engineering,500,2.83,77.83,13,4,13.92,In Progress
S106995,Student_6995,Female,18,Business Admin,200,3.04,89.05,17,7,7.75,Graduated
S106996,Student_6996,Female,22,Law,300,3.01,86.86,20,2,22.86,In Progress
S106997,Student_6997,Male,17,Education,100,2.92,71.45,9,4,8.62,Dropped
S106998,Student_6998,Male,17,Law,100,2.45,96.74,6,0,14.17,In Progress
S106999,Student_6999,Male,25,Engineering,300,3.03,82.26,15,0,21.89,Graduated
S107000,Student_7000,Female,20,Medicine,300,4.14,52.05,18,4,10.04,Graduated
S107001,Student_7001,Female,25,Engineering,300,2.96,77.11,17,5,7.1,Graduated
S107002,Student_7002,Male,27,Law,500,3.85,52.11,8,5,13.82,In Progress
S107003,Student_7003,Male,21,Engineering,300,5.0,73.53,19,5,10.59,Graduated
S107004,Student_7004,Male,23,Computer Science,400,2.43,87.4,14,2,16.64,Graduated
S107005,Student_7005,Male,17,Engineering,200,3.38,88.75,17,4,14.07,In Progress
S107006,Student_7006,Female,22,Business Admin,200,2.18,79.05,16,1,15.05,Dropped
S107007,Student_7007,Male,24,Computer Science,400,2.9,87.0,10,2,5.73,Graduated
S107008,Student_7008,Female,30,Business Admin,100,4.75,68.33,13,7,14.79,Graduated
S107009,Student_7009,Male,17,Engineering,100,3.45,73.04,12,3,4.07,Graduated
S107010,Student_7010,Male,25,Computer Science,100,3.21,92.78,10,2,13.26,In Progress
S107011,Student_7011,Male,19,Computer Science,100,2.17,69.58,8,4,13.3,Graduated
S107012,Student_7012,Male,17,Engineering,500,2.58,61.06,18,4,0.0,Graduated
S107013,Student_7013,Male,17,Education,400,2.42,87.82,14,3,15.85,Graduated
S107014,Student_7014,Female,29,Medicine,200,2.28,43.03,9,0,9.48,Graduated
S107015,Student_7015,Male,30,Medicine,400,3.58,97.5,15,4,7.1,Graduated
S107016,Student_7016,Male,27,Medicine,200,3.48,60.4,15,0,9.57,Dropped
S107017,Student_7017,Male,22,Computer Science,100,2.88,77.78,20,0,3.0,In Progress
S107018,Student_7018,Female,27,Medicine,500,2.62,81.13,8,1,18.31,In Progress
S107019,Student_7019,Female,22,Computer Science,300,3.51,48.22,8,5,13.92,Graduated
S107020,Student_7020,Female,17,Education,300,4.18,89.37,12,0,20.48,Dropped
S107021,Student_7021,Female,30,Engineering,100,3.69,74.33,8,2,9.12,Graduated
S107022,Student_7022,Male,30,Engineering,100,3.08,59.68,17,5,8.31,In Progress
S107023,Student_7023,Male,19,Computer Science,400,3.65,91.04,20,0,14.87,Graduated
S107024,Student_7024,Male,23,Computer Science,500,3.68,77.5,15,5,15.42,Graduated
S107025,Student_7025,Female,26,Education,500,3.11,87.15,7,6,16.44,Graduated
S107026,Student_7026,Male,19,Medicine,400,3.11,99.54,6,6,15.57,In Progress
S107027,Student_7027,Male,19,Education,500,2.63,47.82,14,1,19.11,In Progress
S107028,Student_7028,Female,19,Engineering,500,3.58,84.98,5,4,14.05,Graduated
S107029,Student_7029,Female,28,Engineering,300,2.88,85.46,9,4,12.88,Graduated
S107030,Student_7030,Female,23,Business Admin,500,2.31,92.48,8,3,18.1,In Progress
S107031,Student_7031,Male,20,Medicine,100,2.34,64.48,14,0,4.35,Dropped
S107032,Student_7032,Male,20,Engineering,300,2.97,92.18,13,2,14.11,Graduated
S107033,Student_7033,Female,19,Business Admin,100,2.34,78.39,13,6,5.96,Graduated
S107034,Student_7034,Male,26,Computer Science,100,4.9,44.13,15,6,11.6,Dropped
S107035,Student_7035,Female,27,Engineering,400,3.34,41.89,9,3,12.33,Graduated
S107036,Student_7036,Female,25,Law,500,2.65,68.89,9,3,4.43,Graduated
S107037,Student_7037,Male,18,Medicine,500,3.13,87.15,10,7,9.86,Graduated
S107038,Student_7038,Female,20,Business Admin,500,3.52,63.05,8,6,11.0,In Progress
S107039,Student_7039,Female,24,Medicine,500,3.15,91.11,20,1,11.19,Graduated
S107040,Student_7040,Female,22,Medicine,300,2.33,69.53,17,4,14.04,Graduated
S107041,Student_7041,Male,30,Law,200,2.92,41.58,10,0,12.27,Graduated
S107042,Student_7042,Female,23,Education,100,2.83,98.42,12,5,11.28,Graduated
S107043,Student_7043,Female,29,Computer Science,200,2.68,69.38,16,5,10.09,Graduated
S107044,Student_7044,Female,23,Medicine,200,2.42,79.01,9,0,8.44,Dropped
S107045,Student_7045,Female,18,Engineering,200,3.61,51.96,12,4,11.56,Graduated
S107046,Student_7046,Female,20,Computer Science,300,3.33,57.84,12,7,4.14,Dropped
S107047,Student_7047,Female,26,Engineering,200,3.32,69.06,7,7,8.26,Graduated
S107048,Student_7048,Female,26,Computer Science,300,1.7,91.37,10,5,10.03,Graduated
S107049,Student_7049,Male,22,Computer Science,400,2.72,46.12,5,1,2.29,Graduated
S107050,Student_7050,Male,19,Business Admin,400,3.87,86.82,9,6,13.61,Graduated
S107051,Student_7051,Female,25,Engineering,400,3.28,74.76,11,1,8.78,Graduated
S107052,Student_7052,Male,29,Engineering,300,2.19,69.98,9,1,9.46,In Progress
S107053,Student_7053,Male,20,Computer Science,300,4.17,92.6,7,2,10.87,In Progress
S107054,Student_7054,Female,26,Medicine,100,1.3,47.09,6,0,4.32,Graduated
S107055,Student_7055,Male,29,Engineering,200,3.09,99.45,16,7,10.48,In Progress
S107056,Student_7056,Female,18,Law,500,4.2,91.28,20,6,7.48,Dropped
S107057,Student_7057,Female,22,Law,500,1.9,59.54,6,1,14.28,Graduated
S107058,Student_7058,Female,17,Computer Science,200,2.67,67.09,13,1,13.62,Graduated
S107059,Student_7059,Female,22,Education,500,2.02,41.5,6,4,5.79,In Progress
S107060,Student_7060,Female,29,Computer Science,500,3.99,71.66,20,3,9.56,In Progress
S107061,Student_7061,Male,28,Computer Science,500,2.43,72.86,11,7,4.03,In Progress
S107062,Student_7062,Female,26,Medicine,300,3.7,95.59,19,3,6.1,In Progress
S107063,Student_7063,Male,17,Medicine,300,3.97,63.28,13,3,10.84,Dropped
S107064,Student_7064,Female,30,Business Admin,300,2.1,74.24,16,0,14.07,Graduated
S107065,Student_7065,Female,24,Education,200,1.95,84.44,7,2,8.72,Graduated
S107066,Student_7066,Female,21,Education,400,3.34,76.51,19,0,8.14,Graduated
S107067,Student_7067,Male,22,Education,500,3.54,49.37,11,5,13.71,In Progress
S107068,Student_7068,Female,18,Education,100,2.95,50.31,5,4,12.18,In Progress
S107069,Student_7069,Female,18,Education,300,3.02,48.3,16,1,2.82,In Progress
S107070,Student_7070,Female,28,Computer Science,100,4.04,53.06,10,0,9.0,Graduated
S107071,Student_7071,Female,25,Computer Science,500,2.83,59.7,15,7,8.49,Dropped
S107072,Student_7072,Male,19,Business Admin,400,3.96,84.38,6,3,7.71,In Progress
S107073,Student_7073,Female,22,Law,100,2.6,43.66,14,2,7.39,Graduated
S107074,Student_7074,Male,26,Law,500,4.68,89.23,5,7,12.8,Graduated
S107075,Student_7075,Female,21,Business Admin,500,2.38,55.75,9,4,3.74,Graduated
S107076,Student_7076,Male,30,Business Admin,300,3.83,76.81,18,1,15.67,Graduated
S107077,Student_7077,Male,28,Engineering,400,2.32,73.17,17,6,9.81,Graduated
S107078,Student_7078,Female,20,Computer Science,500,3.55,49.24,10,2,9.96,In Progress
S107079,Student_7079,Female,26,Education,400,2.99,57.24,15,0,18.67,In Progress
S107080,Student_7080,Male,18,Engineering,300,3.19,57.76,20,0,14.45,In Progress
S107081,Student_7081,Female,24,Medicine,100,3.47,77.43,6,7,7.42,In Progress
S107082,Student_7082,Female,26,Computer Science,200,3.17,87.31,8,7,11.17,In Progress
S107083,Student_7083,Female,23,Business Admin,200,3.11,99.78,18,7,7.27,Graduated
S107084,Student_7084,Male,27,Law,200,1.7,45.75,7,2,10.42,Graduated
S107085,Student_7085,Female,18,Computer Science,400,3.97,96.32,5,2,4.99,Graduated
S107086,Student_7086,Female,22,Business Admin,200,4.07,73.69,18,1,8.88,Graduated
S107087,Student_7087,Female,30,Computer Science,100,2.93,61.41,5,6,11.71,Graduated
S107088,Student_7088,Male,24,Computer Science,500,3.39,57.07,7,3,8.86,Graduated
S107089,Student_7089,Female,23,Computer Science,400,3.96,52.54,16,6,7.0,Graduated
S107090,Student_7090,Male,17,Medicine,100,3.42,73.42,6,6,18.87,Graduated
S107091,Student_7091,Female,21,Law,400,2.63,96.76,6,2,9.14,Graduated
S107092,Student_7092,Male,18,Computer Science,400,2.16,50.93,16,1,5.78,Graduated
S107093,Student_7093,Female,22,Business Admin,400,3.44,66.17,14,2,9.07,Graduated
S107094,Student_7094,Female,23,Medicine,300,3.1,52.23,18,5,10.07,Graduated
S107095,Student_7095,Male,30,Engineering,500,3.0,50.54,20,2,13.03,Graduated
S107096,Student_7096,Male,30,Computer Science,200,2.47,92.0,9,5,10.95,In Progress
S107097,Student_7097,Male,23,Medicine,300,2.76,55.72,9,3,9.76,Graduated
S107098,Student_7098,Female,19,Education,500,3.24,54.88,16,1,11.19,In Progress
S107099,Student_7099,Female,23,Engineering,200,2.79,94.59,11,0,21.0,In Progress
S107100,Student_7100,Female,21,Law,300,3.02,63.16,20,1,6.01,In Progress
S107101,Student_7101,Female,24,Computer Science,300,2.98,40.52,20,1,5.81,Graduated
S107102,Student_7102,Male,28,Computer Science,100,3.46,83.27,9,7,16.55,In Progress
S107103,Student_7103,Female,24,Medicine,300,1.99,71.02,18,1,6.4,Graduated
S107104,Student_7104,Female,23,Law,400,2.75,86.45,7,7,7.53,Graduated
S107105,Student_7105,Female,22,Education,300,2.23,74.22,14,3,12.53,In Progress
S107106,Student_7106,Female,18,Engineering,400,3.11,61.08,10,3,7.3,Graduated
S107107,Student_7107,Female,22,Business Admin,500,2.43,43.99,7,4,15.07,In Progress
S107108,Student_7108,Female,29,Law,500,3.66,91.96,16,5,7.18,Dropped
S107109,Student_7109,Female,28,Computer Science,400,2.71,52.43,12,0,7.23,Graduated
S107110,Student_7110,Male,27,Medicine,100,2.6,98.28,10,3,17.79,Dropped
S107111,Student_7111,Female,25,Education,100,2.42,54.75,18,5,8.93,Graduated
S107112,Student_7112,Female,18,Medicine,500,3.18,89.62,11,3,3.93,Graduated
S107113,Student_7113,Female,17,Engineering,300,2.11,87.32,17,1,22.15,Graduated
S107114,Student_7114,Female,27,Law,500,2.93,67.76,7,1,10.22,In Progress
S107115,Student_7115,Male,29,Medicine,500,2.92,64.1,15,5,8.34,Graduated
S107116,Student_7116,Male,21,Business Admin,400,2.63,82.2,11,2,6.67,In Progress
S107117,Student_7117,Male,27,Business Admin,100,3.15,71.71,13,2,11.45,In Progress
S107118,Student_7118,Male,22,Medicine,400,2.68,77.92,12,2,11.25,Dropped
S107119,Student_7119,Male,19,Computer Science,500,3.2,68.21,15,5,19.7,Graduated
S107120,Student_7120,Male,24,Medicine,200,2.62,73.43,17,3,8.93,Dropped
S107121,Student_7121,Female,23,Education,300,2.48,51.35,6,7,14.77,Dropped
S107122,Student_7122,Male,18,Law,500,3.18,43.32,19,2,24.75,Dropped
S107123,Student_7123,Male,28,Engineering,400,3.56,61.36,14,0,12.38,Graduated
S107124,Student_7124,Female,23,Business Admin,200,5.0,67.95,14,5,11.26,Graduated
S107125,Student_7125,Male,17,Medicine,200,2.76,94.36,17,7,11.58,Graduated
S107126,Student_7126,Female,25,Education,500,3.54,64.84,6,7,11.66,Graduated
S107127,Student_7127,Female,29,Business Admin,100,2.69,66.04,18,2,8.53,Graduated
S107128,Student_7128,Male,23,Business Admin,200,3.53,80.49,11,4,3.53,Dropped
S107129,Student_7129,Female,22,Engineering,300,3.91,52.41,18,4,13.9,Graduated
S107130,Student_7130,Male,29,Business Admin,400,3.09,92.3,19,1,8.62,In Progress
S107131,Student_7131,Male,18,Education,400,3.5,65.66,14,3,8.71,In Progress
S107132,Student_7132,Female,19,Business Admin,400,3.31,95.85,16,5,13.31,Dropped
S107133,Student_7133,Female,17,Business Admin,500,3.01,56.28,8,4,8.49,Graduated
S107134,Student_7134,Male,26,Medicine,400,2.7,67.94,13,0,16.69,Graduated
S107135,Student_7135,Female,29,Medicine,400,2.75,86.69,10,1,3.84,In Progress
S107136,Student_7136,Female,21,Law,300,2.07,73.36,13,4,10.4,Graduated
S107137,Student_7137,Male,25,Computer Science,100,3.73,79.67,15,6,5.02,Graduated
S107138,Student_7138,Male,29,Education,500,4.31,56.84,7,2,5.11,Graduated
S107139,Student_7139,Female,22,Computer Science,500,2.01,59.71,10,4,7.74,Graduated
S107140,Student_7140,Male,21,Computer Science,400,3.73,70.46,10,7,12.74,In Progress
S107141,Student_7141,Male,28,Business Admin,300,2.97,52.15,12,4,12.59,Graduated
S107142,Student_7142,Male,19,Engineering,200,2.55,47.58,11,1,15.22,Graduated
S107143,Student_7143,Male,21,Engineering,400,3.1,90.63,7,3,3.43,Graduated
S107144,Student_7144,Male,24,Business Admin,400,2.44,86.49,19,2,7.48,Graduated
S107145,Student_7145,Male,28,Education,500,3.16,95.92,5,2,9.41,In Progress
S107146,Student_7146,Male,18,Computer Science,500,2.79,75.19,6,6,19.06,In Progress
S107147,Student_7147,Female,21,Law,400,2.76,65.22,19,2,1.38,Graduated
S107148,Student_7148,Male,22,Computer Science,500,3.82,46.18,15,2,11.17,Graduated
S107149,Student_7149,Female,26,Engineering,300,1.78,91.03,14,3,9.48,Graduated
S107150,Student_7150,Female,24,Computer Science,200,2.6,67.38,6,2,0.0,Dropped
S107151,Student_7151,Female,24,Medicine,200,1.61,73.67,5,3,14.63,Graduated
S107152,Student_7152,Male,21,Medicine,200,3.09,58.81,20,1,5.78,Graduated
S107153,Student_7153,Male,25,Law,400,2.65,71.43,19,0,16.23,Graduated
S107154,Student_7154,Female,20,Education,400,2.49,86.91,8,3,5.84,Graduated
S107155,Student_7155,Male,28,Computer Science,400,3.2,82.74,10,2,7.6,Graduated
S107156,Student_7156,Female,25,Medicine,300,3.43,99.34,8,1,16.12,Graduated
S107157,Student_7157,Male,27,Education,200,3.83,69.74,17,1,6.65,Graduated
S107158,Student_7158,Male,23,Medicine,500,5.0,71.78,8,4,12.85,In Progress
S107159,Student_7159,Female,22,Education,500,2.6,43.16,15,4,0.86,Graduated
S107160,Student_7160,Female,20,Education,100,2.53,63.36,13,7,11.17,In Progress
S107161,Student_7161,Female,18,Medicine,100,3.0,95.33,6,7,12.47,In Progress
S107162,Student_7162,Male,24,Business Admin,500,3.06,61.03,5,0,15.36,Graduated
S107163,Student_7163,Female,22,Engineering,200,4.21,85.97,11,0,10.9,Graduated
S107164,Student_7164,Male,28,Education,400,3.37,98.66,18,4,4.71,Graduated
S107165,Student_7165,Male,19,Business Admin,500,2.34,47.61,20,5,7.04,Graduated
S107166,Student_7166,Male,23,Computer Science,500,2.3,60.04,19,4,1.61,Dropped
S107167,Student_7167,Female,26,Business Admin,100,3.48,68.46,9,1,7.01,In Progress
S107168,Student_7168,Female,23,Medicine,200,2.85,54.24,17,6,9.59,Dropped
S107169,Student_7169,Female,22,Business Admin,500,3.99,40.75,9,6,11.57,Graduated
S107170,Student_7170,Male,18,Engineering,400,3.36,68.12,6,3,3.84,Dropped
S107171,Student_7171,Male,24,Medicine,400,2.27,72.2,17,7,14.35,Dropped
S107172,Student_7172,Female,17,Law,300,2.18,77.53,10,4,9.41,Dropped
S107173,Student_7173,Male,29,Computer Science,400,3.24,89.63,9,7,14.41,Graduated
S107174,Student_7174,Male,17,Law,500,2.76,55.18,9,2,18.66,Dropped
S107175,Student_7175,Female,22,Business Admin,500,3.8,43.66,10,3,6.87,Dropped
S107176,Student_7176,Female,21,Education,400,3.24,45.39,18,5,10.51,In Progress
S107177,Student_7177,Female,25,Business Admin,100,3.22,69.84,6,3,5.56,Graduated
S107178,Student_7178,Male,29,Education,200,2.14,95.33,19,2,7.3,Graduated
S107179,Student_7179,Male,28,Law,500,2.67,98.93,20,6,7.79,In Progress
S107180,Student_7180,Male,23,Law,400,2.97,52.3,9,2,8.56,Graduated
S107181,Student_7181,Male,18,Education,400,1.69,49.12,15,2,9.54,Graduated
S107182,Student_7182,Male,29,Engineering,500,3.44,61.21,20,1,15.53,In Progress
S107183,Student_7183,Female,28,Computer Science,300,3.6,67.83,5,7,4.84,Graduated
S107184,Student_7184,Male,23,Medicine,200,2.63,88.48,17,6,9.62,Graduated
S107185,Student_7185,Male,19,Law,500,3.89,86.48,17,7,13.37,Dropped
S107186,Student_7186,Male,17,Computer Science,400,3.86,95.36,12,4,16.11,Dropped
S107187,Student_7187,Female,27,Medicine,300,3.37,91.49,5,5,3.46,Graduated
S107188,Student_7188,Female,24,Business Admin,500,2.96,66.33,11,4,13.33,Graduated
S107189,Student_7189,Female,30,Medicine,200,3.7,41.14,17,1,6.38,In Progress
S107190,Student_7190,Male,28,Law,300,1.96,54.2,19,6,11.72,In Progress
S107191,Student_7191,Female,19,Engineering,400,3.05,76.6,10,3,9.69,Graduated
S107192,Student_7192,Female,27,Engineering,100,2.41,70.09,12,1,10.97,In Progress
S107193,Student_7193,Female,24,Computer Science,200,2.54,54.41,19,4,12.53,Graduated
S107194,Student_7194,Male,23,Business Admin,300,3.31,47.9,9,0,5.72,Graduated
S107195,Student_7195,Female,28,Computer Science,500,2.44,52.96,15,7,11.68,Dropped
S107196,Student_7196,Male,18,Education,500,1.93,55.58,19,1,13.5,Graduated
S107197,Student_7197,Male,29,Engineering,300,4.55,92.04,10,0,7.88,Graduated
S107198,Student_7198,Female,30,Computer Science,500,2.58,82.62,8,0,4.78,Graduated
S107199,Student_7199,Male,30,Education,300,2.41,73.14,14,5,0.57,In Progress
S107200,Student_7200,Female,17,Business Admin,200,3.84,41.26,20,2,8.73,In Progress
S107201,Student_7201,Male,23,Medicine,500,2.58,89.27,14,2,15.9,Graduated
S107202,Student_7202,Female,29,Computer Science,200,2.11,73.15,20,7,8.01,Graduated
S107203,Student_7203,Female,17,Education,400,2.36,77.64,5,2,10.87,Graduated
S107204,Student_7204,Female,22,Engineering,400,2.7,43.94,15,7,11.29,Graduated
S107205,Student_7205,Male,29,Medicine,400,2.25,88.89,11,0,17.16,Graduated
S107206,Student_7206,Female,27,Computer Science,400,2.42,89.92,6,4,0.0,Graduated
S107207,Student_7207,Male,26,Engineering,500,2.69,93.0,5,2,14.72,In Progress
S107208,Student_7208,Female,27,Medicine,300,3.68,71.69,5,5,10.1,Dropped
S107209,Student_7209,Male,26,Law,500,4.45,63.64,5,2,14.63,Graduated
S107210,Student_7210,Male,24,Engineering,500,3.78,44.38,6,7,13.73,In Progress
S107211,Student_7211,Female,23,Law,200,2.84,51.63,16,3,7.24,Graduated
S107212,Student_7212,Female,20,Business Admin,300,2.01,53.53,5,5,17.31,Graduated
S107213,Student_7213,Female,17,Computer Science,100,3.49,43.76,17,0,18.69,Graduated
S107214,Student_7214,Female,17,Education,100,2.28,49.26,8,0,15.92,Graduated
S107215,Student_7215,Female,20,Computer Science,300,2.74,93.21,16,2,20.1,In Progress
S107216,Student_7216,Male,21,Engineering,100,4.13,72.72,17,3,9.04,Graduated
S107217,Student_7217,Female,28,Law,300,4.19,85.87,14,3,5.63,Graduated
S107218,Student_7218,Female,23,Law,200,3.12,56.5,14,1,13.59,Dropped
S107219,Student_7219,Male,30,Medicine,200,3.86,48.08,19,1,11.54,Graduated
S107220,Student_7220,Female,20,Computer Science,500,3.83,62.4,15,2,12.85,Graduated
S107221,Student_7221,Female,26,Computer Science,100,3.46,87.58,11,5,7.17,In Progress
S107222,Student_7222,Male,30,Engineering,300,2.81,57.84,14,0,19.22,Graduated
S107223,Student_7223,Female,28,Law,200,2.61,52.27,7,5,10.92,In Progress
S107224,Student_7224,Female,17,Engineering,500,3.03,41.34,13,3,4.25,In Progress
S107225,Student_7225,Female,27,Engineering,100,2.1,77.44,6,7,10.87,Dropped
S107226,Student_7226,Male,26,Business Admin,100,2.67,66.15,6,3,12.9,Graduated
S107227,Student_7227,Female,23,Law,100,3.42,55.53,11,3,5.5,Graduated
S107228,Student_7228,Male,18,Engineering,200,2.56,71.19,17,0,12.77,Graduated
S107229,Student_7229,Female,29,Law,200,4.08,82.04,13,6,10.69,Graduated
S107230,Student_7230,Male,27,Engineering,100,3.17,54.85,18,1,4.63,In Progress
S107231,Student_7231,Female,18,Education,200,3.55,76.53,10,6,6.68,Dropped
S107232,Student_7232,Male,24,Engineering,100,2.85,55.61,15,2,10.73,Graduated
S107233,Student_7233,Male,28,Engineering,400,3.44,99.2,5,1,10.24,In Progress
S107234,Student_7234,Male,26,Education,200,2.21,83.94,10,7,1.06,In Progress
S107235,Student_7235,Male,26,Computer Science,300,3.3,76.16,8,7,12.32,In Progress
S107236,Student_7236,Male,26,Law,200,3.36,50.34,9,3,11.05,Graduated
S107237,Student_7237,Male,21,Medicine,100,3.9,75.18,8,5,13.89,Graduated
S107238,Student_7238,Female,26,Education,300,1.6,88.03,18,5,12.55,In Progress
S107239,Student_7239,Female,18,Computer Science,500,2.53,84.23,7,3,8.54,Graduated
S107240,Student_7240,Male,21,Engineering,300,1.75,86.68,6,0,10.28,In Progress
S107241,Student_7241,Male,24,Business Admin,300,2.41,59.07,6,6,22.13,Dropped
S107242,Student_7242,Male,22,Computer Science,200,2.93,59.7,20,0,6.08,Graduated
S107243,Student_7243,Male,19,Education,300,3.41,72.33,14,6,8.28,Graduated
S107244,Student_7244,Female,24,Business Admin,300,4.57,56.72,15,6,6.13,Graduated
S107245,Student_7245,Male,30,Engineering,100,3.95,46.78,8,0,4.16,Graduated
S107246,Student_7246,Female,25,Computer Science,200,2.66,67.67,20,2,8.02,Graduated
S107247,Student_7247,Female,21,Medicine,100,3.5,40.12,7,4,9.02,In Progress
S107248,Student_7248,Male,29,Law,200,3.86,85.65,20,7,6.03,In Progress
S107249,Student_7249,Male,18,Law,500,2.93,84.98,15,5,22.77,Graduated
S107250,Student_7250,Female,18,Education,300,2.96,73.11,16,6,9.56,Graduated
S107251,Student_7251,Female,23,Engineering,200,2.84,84.86,10,4,5.17,Graduated
S107252,Student_7252,Male,17,Engineering,300,3.34,77.47,14,5,14.41,Graduated
S107253,Student_7253,Male,26,Law,300,3.29,81.85,17,6,5.28,In Progress
S107254,Student_7254,Male,28,Computer Science,400,3.1,43.88,20,6,9.15,Graduated
S107255,Student_7255,Female,18,Engineering,100,4.22,92.88,7,6,1.72,Graduated
S107256,Student_7256,Female,26,Medicine,200,3.7,78.64,7,2,13.36,Graduated
S107257,Student_7257,Male,20,Medicine,500,1.87,76.64,8,5,13.23,Graduated
S107258,Student_7258,Female,17,Engineering,400,1.74,63.23,18,2,12.77,Dropped
S107259,Student_7259,Female,20,Engineering,100,3.29,41.69,19,2,13.69,Graduated
S107260,Student_7260,Male,29,Law,500,2.93,94.09,9,1,8.57,In Progress
S107261,Student_7261,Male,28,Education,500,1.78,99.14,19,5,13.79,Graduated
S107262,Student_7262,Female,27,Law,300,1.67,88.47,15,2,20.84,Graduated
S107263,Student_7263,Female,29,Education,100,2.83,94.9,19,1,11.93,In Progress
S107264,Student_7264,Male,26,Medicine,400,3.18,47.26,13,5,10.08,Dropped
S107265,Student_7265,Male,21,Education,200,3.21,47.72,17,0,2.91,Dropped
S107266,Student_7266,Male,25,Law,200,2.58,92.78,15,5,11.4,Graduated
S107267,Student_7267,Male,17,Engineering,400,2.61,43.45,9,3,5.27,In Progress
S107268,Student_7268,Male,28,Education,300,2.65,45.59,18,4,10.04,Graduated
S107269,Student_7269,Female,21,Law,300,3.35,89.01,19,3,5.34,Graduated
S107270,Student_7270,Female,18,Medicine,500,1.93,73.42,5,4,5.04,Graduated
S107271,Student_7271,Female,25,Business Admin,100,3.01,63.5,13,0,9.51,Graduated
S107272,Student_7272,Female,22,Education,500,3.71,73.21,17,4,19.36,Graduated
S107273,Student_7273,Male,18,Medicine,200,2.75,92.72,6,0,6.81,Graduated
S107274,Student_7274,Male,30,Medicine,400,3.11,85.43,17,5,4.92,Graduated
S107275,Student_7275,Male,19,Computer Science,100,3.29,81.5,8,3,21.47,Graduated
S107276,Student_7276,Female,30,Business Admin,400,2.54,98.61,20,1,7.34,In Progress
S107277,Student_7277,Female,24,Education,100,2.93,71.28,14,5,9.19,Graduated
S107278,Student_7278,Female,17,Law,200,2.09,40.38,10,6,9.45,Graduated
S107279,Student_7279,Male,28,Education,200,3.34,65.74,13,5,12.59,In Progress
S107280,Student_7280,Female,19,Education,100,3.11,45.79,6,4,4.91,Graduated
S107281,Student_7281,Male,29,Business Admin,300,3.82,46.99,13,6,8.86,Graduated
S107282,Student_7282,Male,26,Medicine,100,3.61,55.29,13,6,12.0,Graduated
S107283,Student_7283,Male,17,Medicine,200,3.83,62.88,5,5,10.14,Graduated
S107284,Student_7284,Male,27,Medicine,400,3.86,68.9,16,7,5.83,Graduated
S107285,Student_7285,Male,27,Medicine,500,2.49,50.19,16,2,4.48,Graduated
S107286,Student_7286,Male,24,Business Admin,400,3.34,58.7,15,1,12.59,Graduated
S107287,Student_7287,Female,17,Law,200,3.47,56.59,10,1,8.14,Graduated
S107288,Student_7288,Male,29,Engineering,400,2.56,61.91,16,0,16.56,Graduated
S107289,Student_7289,Male,21,Computer Science,300,3.86,46.48,10,3,9.5,Graduated
S107290,Student_7290,Female,20,Medicine,300,2.92,63.84,13,2,12.26,Graduated
S107291,Student_7291,Male,23,Medicine,100,3.45,73.26,10,7,13.17,Dropped
S107292,Student_7292,Female,30,Computer Science,400,3.77,45.82,17,3,12.19,Graduated
S107293,Student_7293,Female,21,Medicine,400,3.3,71.25,18,7,6.04,In Progress
S107294,Student_7294,Female,24,Engineering,200,4.27,85.35,20,6,14.27,Graduated
S107295,Student_7295,Male,28,Education,100,4.69,40.49,6,6,13.86,In Progress
S107296,Student_7296,Male,30,Computer Science,100,3.01,42.85,17,3,6.9,In Progress
S107297,Student_7297,Female,27,Law,400,3.67,67.99,12,1,7.72,Graduated
S107298,Student_7298,Male,17,Computer Science,500,4.66,92.37,5,2,11.13,Dropped
S107299,Student_7299,Male,21,Engineering,400,2.57,99.87,9,4,12.9,In Progress
S107300,Student_7300,Female,20,Business Admin,400,1.05,45.6,20,7,7.96,Graduated
S107301,Student_7301,Female,19,Law,400,3.67,41.1,14,6,11.21,In Progress
S107302,Student_7302,Male,21,Education,300,2.73,53.73,7,2,6.67,In Progress
S107303,Student_7303,Female,26,Medicine,100,2.16,68.05,15,7,9.33,Graduated
S107304,Student_7304,Female,19,Computer Science,300,2.5,74.31,10,0,9.28,Graduated
S107305,Student_7305,Female,24,Law,500,1.91,98.41,18,5,20.71,Graduated
S107306,Student_7306,Male,29,Computer Science,200,4.19,93.31,16,1,14.54,In Progress
S107307,Student_7307,Male,19,Education,500,4.02,73.73,9,2,9.45,Graduated
S107308,Student_7308,Male,17,Computer Science,100,2.84,61.7,16,0,10.63,Graduated
S107309,Student_7309,Female,25,Law,200,2.9,59.28,16,4,7.52,In Progress
S107310,Student_7310,Male,25,Engineering,500,3.14,74.36,17,3,8.7,Graduated
S107311,Student_7311,Female,22,Business Admin,100,4.17,83.28,17,3,10.36,In Progress
S107312,Student_7312,Male,26,Law,500,2.26,68.9,14,0,7.5,Graduated
S107313,Student_7313,Male,17,Computer Science,200,2.88,58.26,17,1,12.07,In Progress
S107314,Student_7314,Female,24,Education,200,3.87,76.79,17,3,12.18,In Progress
S107315,Student_7315,Male,18,Medicine,500,2.77,73.48,18,7,21.91,Graduated
S107316,Student_7316,Female,25,Medicine,300,2.42,65.64,8,1,0.0,Graduated
S107317,Student_7317,Male,30,Education,500,3.12,84.9,7,1,8.57,In Progress
S107318,Student_7318,Male,24,Computer Science,500,1.75,56.93,5,3,6.27,In Progress
S107319,Student_7319,Female,19,Business Admin,500,3.26,69.1,12,4,0.0,Graduated
S107320,Student_7320,Female,29,Education,300,2.82,96.42,20,7,11.83,In Progress
S107321,Student_7321,Female,21,Computer Science,400,3.45,83.37,15,5,9.15,Graduated
S107322,Student_7322,Male,25,Law,200,2.51,63.28,9,7,13.59,In Progress
S107323,Student_7323,Male,29,Business Admin,100,3.32,72.77,20,2,13.97,Graduated
S107324,Student_7324,Male,17,Engineering,200,3.15,64.33,12,5,5.47,In Progress
S107325,Student_7325,Female,25,Computer Science,200,2.17,46.75,13,3,7.93,Graduated
S107326,Student_7326,Female,20,Medicine,400,2.34,60.1,17,2,16.56,Graduated
S107327,Student_7327,Female,20,Medicine,200,3.86,91.63,12,1,0.54,Graduated
S107328,Student_7328,Male,20,Business Admin,200,3.67,67.67,10,6,7.81,Graduated
S107329,Student_7329,Male,26,Engineering,300,1.79,75.08,14,4,10.0,Graduated
S107330,Student_7330,Female,28,Computer Science,300,2.7,50.89,12,1,6.84,Graduated
S107331,Student_7331,Male,25,Engineering,300,3.22,61.37,9,6,8.4,Graduated
S107332,Student_7332,Female,30,Law,300,3.37,95.75,13,4,16.66,Dropped
S107333,Student_7333,Male,22,Engineering,300,3.19,58.85,10,6,15.13,Graduated
S107334,Student_7334,Male,27,Law,100,3.27,55.03,6,5,3.45,Graduated
S107335,Student_7335,Female,24,Medicine,400,2.75,43.35,11,5,14.33,In Progress
S107336,Student_7336,Male,28,Law,500,3.12,45.83,18,5,10.81,Graduated
S107337,Student_7337,Male,30,Computer Science,300,2.31,75.09,5,0,13.84,Graduated
S107338,Student_7338,Female,20,Business Admin,400,2.74,79.6,14,7,16.16,Graduated
S107339,Student_7339,Female,19,Business Admin,500,1.54,78.49,16,5,11.9,Graduated
S107340,Student_7340,Male,30,Computer Science,200,2.26,72.39,19,4,18.71,In Progress
S107341,Student_7341,Female,17,Computer Science,200,2.38,69.46,19,4,17.06,In Progress
S107342,Student_7342,Male,26,Computer Science,400,2.42,44.33,5,5,17.52,Graduated
S107343,Student_7343,Female,23,Education,100,3.51,90.44,16,1,9.11,Graduated
S107344,Student_7344,Male,20,Law,100,1.9,70.78,18,5,11.15,Graduated
S107345,Student_7345,Male,30,Computer Science,400,2.55,47.91,19,5,9.6,In Progress
S107346,Student_7346,Female,24,Business Admin,100,3.45,48.15,19,7,6.52,In Progress
S107347,Student_7347,Male,30,Engineering,100,2.07,70.78,12,3,15.34,Graduated
S107348,Student_7348,Male,19,Engineering,200,3.89,54.67,19,6,13.19,Graduated
S107349,Student_7349,Female,17,Education,100,3.13,95.32,16,3,7.15,Dropped
S107350,Student_7350,Female,21,Law,100,3.48,69.94,9,6,11.78,Graduated
S107351,Student_7351,Male,30,Law,400,2.34,98.71,15,2,3.33,In Progress
S107352,Student_7352,Female,18,Law,100,2.47,84.05,14,0,0.0,In Progress
S107353,Student_7353,Female,19,Business Admin,300,2.9,88.64,20,7,11.4,Graduated
S107354,Student_7354,Male,30,Business Admin,300,3.57,63.33,13,7,18.62,In Progress
S107355,Student_7355,Male,22,Education,400,3.55,48.04,18,7,6.85,In Progress
S107356,Student_7356,Female,19,Law,300,3.28,81.38,16,4,8.87,In Progress
S107357,Student_7357,Female,19,Law,200,2.85,64.42,10,2,5.71,In Progress
S107358,Student_7358,Female,28,Computer Science,400,2.46,96.93,19,7,9.79,Graduated
S107359,Student_7359,Male,22,Law,100,3.74,51.62,17,5,8.09,Graduated
S107360,Student_7360,Male,21,Business Admin,300,2.75,77.59,20,4,9.79,In Progress
S107361,Student_7361,Male,26,Computer Science,200,1.92,91.96,20,4,4.84,In Progress
S107362,Student_7362,Male,25,Computer Science,400,2.33,64.17,5,0,8.81,In Progress
S107363,Student_7363,Male,17,Law,400,2.51,97.22,10,0,5.75,Graduated
S107364,Student_7364,Male,29,Engineering,100,2.76,44.6,17,6,0.0,Graduated
S107365,Student_7365,Male,19,Medicine,500,2.95,75.22,5,2,13.62,Graduated
S107366,Student_7366,Female,19,Business Admin,300,2.04,86.64,17,7,11.3,Graduated
S107367,Student_7367,Female,27,Engineering,200,2.66,52.11,9,3,10.21,Dropped
S107368,Student_7368,Male,22,Law,400,2.75,43.47,7,4,11.98,Graduated
S107369,Student_7369,Male,24,Law,300,2.86,44.79,16,1,2.21,Graduated
S107370,Student_7370,Male,19,Engineering,200,2.46,59.15,14,2,16.87,In Progress
S107371,Student_7371,Female,19,Law,200,4.73,53.39,14,4,9.36,Dropped
S107372,Student_7372,Male,22,Business Admin,400,2.75,53.43,13,6,15.25,Graduated
S107373,Student_7373,Female,24,Computer Science,300,2.58,67.51,5,0,2.95,Dropped
S107374,Student_7374,Female,22,Education,200,2.23,45.1,10,5,8.27,In Progress
S107375,Student_7375,Female,29,Law,400,3.53,99.73,18,0,18.76,Graduated
S107376,Student_7376,Female,28,Law,300,1.7,81.75,7,0,13.76,Graduated
S107377,Student_7377,Female,30,Engineering,300,1.75,41.82,13,0,3.09,Dropped
S107378,Student_7378,Male,26,Computer Science,400,2.98,81.51,6,5,12.77,Dropped
S107379,Student_7379,Male,19,Engineering,300,3.33,87.51,16,7,6.81,Graduated
S107380,Student_7380,Female,20,Business Admin,500,2.94,51.45,15,3,4.21,Graduated
S107381,Student_7381,Male,17,Engineering,200,4.42,90.42,11,3,6.84,Graduated
S107382,Student_7382,Female,29,Law,200,2.64,76.71,13,4,10.73,In Progress
S107383,Student_7383,Female,24,Computer Science,300,2.79,89.25,19,7,10.58,Graduated
S107384,Student_7384,Male,20,Business Admin,400,2.97,83.0,19,4,5.66,In Progress
S107385,Student_7385,Male,22,Law,100,3.03,82.28,20,2,9.16,Graduated
S107386,Student_7386,Male,27,Business Admin,300,2.91,49.49,7,0,4.91,Graduated
S107387,Student_7387,Male,19,Law,100,2.88,58.95,20,6,9.38,Graduated
S107388,Student_7388,Male,27,Law,300,2.09,71.39,7,0,11.94,Graduated
S107389,Student_7389,Female,28,Law,100,3.48,46.75,7,5,1.85,In Progress
S107390,Student_7390,Male,27,Education,300,3.69,68.71,5,1,3.79,In Progress
S107391,Student_7391,Male,22,Medicine,400,2.67,66.72,17,7,6.78,In Progress
S107392,Student_7392,Male,28,Computer Science,100,2.97,53.92,13,1,12.62,Graduated
S107393,Student_7393,Female,27,Education,500,4.09,51.98,13,0,4.18,Graduated
S107394,Student_7394,Male,25,Medicine,400,2.47,54.84,10,1,13.82,Dropped
S107395,Student_7395,Female,25,Business Admin,300,3.14,76.31,13,1,4.09,Graduated
S107396,Student_7396,Male,26,Medicine,100,3.07,64.9,13,0,5.1,Graduated
S107397,Student_7397,Male,19,Medicine,200,4.12,64.84,5,3,7.82,In Progress
S107398,Student_7398,Female,19,Education,400,4.3,50.9,7,3,7.11,Graduated
S107399,Student_7399,Male,20,Computer Science,100,3.56,87.24,19,7,5.94,Graduated
S107400,Student_7400,Male,28,Engineering,400,5.0,82.02,7,6,3.22,Graduated
S107401,Student_7401,Female,23,Medicine,100,3.02,65.74,5,7,2.02,Graduated
S107402,Student_7402,Male,19,Engineering,200,0.0,48.53,20,4,13.94,In Progress
S107403,Student_7403,Female,26,Engineering,500,2.64,82.88,10,3,9.99,Graduated
S107404,Student_7404,Female,24,Law,200,2.68,93.93,8,0,18.27,Graduated
S107405,Student_7405,Female,27,Engineering,300,4.09,50.7,20,6,9.8,Dropped
S107406,Student_7406,Female,24,Business Admin,400,2.87,76.16,20,1,11.98,Graduated
S107407,Student_7407,Female,22,Business Admin,500,3.93,65.46,12,0,16.94,In Progress
S107408,Student_7408,Male,20,Law,400,3.56,45.26,10,2,12.83,Dropped
S107409,Student_7409,Male,27,Computer Science,100,3.21,83.55,8,6,8.24,In Progress
S107410,Student_7410,Male,28,Computer Science,300,3.28,44.27,9,1,7.27,Graduated
S107411,Student_7411,Female,27,Business Admin,300,3.2,82.13,16,0,11.73,Graduated
S107412,Student_7412,Female,21,Law,400,3.8,56.87,6,7,12.44,Graduated
S107413,Student_7413,Female,28,Computer Science,300,2.82,73.94,14,6,12.05,Graduated
S107414,Student_7414,Female,18,Medicine,400,2.73,49.63,16,7,9.15,Graduated
S107415,Student_7415,Male,29,Computer Science,100,3.29,62.25,5,4,7.84,Graduated
S107416,Student_7416,Male,22,Law,100,3.14,46.25,16,4,12.37,Graduated
S107417,Student_7417,Female,19,Business Admin,400,2.85,68.04,11,1,9.37,In Progress
S107418,Student_7418,Female,22,Medicine,200,4.53,52.8,14,3,3.19,Graduated
S107419,Student_7419,Male,28,Engineering,200,3.5,51.28,16,4,6.4,Graduated
S107420,Student_7420,Female,21,Engineering,100,2.61,46.43,7,5,4.63,Graduated
S107421,Student_7421,Female,30,Engineering,500,3.42,85.93,17,2,11.89,Dropped
S107422,Student_7422,Female,18,Business Admin,200,2.34,78.37,7,7,6.37,Graduated
S107423,Student_7423,Male,28,Law,400,2.2,49.41,10,5,20.96,Graduated
S107424,Student_7424,Male,29,Engineering,100,3.56,68.35,7,5,12.73,In Progress
S107425,Student_7425,Female,30,Computer Science,300,2.4,79.65,11,6,18.01,Dropped
S107426,Student_7426,Male,21,Engineering,300,3.03,92.68,11,5,18.15,Graduated
S107427,Student_7427,Female,21,Education,200,2.27,43.57,9,1,8.29,Dropped
S107428,Student_7428,Female,30,Business Admin,500,2.8,61.74,5,2,15.55,Graduated
S107429,Student_7429,Male,25,Education,200,2.7,76.96,17,1,10.49,In Progress
S107430,Student_7430,Female,27,Engineering,500,2.93,40.94,13,3,15.97,Graduated
S107431,Student_7431,Female,24,Engineering,200,4.62,54.61,20,0,2.99,Graduated
S107432,Student_7432,Male,28,Education,300,3.9,84.69,19,5,11.74,Graduated
S107433,Student_7433,Female,28,Business Admin,500,2.92,61.34,6,1,11.87,Graduated
S107434,Student_7434,Female,23,Business Admin,300,2.86,45.07,19,0,16.97,Graduated
S107435,Student_7435,Female,28,Engineering,400,2.51,77.6,8,1,4.43,Graduated
S107436,Student_7436,Male,29,Business Admin,400,2.27,55.0,19,6,8.71,Graduated
S107437,Student_7437,Female,30,Medicine,100,2.9,82.1,19,3,11.19,In Progress
S107438,Student_7438,Male,19,Business Admin,300,3.93,94.01,14,2,12.14,Graduated
S107439,Student_7439,Female,26,Education,300,0.79,71.67,14,0,19.44,Graduated
S107440,Student_7440,Female,20,Law,100,3.72,75.95,6,2,11.46,Graduated
S107441,Student_7441,Female,22,Education,400,3.8,70.86,19,7,12.41,Graduated
S107442,Student_7442,Female,19,Computer Science,400,1.51,89.05,16,1,14.6,In Progress
S107443,Student_7443,Male,27,Medicine,500,3.03,54.5,5,6,11.0,Graduated
S107444,Student_7444,Male,25,Law,500,2.69,64.09,17,5,6.63,In Progress
S107445,Student_7445,Female,24,Engineering,400,2.88,93.7,19,1,6.19,In Progress
S107446,Student_7446,Female,22,Computer Science,200,3.15,83.42,5,7,13.95,Graduated
S107447,Student_7447,Female,20,Computer Science,300,3.22,59.21,5,3,9.18,Graduated
S107448,Student_7448,Female,23,Medicine,500,2.04,89.96,11,1,4.64,Graduated
S107449,Student_7449,Female,29,Law,200,4.14,54.33,15,3,4.98,Graduated
S107450,Student_7450,Female,27,Computer Science,500,2.67,78.05,16,1,10.34,Graduated
S107451,Student_7451,Female,19,Law,100,4.84,97.39,13,5,12.85,In Progress
S107452,Student_7452,Female,26,Law,300,2.34,74.48,19,2,14.18,Graduated
S107453,Student_7453,Male,24,Business Admin,500,2.26,87.97,5,1,11.19,Graduated
S107454,Student_7454,Male,17,Computer Science,400,3.23,84.13,14,0,3.09,Graduated
S107455,Student_7455,Male,19,Law,100,3.63,91.94,10,7,6.73,In Progress
S107456,Student_7456,Female,27,Medicine,100,3.89,98.13,20,4,0.48,Graduated
S107457,Student_7457,Female,21,Computer Science,400,2.31,41.34,15,0,17.52,Graduated
S107458,Student_7458,Female,21,Medicine,100,2.77,41.67,9,6,0.0,Graduated
S107459,Student_7459,Male,26,Medicine,300,4.31,75.67,18,0,11.65,In Progress
S107460,Student_7460,Female,30,Law,500,2.74,97.25,7,3,14.23,Graduated
S107461,Student_7461,Male,18,Law,100,3.62,69.14,6,1,13.73,Graduated
S107462,Student_7462,Female,26,Business Admin,300,1.67,90.39,6,7,19.76,In Progress
S107463,Student_7463,Male,24,Business Admin,400,1.87,86.07,19,2,5.78,In Progress
S107464,Student_7464,Male,21,Computer Science,500,3.68,69.9,6,6,7.68,Graduated
S107465,Student_7465,Male,23,Business Admin,400,2.9,70.79,11,1,0.23,In Progress
S107466,Student_7466,Female,23,Engineering,500,3.53,66.16,8,4,10.7,Graduated
S107467,Student_7467,Male,30,Computer Science,100,2.56,55.13,11,1,5.64,Dropped
S107468,Student_7468,Female,21,Medicine,100,1.84,91.52,18,4,13.83,In Progress
S107469,Student_7469,Female,24,Business Admin,500,3.06,52.57,14,4,6.37,Graduated
S107470,Student_7470,Female,25,Business Admin,300,2.02,94.42,5,0,11.68,In Progress
S107471,Student_7471,Female,20,Business Admin,300,3.09,61.58,16,4,18.47,Dropped
S107472,Student_7472,Female,20,Law,300,2.32,41.59,14,4,6.15,Graduated
S107473,Student_7473,Male,24,Medicine,200,3.46,50.1,8,5,16.75,In Progress
S107474,Student_7474,Female,17,Business Admin,300,2.81,93.27,13,6,1.02,Graduated
S107475,Student_7475,Female,20,Education,100,2.79,47.71,20,6,12.1,Graduated
S107476,Student_7476,Female,22,Education,200,3.24,84.33,11,2,12.09,Graduated
S107477,Student_7477,Female,29,Medicine,300,3.65,50.97,20,5,8.37,Graduated
S107478,Student_7478,Female,20,Business Admin,100,3.13,69.94,14,3,13.67,Graduated
S107479,Student_7479,Male,22,Engineering,200,4.25,52.31,10,1,11.5,In Progress
S107480,Student_7480,Male,21,Engineering,100,4.22,59.99,11,2,11.77,Graduated
S107481,Student_7481,Female,30,Computer Science,500,2.51,47.49,6,3,6.97,Graduated
S107482,Student_7482,Male,25,Computer Science,100,2.22,73.36,5,0,8.13,Graduated
S107483,Student_7483,Male,26,Business Admin,200,2.14,61.95,14,2,14.78,In Progress
S107484,Student_7484,Female,25,Computer Science,300,4.26,61.93,13,2,5.16,Graduated
S107485,Student_7485,Male,20,Law,200,2.15,42.31,20,0,7.19,Graduated
S107486,Student_7486,Female,29,Engineering,300,2.73,48.17,20,7,2.79,In Progress
S107487,Student_7487,Male,30,Medicine,300,3.01,82.45,6,4,9.63,Graduated
S107488,Student_7488,Male,20,Business Admin,400,4.24,57.54,6,0,20.25,Graduated
S107489,Student_7489,Male,28,Business Admin,500,2.08,66.52,7,1,12.42,In Progress
S107490,Student_7490,Female,24,Education,400,3.76,85.78,16,0,3.8,Graduated
S107491,Student_7491,Male,26,Engineering,200,3.01,66.69,17,6,17.1,Graduated
S107492,Student_7492,Male,20,Engineering,400,2.91,53.54,7,2,4.8,Dropped
S107493,Student_7493,Female,18,Engineering,300,2.98,72.99,7,6,14.54,Dropped
S107494,Student_7494,Female,29,Computer Science,200,2.51,88.07,8,7,9.66,In Progress
S107495,Student_7495,Male,29,Law,400,2.71,75.98,15,6,12.41,Graduated
S107496,Student_7496,Female,30,Medicine,100,2.49,65.21,5,0,15.63,Graduated
S107497,Student_7497,Male,18,Computer Science,500,2.08,47.54,15,1,2.5,Graduated
S107498,Student_7498,Male,17,Law,100,2.18,54.92,17,6,8.35,Graduated
S107499,Student_7499,Female,21,Engineering,200,3.83,96.77,5,7,14.23,Graduated
S107500,Student_7500,Female,22,Law,400,2.75,86.31,18,4,9.0,In Progress
S107501,Student_7501,Female,25,Computer Science,300,3.47,45.25,16,4,7.06,Dropped
S107502,Student_7502,Male,21,Engineering,400,2.88,40.33,16,3,9.31,Graduated
S107503,Student_7503,Female,29,Computer Science,200,2.86,50.53,8,5,7.27,In Progress
S107504,Student_7504,Male,22,Medicine,200,2.95,96.63,20,3,7.99,In Progress
S107505,Student_7505,Female,22,Engineering,200,3.51,74.8,5,1,17.03,Graduated
S107506,Student_7506,Male,19,Law,200,2.52,90.32,16,3,8.06,Graduated
S107507,Student_7507,Female,28,Computer Science,400,2.89,67.91,8,4,16.83,Graduated
S107508,Student_7508,Male,20,Education,100,3.63,89.6,17,6,15.35,Graduated
S107509,Student_7509,Female,17,Law,300,3.76,42.03,6,6,12.45,In Progress
S107510,Student_7510,Male,20,Law,300,4.04,65.61,20,5,7.18,Graduated
S107511,Student_7511,Female,17,Engineering,500,2.33,62.66,11,4,11.25,Dropped
S107512,Student_7512,Female,21,Business Admin,200,2.55,98.89,10,6,10.43,Dropped
S107513,Student_7513,Male,27,Law,200,2.86,58.03,6,3,7.21,Graduated
S107514,Student_7514,Female,27,Computer Science,200,2.08,65.02,6,0,10.58,In Progress
S107515,Student_7515,Male,24,Education,100,3.61,85.53,16,4,7.62,Graduated
S107516,Student_7516,Male,24,Medicine,200,3.2,92.84,5,6,19.27,Graduated
S107517,Student_7517,Female,21,Education,500,2.89,92.7,20,3,4.42,Graduated
S107518,Student_7518,Male,30,Computer Science,500,3.72,63.67,8,3,13.48,In Progress
S107519,Student_7519,Female,26,Engineering,100,2.47,96.91,6,6,10.17,Dropped
S107520,Student_7520,Female,18,Computer Science,200,3.79,79.21,9,7,13.77,Dropped
S107521,Student_7521,Male,28,Business Admin,400,4.22,91.07,16,6,14.23,Graduated
S107522,Student_7522,Female,22,Business Admin,400,3.22,95.58,16,1,15.71,In Progress
S107523,Student_7523,Male,17,Business Admin,300,3.0,54.02,8,1,8.1,In Progress
S107524,Student_7524,Male,23,Law,100,3.12,69.95,20,4,2.58,Graduated
S107525,Student_7525,Female,27,Engineering,400,2.03,75.27,5,2,23.21,Graduated
S107526,Student_7526,Female,20,Business Admin,300,2.86,88.15,9,7,8.5,Graduated
S107527,Student_7527,Male,21,Medicine,500,4.44,64.07,9,3,2.58,Graduated
S107528,Student_7528,Male,22,Medicine,300,4.49,52.63,19,6,11.61,Graduated
S107529,Student_7529,Female,27,Computer Science,200,3.06,84.59,17,0,9.33,Dropped
S107530,Student_7530,Female,17,Business Admin,200,2.62,75.54,9,2,14.02,In Progress
S107531,Student_7531,Female,25,Law,500,3.72,93.9,6,3,9.76,Graduated
S107532,Student_7532,Female,26,Medicine,100,2.97,79.3,8,2,16.55,Graduated
S107533,Student_7533,Male,20,Education,200,3.66,41.01,20,3,8.75,Dropped
S107534,Student_7534,Female,24,Engineering,200,2.48,98.0,18,3,3.73,In Progress
S107535,Student_7535,Male,21,Education,300,3.21,75.59,9,2,13.16,In Progress
S107536,Student_7536,Male,27,Medicine,300,2.75,75.75,20,1,4.23,Dropped
S107537,Student_7537,Female,24,Medicine,300,3.0,94.56,15,7,10.68,Graduated
S107538,Student_7538,Male,17,Computer Science,400,2.6,79.83,15,3,15.54,In Progress
S107539,Student_7539,Female,24,Computer Science,500,2.9,68.76,10,4,6.84,Graduated
S107540,Student_7540,Male,27,Business Admin,100,3.21,46.44,11,7,13.11,In Progress
S107541,Student_7541,Female,29,Engineering,300,3.49,97.73,14,2,11.5,In Progress
S107542,Student_7542,Male,27,Business Admin,100,2.89,44.71,15,5,7.25,Graduated
S107543,Student_7543,Male,20,Computer Science,300,4.02,50.22,7,7,17.25,In Progress
S107544,Student_7544,Female,18,Law,200,2.1,89.17,7,1,13.12,Graduated
S107545,Student_7545,Female,27,Engineering,100,1.95,69.42,14,0,16.59,In Progress
S107546,Student_7546,Male,22,Law,400,2.58,50.7,16,6,6.34,In Progress
S107547,Student_7547,Male,18,Business Admin,300,3.01,57.17,6,3,10.74,In Progress
S107548,Student_7548,Female,21,Computer Science,500,4.14,99.64,13,5,15.47,In Progress
S107549,Student_7549,Male,18,Engineering,200,2.87,75.04,5,3,10.59,Graduated
S107550,Student_7550,Female,19,Business Admin,300,2.34,64.1,7,5,18.81,In Progress
S107551,Student_7551,Male,27,Medicine,100,2.55,92.57,7,4,7.28,Graduated
S107552,Student_7552,Female,22,Business Admin,300,3.06,68.78,12,1,10.39,Graduated
S107553,Student_7553,Male,17,Education,200,2.25,58.48,20,3,14.57,Graduated
S107554,Student_7554,Female,22,Medicine,500,4.35,49.85,16,6,12.33,Graduated
S107555,Student_7555,Female,19,Law,500,1.36,84.67,19,5,11.75,Graduated
S107556,Student_7556,Male,23,Medicine,500,2.47,75.77,10,1,12.02,Graduated
S107557,Student_7557,Female,18,Business Admin,200,2.61,45.54,7,6,0.59,Graduated
S107558,Student_7558,Male,30,Medicine,300,2.32,75.5,5,3,9.2,Graduated
S107559,Student_7559,Female,22,Education,200,3.47,49.57,7,5,11.52,Graduated
S107560,Student_7560,Female,24,Business Admin,200,2.54,98.9,8,0,12.07,In Progress
S107561,Student_7561,Female,17,Education,300,3.43,55.58,5,7,5.67,Dropped
S107562,Student_7562,Male,27,Medicine,400,4.11,81.76,7,5,11.5,In Progress
S107563,Student_7563,Female,27,Education,500,3.87,79.36,8,4,12.37,Graduated
S107564,Student_7564,Male,29,Medicine,100,3.11,81.48,19,0,11.35,In Progress
S107565,Student_7565,Female,25,Engineering,100,3.0,65.8,11,6,10.08,Graduated
S107566,Student_7566,Male,21,Medicine,300,3.62,44.46,8,7,5.73,In Progress
S107567,Student_7567,Male,21,Computer Science,100,2.8,98.8,5,0,6.44,In Progress
S107568,Student_7568,Male,29,Education,400,2.66,51.49,13,5,11.66,Graduated
S107569,Student_7569,Female,28,Education,200,2.31,86.18,10,7,0.0,In Progress
S107570,Student_7570,Male,21,Law,500,3.22,48.25,13,2,15.68,Graduated
S107571,Student_7571,Female,22,Law,100,2.26,56.87,11,0,8.05,Graduated
S107572,Student_7572,Male,18,Computer Science,100,2.5,73.59,8,4,12.03,In Progress
S107573,Student_7573,Male,22,Education,300,4.47,64.81,5,4,15.97,In Progress
S107574,Student_7574,Male,30,Education,300,3.47,97.5,19,5,4.02,In Progress
S107575,Student_7575,Male,27,Law,200,3.28,90.86,11,3,12.17,Dropped
S107576,Student_7576,Female,20,Law,500,2.5,95.31,13,5,8.83,Graduated
S107577,Student_7577,Male,24,Medicine,100,3.54,78.44,16,0,1.54,Graduated
S107578,Student_7578,Male,29,Business Admin,200,2.29,53.13,20,6,17.73,Graduated
S107579,Student_7579,Female,27,Education,500,1.93,71.11,10,1,5.29,Graduated
S107580,Student_7580,Male,25,Education,200,2.61,85.93,16,2,16.26,Graduated
S107581,Student_7581,Male,25,Medicine,100,2.17,43.88,20,5,4.37,In Progress
S107582,Student_7582,Male,24,Education,300,3.33,91.79,5,2,2.68,In Progress
S107583,Student_7583,Male,19,Computer Science,300,3.26,77.88,13,2,4.0,Dropped
S107584,Student_7584,Female,26,Law,300,3.16,83.41,11,4,4.68,Graduated
S107585,Student_7585,Female,27,Law,400,3.41,81.66,5,4,5.38,Dropped
S107586,Student_7586,Male,27,Business Admin,200,3.38,90.87,18,3,13.93,Graduated
S107587,Student_7587,Female,20,Law,100,2.53,45.25,19,0,20.62,In Progress
S107588,Student_7588,Female,17,Engineering,200,3.34,62.62,8,7,17.13,Graduated
S107589,Student_7589,Male,25,Computer Science,300,3.22,70.16,9,4,10.21,Graduated
S107590,Student_7590,Female,21,Computer Science,200,2.57,72.8,6,2,8.76,Dropped
S107591,Student_7591,Male,22,Medicine,500,2.75,96.55,7,7,8.67,Dropped
S107592,Student_7592,Female,19,Engineering,200,3.6,42.55,6,4,0.0,Graduated
S107593,Student_7593,Female,27,Education,400,2.08,91.98,18,5,10.98,Graduated
S107594,Student_7594,Female,26,Business Admin,400,3.23,73.11,8,0,12.67,In Progress
S107595,Student_7595,Male,24,Computer Science,300,2.92,73.28,11,4,5.43,Dropped
S107596,Student_7596,Female,23,Engineering,100,2.98,59.22,9,5,2.8,Dropped
S107597,Student_7597,Male,17,Engineering,500,2.8,78.62,20,0,9.91,In Progress
S107598,Student_7598,Male,26,Computer Science,100,3.29,78.78,18,3,14.52,Graduated
S107599,Student_7599,Female,28,Medicine,100,1.9,51.36,11,4,5.22,Graduated
S107600,Student_7600,Male,21,Engineering,500,3.18,80.62,16,0,4.68,In Progress
S107601,Student_7601,Female,26,Law,400,2.27,56.0,5,5,6.89,In Progress
S107602,Student_7602,Male,25,Engineering,300,3.72,81.33,18,5,12.27,In Progress
S107603,Student_7603,Male,28,Education,200,2.1,76.72,7,0,6.31,In Progress
S107604,Student_7604,Female,27,Computer Science,400,1.32,82.96,20,5,17.68,Graduated
S107605,Student_7605,Female,28,Education,300,1.81,41.18,20,6,7.75,Graduated
S107606,Student_7606,Female,22,Medicine,400,2.96,47.52,6,1,7.24,In Progress
S107607,Student_7607,Female,24,Business Admin,500,1.91,90.41,16,3,10.32,Graduated
S107608,Student_7608,Male,26,Law,100,2.09,62.84,17,4,14.97,Graduated
S107609,Student_7609,Male,17,Computer Science,500,2.51,90.2,5,1,13.0,In Progress
S107610,Student_7610,Male,26,Engineering,200,3.37,43.76,9,4,0.76,In Progress
S107611,Student_7611,Female,27,Law,500,2.46,86.16,7,7,12.53,In Progress
S107612,Student_7612,Male,23,Engineering,100,2.85,45.03,12,2,15.04,In Progress
S107613,Student_7613,Female,19,Medicine,400,2.84,68.1,9,2,15.49,Graduated
S107614,Student_7614,Male,25,Business Admin,300,1.99,96.25,9,0,17.47,Graduated
S107615,Student_7615,Female,22,Computer Science,200,3.28,44.66,11,1,21.25,Graduated
S107616,Student_7616,Male,21,Medicine,400,4.58,61.04,12,6,10.49,Graduated
S107617,Student_7617,Male,24,Medicine,300,1.79,71.1,5,0,8.34,In Progress
S107618,Student_7618,Female,24,Business Admin,100,2.38,93.97,9,0,5.95,Graduated
S107619,Student_7619,Male,28,Medicine,500,2.11,59.96,13,6,4.05,In Progress
S107620,Student_7620,Female,28,Medicine,400,2.86,88.42,15,0,7.72,Dropped
S107621,Student_7621,Male,19,Engineering,300,1.98,83.09,16,2,7.4,In Progress
S107622,Student_7622,Male,18,Education,300,3.88,58.42,13,6,4.71,Graduated
S107623,Student_7623,Female,18,Engineering,500,3.99,60.45,18,5,11.12,Graduated
S107624,Student_7624,Female,30,Business Admin,400,3.48,51.46,11,0,9.75,In Progress
S107625,Student_7625,Male,21,Law,400,3.66,81.58,18,6,10.39,In Progress
S107626,Student_7626,Male,26,Business Admin,100,3.08,73.79,8,6,5.09,In Progress
S107627,Student_7627,Male,28,Business Admin,400,3.76,49.3,19,5,12.18,Graduated
S107628,Student_7628,Male,23,Business Admin,500,2.79,77.2,19,6,6.69,Graduated
S107629,Student_7629,Male,24,Business Admin,400,2.62,69.92,19,5,17.36,Graduated
S107630,Student_7630,Male,26,Medicine,100,3.46,45.56,20,6,0.0,Dropped
S107631,Student_7631,Female,24,Business Admin,300,2.73,97.22,6,0,7.17,Graduated
S107632,Student_7632,Female,29,Law,400,4.5,90.09,9,0,12.46,Graduated
S107633,Student_7633,Female,28,Business Admin,500,3.74,44.26,8,0,3.44,Dropped
S107634,Student_7634,Male,24,Engineering,400,2.61,95.88,17,1,16.57,Graduated
S107635,Student_7635,Male,26,Medicine,200,2.88,95.0,5,4,15.09,Graduated
S107636,Student_7636,Male,28,Engineering,100,2.9,42.53,17,1,18.48,Graduated
S107637,Student_7637,Female,27,Medicine,300,2.47,52.09,11,3,16.41,Graduated
S107638,Student_7638,Female,19,Engineering,200,3.62,82.14,7,5,13.64,In Progress
S107639,Student_7639,Male,30,Computer Science,500,2.39,96.07,10,7,10.69,In Progress
S107640,Student_7640,Male,27,Education,400,2.93,89.39,16,1,3.97,Graduated
S107641,Student_7641,Female,18,Education,100,2.46,56.91,9,6,16.74,Graduated
S107642,Student_7642,Female,29,Medicine,400,2.62,42.01,20,5,6.74,Graduated
S107643,Student_7643,Female,20,Computer Science,400,3.54,68.37,16,6,8.89,Graduated
S107644,Student_7644,Male,17,Law,400,3.47,45.52,8,5,8.02,Graduated
S107645,Student_7645,Male,19,Computer Science,400,2.76,54.72,7,5,7.26,Graduated
S107646,Student_7646,Male,27,Medicine,100,3.8,78.41,13,3,15.75,In Progress
S107647,Student_7647,Female,25,Computer Science,200,3.4,69.7,9,7,14.52,In Progress
S107648,Student_7648,Female,23,Law,500,3.08,62.6,20,2,12.58,In Progress
S107649,Student_7649,Male,23,Medicine,200,3.64,95.8,14,6,10.03,Graduated
S107650,Student_7650,Male,17,Education,100,3.99,51.58,11,4,1.49,In Progress
S107651,Student_7651,Female,23,Business Admin,500,3.31,69.25,8,0,9.63,Graduated
S107652,Student_7652,Male,26,Computer Science,300,3.19,74.41,20,3,16.67,Graduated
S107653,Student_7653,Female,23,Education,200,1.66,59.32,5,2,7.53,Graduated
S107654,Student_7654,Female,20,Education,100,3.18,82.32,6,4,7.19,Graduated
S107655,Student_7655,Male,23,Engineering,100,3.33,92.04,16,6,14.29,In Progress
S107656,Student_7656,Female,24,Law,100,3.22,72.49,14,3,9.86,Graduated
S107657,Student_7657,Male,19,Business Admin,500,2.37,86.88,17,2,16.18,In Progress
S107658,Student_7658,Female,29,Computer Science,400,2.52,43.66,9,7,5.63,In Progress
S107659,Student_7659,Female,26,Education,300,3.51,49.23,20,0,11.0,Graduated
S107660,Student_7660,Male,18,Education,500,2.73,67.72,18,2,11.63,In Progress
S107661,Student_7661,Female,23,Law,500,3.12,95.26,16,2,9.58,Graduated
S107662,Student_7662,Male,21,Business Admin,200,1.53,71.9,12,0,16.71,Graduated
S107663,Student_7663,Male,21,Business Admin,300,2.99,65.94,12,5,10.22,Graduated
S107664,Student_7664,Female,30,Education,100,3.56,76.01,16,5,13.44,Graduated
S107665,Student_7665,Male,21,Education,500,3.21,47.47,18,3,9.65,Dropped
S107666,Student_7666,Male,23,Education,300,2.9,79.22,12,2,9.91,Dropped
S107667,Student_7667,Male,25,Education,200,2.27,45.64,17,0,11.78,Graduated
S107668,Student_7668,Male,27,Engineering,400,1.75,74.61,13,3,5.33,Graduated
S107669,Student_7669,Male,24,Engineering,300,2.45,82.86,6,0,7.07,In Progress
S107670,Student_7670,Male,22,Business Admin,100,3.73,64.69,8,1,9.37,Graduated
S107671,Student_7671,Female,23,Medicine,500,2.96,94.65,16,6,10.24,Dropped
S107672,Student_7672,Male,25,Computer Science,400,3.48,49.12,15,3,9.93,In Progress
S107673,Student_7673,Female,30,Law,200,4.0,50.26,20,1,1.3,In Progress
S107674,Student_7674,Female,27,Medicine,100,3.09,71.01,14,5,15.05,Dropped
S107675,Student_7675,Male,22,Engineering,400,3.59,95.9,10,6,9.74,Dropped
S107676,Student_7676,Female,17,Engineering,200,3.79,63.44,19,2,3.46,In Progress
S107677,Student_7677,Female,20,Engineering,100,2.02,95.58,17,6,8.0,Graduated
S107678,Student_7678,Male,24,Medicine,500,2.47,81.61,10,6,17.91,Graduated
S107679,Student_7679,Male,23,Engineering,200,1.82,86.95,16,7,6.75,Graduated
S107680,Student_7680,Male,19,Medicine,400,1.73,96.27,16,2,19.88,In Progress
S107681,Student_7681,Female,26,Engineering,100,2.65,74.34,9,7,7.92,In Progress
S107682,Student_7682,Female,19,Education,300,2.82,78.5,19,2,17.82,Graduated
S107683,Student_7683,Male,27,Education,100,1.69,74.74,6,7,16.46,Graduated
S107684,Student_7684,Male,19,Computer Science,400,3.32,87.09,12,3,10.72,In Progress
S107685,Student_7685,Female,28,Engineering,400,2.66,56.4,5,6,3.75,Graduated
S107686,Student_7686,Female,17,Computer Science,300,4.0,87.28,17,4,5.7,Graduated
S107687,Student_7687,Female,26,Medicine,400,3.13,82.81,5,3,8.65,Dropped
S107688,Student_7688,Female,17,Computer Science,100,3.12,76.12,16,3,11.73,In Progress
S107689,Student_7689,Male,22,Engineering,200,2.86,42.33,5,4,5.58,Graduated
S107690,Student_7690,Female,30,Medicine,100,2.92,86.47,13,3,1.73,Dropped
S107691,Student_7691,Female,30,Medicine,400,3.26,47.95,9,5,9.83,Graduated
S107692,Student_7692,Female,17,Education,300,3.63,97.72,18,1,5.35,Graduated
S107693,Student_7693,Female,21,Medicine,300,2.07,44.89,16,4,6.31,Graduated
S107694,Student_7694,Male,20,Medicine,500,2.41,83.22,6,4,6.63,Graduated
S107695,Student_7695,Male,21,Computer Science,300,3.21,61.63,15,6,10.35,Graduated
S107696,Student_7696,Female,23,Business Admin,300,2.97,84.14,5,7,13.21,Dropped
S107697,Student_7697,Female,22,Medicine,400,3.55,71.14,8,1,17.29,In Progress
S107698,Student_7698,Male,28,Law,200,2.53,77.77,15,4,3.49,In Progress
S107699,Student_7699,Male,25,Business Admin,200,3.88,44.53,6,6,7.34,Graduated
S107700,Student_7700,Female,22,Education,400,2.64,97.99,7,4,13.0,In Progress
S107701,Student_7701,Female,25,Education,300,2.78,40.23,6,1,10.24,Dropped
S107702,Student_7702,Male,20,Medicine,100,3.77,96.47,12,0,4.86,In Progress
S107703,Student_7703,Male,17,Computer Science,200,3.4,74.1,18,0,14.85,Graduated
S107704,Student_7704,Male,17,Business Admin,400,4.39,55.5,7,7,10.14,Dropped
S107705,Student_7705,Male,26,Education,100,3.66,78.26,6,5,18.49,Graduated
S107706,Student_7706,Male,23,Education,300,3.9,80.37,10,7,10.66,In Progress
S107707,Student_7707,Male,29,Law,400,2.79,83.82,11,0,7.47,Dropped
S107708,Student_7708,Female,29,Medicine,200,3.91,40.99,19,1,7.56,In Progress
S107709,Student_7709,Male,29,Business Admin,100,3.05,98.97,13,2,2.81,Graduated
S107710,Student_7710,Male,19,Education,100,1.45,77.07,15,7,17.13,Graduated
S107711,Student_7711,Male,18,Education,200,3.33,62.65,14,3,9.49,Graduated
S107712,Student_7712,Male,30,Education,100,3.39,74.24,20,6,0.93,In Progress
S107713,Student_7713,Female,22,Education,200,2.24,50.71,8,4,14.54,Graduated
S107714,Student_7714,Female,22,Computer Science,400,3.25,54.84,9,6,4.59,Graduated
S107715,Student_7715,Male,29,Engineering,500,3.08,45.15,18,1,12.76,Graduated
S107716,Student_7716,Female,23,Law,300,3.85,92.75,15,3,7.57,Graduated
S107717,Student_7717,Female,21,Computer Science,400,3.31,55.1,10,1,12.63,Dropped
S107718,Student_7718,Female,24,Law,300,3.0,84.38,7,4,3.0,In Progress
S107719,Student_7719,Female,23,Education,300,2.07,56.45,7,2,11.39,Graduated
S107720,Student_7720,Female,18,Law,200,1.62,48.76,7,1,6.02,In Progress
S107721,Student_7721,Female,17,Medicine,500,3.89,46.49,9,3,1.03,Graduated
S107722,Student_7722,Male,29,Medicine,300,3.28,91.61,15,5,12.98,In Progress
S107723,Student_7723,Male,30,Engineering,300,2.83,47.18,10,3,9.09,Graduated
S107724,Student_7724,Male,25,Engineering,400,3.39,45.23,13,4,6.9,Graduated
S107725,Student_7725,Male,21,Law,500,2.83,40.56,13,6,7.32,Graduated
S107726,Student_7726,Male,28,Computer Science,500,1.6,61.99,16,5,13.27,Graduated
S107727,Student_7727,Female,27,Computer Science,300,3.71,96.56,9,0,10.13,Graduated
S107728,Student_7728,Male,21,Education,500,3.8,94.52,18,4,12.91,Graduated
S107729,Student_7729,Male,28,Computer Science,400,2.77,46.9,12,5,10.02,In Progress
S107730,Student_7730,Female,26,Engineering,200,2.97,40.75,11,5,14.91,In Progress
S107731,Student_7731,Female,20,Computer Science,300,2.57,85.06,8,7,3.0,In Progress
S107732,Student_7732,Male,18,Education,100,4.29,58.39,5,4,2.7,Graduated
S107733,Student_7733,Female,21,Medicine,300,3.84,90.08,7,6,12.6,Graduated
S107734,Student_7734,Female,18,Computer Science,300,2.43,52.93,15,0,14.98,Graduated
S107735,Student_7735,Female,28,Computer Science,200,3.42,69.53,14,2,12.44,Graduated
S107736,Student_7736,Female,23,Engineering,100,2.39,41.98,9,1,15.61,Graduated
S107737,Student_7737,Male,27,Law,100,2.43,93.68,14,3,14.61,Graduated
S107738,Student_7738,Female,25,Medicine,100,2.69,50.68,17,7,11.46,Graduated
S107739,Student_7739,Male,25,Law,200,2.57,57.68,17,1,0.4,In Progress
S107740,Student_7740,Male,27,Education,500,1.91,68.78,7,7,9.38,Dropped
S107741,Student_7741,Female,22,Education,100,3.93,56.28,15,1,8.0,Dropped
S107742,Student_7742,Female,17,Law,500,3.15,42.41,8,3,12.65,Graduated
S107743,Student_7743,Female,29,Engineering,400,4.09,41.75,13,0,12.89,Graduated
S107744,Student_7744,Male,22,Business Admin,200,2.88,97.31,13,3,2.27,In Progress
S107745,Student_7745,Female,21,Engineering,500,1.97,59.53,15,6,3.68,Graduated
S107746,Student_7746,Female,20,Business Admin,100,3.72,60.06,13,0,0.0,Graduated
S107747,Student_7747,Female,28,Business Admin,100,3.18,95.37,17,7,18.32,In Progress
S107748,Student_7748,Female,22,Engineering,500,2.81,90.17,13,0,12.73,Graduated
S107749,Student_7749,Female,22,Business Admin,500,3.84,81.22,18,4,7.8,Graduated
S107750,Student_7750,Male,30,Business Admin,400,2.06,79.51,20,6,11.09,Graduated
S107751,Student_7751,Female,22,Business Admin,200,3.69,88.07,16,2,11.8,Graduated
S107752,Student_7752,Female,18,Medicine,300,3.5,50.13,5,5,13.65,Graduated
S107753,Student_7753,Female,30,Education,400,3.16,79.86,13,4,0.1,Graduated
S107754,Student_7754,Male,23,Business Admin,400,1.97,45.9,19,7,5.83,Graduated
S107755,Student_7755,Female,30,Education,400,3.66,47.59,16,2,11.14,Graduated
S107756,Student_7756,Male,20,Education,100,3.52,54.57,16,0,10.18,Graduated
S107757,Student_7757,Male,29,Medicine,500,3.19,82.59,15,5,12.84,Graduated
S107758,Student_7758,Female,28,Education,200,2.96,93.55,16,5,3.39,In Progress
S107759,Student_7759,Female,25,Law,100,2.21,81.45,18,4,8.54,In Progress
S107760,Student_7760,Female,26,Computer Science,400,2.22,65.0,15,1,9.64,Graduated
S107761,Student_7761,Male,18,Medicine,200,2.46,70.82,17,3,13.09,Graduated
S107762,Student_7762,Male,21,Computer Science,100,1.9,82.74,6,3,11.36,In Progress
S107763,Student_7763,Male,30,Law,300,1.92,76.8,12,3,5.45,In Progress
S107764,Student_7764,Male,20,Engineering,400,2.69,71.77,13,7,15.53,Graduated
S107765,Student_7765,Male,25,Engineering,100,2.07,54.21,16,2,7.31,Graduated
S107766,Student_7766,Male,20,Business Admin,100,2.84,77.02,12,3,5.23,Graduated
S107767,Student_7767,Female,24,Engineering,400,3.05,41.12,13,2,10.55,In Progress
S107768,Student_7768,Female,24,Medicine,300,1.99,73.6,9,2,5.86,Graduated
S107769,Student_7769,Male,22,Engineering,500,3.58,89.24,14,6,15.31,Graduated
S107770,Student_7770,Female,22,Medicine,300,3.71,50.79,16,5,16.99,Graduated
S107771,Student_7771,Female,27,Medicine,400,1.47,46.85,11,2,7.67,In Progress
S107772,Student_7772,Male,24,Computer Science,500,3.95,98.21,15,1,5.37,Graduated
S107773,Student_7773,Male,28,Engineering,100,3.39,90.61,7,7,13.04,Graduated
S107774,Student_7774,Female,29,Education,300,3.07,58.12,8,5,10.35,Graduated
S107775,Student_7775,Male,28,Engineering,300,4.02,52.51,8,0,6.57,In Progress
S107776,Student_7776,Male,26,Engineering,500,3.07,60.04,17,1,8.35,Graduated
S107777,Student_7777,Female,25,Engineering,100,2.45,65.87,14,0,9.58,In Progress
S107778,Student_7778,Male,21,Business Admin,300,1.96,89.26,8,1,2.14,In Progress
S107779,Student_7779,Female,27,Education,500,2.92,54.35,15,2,14.49,Graduated
S107780,Student_7780,Female,17,Education,300,2.92,83.25,12,0,5.41,In Progress
S107781,Student_7781,Female,17,Medicine,100,1.81,95.76,6,5,7.58,Graduated
S107782,Student_7782,Female,18,Education,100,2.75,62.77,16,3,10.43,Graduated
S107783,Student_7783,Female,26,Medicine,200,4.07,41.56,6,1,15.03,Graduated
S107784,Student_7784,Male,26,Computer Science,500,3.35,89.66,9,0,19.29,In Progress
S107785,Student_7785,Male,21,Medicine,400,2.06,82.5,10,3,8.61,Graduated
S107786,Student_7786,Male,20,Engineering,300,3.21,48.94,19,4,14.81,Graduated
S107787,Student_7787,Male,17,Law,100,3.49,75.81,8,6,7.31,Graduated
S107788,Student_7788,Female,20,Law,300,3.72,89.49,16,2,12.78,Dropped
S107789,Student_7789,Female,20,Business Admin,300,3.41,50.86,11,1,7.21,In Progress
S107790,Student_7790,Male,26,Engineering,400,3.81,53.37,14,1,1.66,In Progress
S107791,Student_7791,Female,20,Medicine,100,3.53,52.11,8,5,14.78,In Progress
S107792,Student_7792,Male,17,Engineering,200,2.83,99.85,12,5,6.45,Graduated
S107793,Student_7793,Male,25,Business Admin,500,3.23,53.77,6,4,11.14,Graduated
S107794,Student_7794,Male,30,Education,300,2.84,56.02,18,0,1.86,In Progress
S107795,Student_7795,Female,19,Medicine,400,3.28,42.88,14,1,3.35,In Progress
S107796,Student_7796,Female,29,Engineering,400,3.51,99.0,8,1,0.79,In Progress
S107797,Student_7797,Female,20,Education,500,2.95,54.81,15,6,11.66,Graduated
S107798,Student_7798,Female,21,Business Admin,500,3.21,83.51,11,1,5.15,In Progress
S107799,Student_7799,Male,29,Education,100,2.66,41.58,9,6,17.13,Graduated
S107800,Student_7800,Female,29,Medicine,300,2.79,87.0,14,6,2.34,Dropped
S107801,Student_7801,Female,23,Business Admin,300,2.95,85.04,15,1,10.94,Graduated
S107802,Student_7802,Female,22,Business Admin,500,2.61,45.05,6,4,0.0,In Progress
S107803,Student_7803,Male,21,Business Admin,200,3.93,47.36,20,6,20.66,In Progress
S107804,Student_7804,Male,24,Computer Science,300,3.42,57.71,7,2,3.86,Graduated
S107805,Student_7805,Female,30,Business Admin,400,3.52,61.28,8,1,13.14,Graduated
S107806,Student_7806,Female,17,Computer Science,500,3.39,87.01,9,4,7.23,In Progress
S107807,Student_7807,Female,23,Education,300,3.12,43.67,11,3,13.54,Graduated
S107808,Student_7808,Female,28,Computer Science,100,2.15,79.01,7,6,4.68,Graduated
S107809,Student_7809,Male,22,Education,500,3.79,53.71,13,1,10.61,Graduated
S107810,Student_7810,Female,27,Computer Science,400,4.46,62.95,14,0,6.95,In Progress
S107811,Student_7811,Female,21,Education,100,3.46,40.13,7,4,23.36,In Progress
S107812,Student_7812,Female,23,Education,500,2.45,57.47,9,0,5.16,Dropped
S107813,Student_7813,Male,19,Business Admin,500,3.42,50.28,20,2,4.48,Graduated
S107814,Student_7814,Male,17,Business Admin,300,2.44,70.24,17,3,17.77,Graduated
S107815,Student_7815,Female,25,Education,100,2.67,49.49,20,0,13.59,Graduated
S107816,Student_7816,Female,18,Business Admin,500,1.31,90.15,9,6,5.87,Graduated
S107817,Student_7817,Female,29,Education,400,3.96,92.97,11,1,10.46,Graduated
S107818,Student_7818,Female,26,Business Admin,100,3.22,90.72,10,4,10.63,Graduated
S107819,Student_7819,Female,19,Law,300,3.4,98.91,15,6,11.29,Graduated
S107820,Student_7820,Male,24,Computer Science,200,3.55,94.88,7,3,13.73,In Progress
S107821,Student_7821,Male,28,Education,500,3.33,56.79,16,4,4.28,Graduated
S107822,Student_7822,Male,26,Engineering,200,3.68,58.87,19,7,11.22,In Progress
S107823,Student_7823,Female,25,Business Admin,500,3.96,71.96,5,6,8.3,In Progress
S107824,Student_7824,Male,29,Business Admin,300,2.97,63.1,10,5,0.0,In Progress
S107825,Student_7825,Male,19,Medicine,300,1.84,98.19,15,6,7.33,Graduated
S107826,Student_7826,Male,22,Engineering,300,2.41,60.37,10,3,7.32,Graduated
S107827,Student_7827,Female,23,Engineering,300,3.43,84.4,8,7,14.17,Graduated
S107828,Student_7828,Female,17,Law,100,2.28,74.52,19,5,16.24,Dropped
S107829,Student_7829,Male,30,Computer Science,100,2.96,97.39,6,0,13.06,Graduated
S107830,Student_7830,Female,23,Law,500,4.75,84.67,13,2,0.0,Dropped
S107831,Student_7831,Male,20,Computer Science,100,3.73,58.22,10,5,20.42,Graduated
S107832,Student_7832,Male,21,Education,500,1.59,51.82,17,4,15.48,Dropped
S107833,Student_7833,Male,24,Law,100,4.63,91.28,5,1,9.58,Dropped
S107834,Student_7834,Male,20,Medicine,100,3.96,94.66,12,7,10.76,Graduated
S107835,Student_7835,Female,20,Computer Science,100,3.46,89.87,14,4,12.43,In Progress
S107836,Student_7836,Female,24,Law,400,3.09,84.25,19,5,10.54,Graduated
S107837,Student_7837,Female,21,Medicine,300,2.03,59.3,11,2,14.21,In Progress
S107838,Student_7838,Female,29,Engineering,400,2.74,70.32,15,5,17.19,Graduated
S107839,Student_7839,Male,22,Business Admin,100,1.61,94.94,15,0,0.43,Graduated
S107840,Student_7840,Female,28,Education,100,3.67,48.09,10,1,8.17,Graduated
S107841,Student_7841,Male,27,Education,400,3.13,69.7,16,1,11.93,Dropped
S107842,Student_7842,Female,30,Engineering,500,2.48,61.33,15,6,3.6,Graduated
S107843,Student_7843,Female,21,Law,300,3.71,80.65,15,0,20.63,In Progress
S107844,Student_7844,Female,17,Business Admin,500,3.23,78.04,5,4,0.0,In Progress
S107845,Student_7845,Male,23,Engineering,300,4.15,73.6,14,7,6.51,Graduated
S107846,Student_7846,Male,22,Medicine,200,2.69,56.78,17,1,13.36,Graduated
S107847,Student_7847,Male,18,Business Admin,300,3.98,49.57,9,4,21.2,Graduated
S107848,Student_7848,Male,27,Computer Science,500,3.16,87.06,8,4,11.55,In Progress
S107849,Student_7849,Female,23,Law,300,2.46,99.5,11,0,13.01,Graduated
S107850,Student_7850,Male,22,Business Admin,200,3.42,50.15,19,2,7.16,In Progress
S107851,Student_7851,Male,21,Computer Science,200,3.05,44.55,6,6,19.99,In Progress
S107852,Student_7852,Female,24,Engineering,100,3.32,84.74,5,2,18.51,Graduated
S107853,Student_7853,Female,21,Education,200,2.31,60.63,11,4,14.19,In Progress
S107854,Student_7854,Male,27,Business Admin,400,1.38,52.78,12,6,0.0,Graduated
S107855,Student_7855,Female,18,Business Admin,500,2.65,71.51,9,0,10.62,Graduated
S107856,Student_7856,Male,22,Computer Science,400,3.4,80.51,12,2,6.81,In Progress
S107857,Student_7857,Female,30,Computer Science,400,3.38,52.89,20,5,10.03,Graduated
S107858,Student_7858,Male,28,Education,500,2.68,99.67,20,4,7.65,Graduated
S107859,Student_7859,Male,17,Computer Science,400,3.16,59.69,19,7,12.05,Graduated
S107860,Student_7860,Male,21,Computer Science,400,2.73,58.9,8,1,6.86,In Progress
S107861,Student_7861,Male,30,Business Admin,400,2.91,65.38,12,1,8.73,Dropped
S107862,Student_7862,Male,22,Education,200,3.88,84.7,15,5,7.94,In Progress
S107863,Student_7863,Female,23,Education,500,2.07,92.4,7,3,11.98,Graduated
S107864,Student_7864,Male,30,Business Admin,500,4.32,59.44,11,3,2.59,In Progress
S107865,Student_7865,Male,18,Engineering,500,3.12,47.12,10,3,1.14,In Progress
S107866,Student_7866,Male,17,Engineering,400,4.41,55.37,5,2,14.11,Graduated
S107867,Student_7867,Male,22,Business Admin,200,4.3,45.06,9,6,7.91,Graduated
S107868,Student_7868,Male,19,Computer Science,500,1.41,77.82,18,5,13.74,Graduated
S107869,Student_7869,Female,21,Law,300,3.13,84.44,18,7,14.18,Graduated
S107870,Student_7870,Female,28,Engineering,500,2.31,65.76,18,1,6.76,In Progress
S107871,Student_7871,Male,27,Engineering,100,2.91,97.17,15,1,7.13,In Progress
S107872,Student_7872,Female,29,Business Admin,300,3.32,83.65,16,7,6.86,Graduated
S107873,Student_7873,Male,18,Business Admin,500,4.02,62.78,19,2,3.01,Graduated
S107874,Student_7874,Female,17,Law,400,2.24,46.13,8,1,1.72,Dropped
S107875,Student_7875,Female,17,Law,500,4.77,69.62,17,1,9.3,Graduated
S107876,Student_7876,Male,29,Education,200,2.59,70.23,20,4,3.34,Graduated
S107877,Student_7877,Female,27,Business Admin,200,2.06,73.04,10,7,9.11,In Progress
S107878,Student_7878,Female,20,Engineering,500,3.77,80.95,13,1,5.41,Graduated
S107879,Student_7879,Male,26,Medicine,400,3.09,55.86,8,7,5.56,Graduated
S107880,Student_7880,Male,29,Medicine,400,4.55,40.15,6,4,8.42,Graduated
S107881,Student_7881,Female,18,Computer Science,400,2.31,88.77,16,3,18.65,Graduated
S107882,Student_7882,Female,17,Engineering,500,3.13,89.41,12,0,17.81,In Progress
S107883,Student_7883,Female,22,Medicine,500,3.89,94.7,20,4,15.32,Graduated
S107884,Student_7884,Male,30,Engineering,100,2.41,98.14,5,6,10.41,In Progress
S107885,Student_7885,Female,20,Business Admin,200,3.9,49.55,20,5,0.85,Dropped
S107886,Student_7886,Female,26,Engineering,300,3.28,61.23,10,1,15.8,Graduated
S107887,Student_7887,Female,29,Medicine,300,2.3,91.08,8,7,6.58,Graduated
S107888,Student_7888,Male,28,Engineering,200,3.88,96.04,10,3,17.88,Graduated
S107889,Student_7889,Male,23,Law,100,2.86,40.87,7,0,6.28,In Progress
S107890,Student_7890,Male,27,Computer Science,200,3.83,63.25,13,0,16.56,In Progress
S107891,Student_7891,Male,22,Education,100,2.51,46.8,7,7,13.83,Graduated
S107892,Student_7892,Female,21,Medicine,100,1.98,87.31,7,3,0.0,Dropped
S107893,Student_7893,Male,26,Business Admin,400,2.69,84.83,9,3,14.71,In Progress
S107894,Student_7894,Female,28,Education,200,2.91,85.26,11,0,10.4,In Progress
S107895,Student_7895,Female,29,Computer Science,300,3.14,63.41,18,7,3.36,In Progress
S107896,Student_7896,Female,28,Law,500,3.37,64.37,18,0,7.94,Graduated
S107897,Student_7897,Female,28,Law,500,4.37,55.71,10,1,21.95,Dropped
S107898,Student_7898,Male,28,Law,200,2.93,61.65,18,5,0.0,In Progress
S107899,Student_7899,Male,18,Law,500,4.25,98.98,11,4,10.34,Graduated
S107900,Student_7900,Male,21,Medicine,100,3.72,42.79,13,4,6.94,Graduated
S107901,Student_7901,Male,25,Medicine,500,2.94,59.44,7,0,12.97,In Progress
S107902,Student_7902,Male,25,Engineering,100,3.21,87.4,9,0,15.32,In Progress
S107903,Student_7903,Female,18,Business Admin,100,3.28,62.94,9,6,11.27,Graduated
S107904,Student_7904,Male,23,Engineering,300,3.72,97.0,7,5,14.85,Graduated
S107905,Student_7905,Male,26,Business Admin,500,3.82,59.93,15,5,5.01,Graduated
S107906,Student_7906,Male,30,Computer Science,300,2.02,90.99,14,2,9.39,Graduated
S107907,Student_7907,Male,20,Engineering,500,3.69,88.91,13,7,18.51,Graduated
S107908,Student_7908,Female,29,Computer Science,100,3.29,40.55,17,0,6.74,Graduated
S107909,Student_7909,Female,29,Computer Science,500,3.27,64.18,20,4,5.61,Graduated
S107910,Student_7910,Female,19,Computer Science,300,2.91,56.84,13,7,7.23,Graduated
S107911,Student_7911,Female,27,Law,400,3.49,68.78,10,1,12.7,In Progress
S107912,Student_7912,Female,17,Education,300,3.62,67.77,9,2,10.01,Graduated
S107913,Student_7913,Male,19,Education,400,3.08,94.33,8,4,13.5,Graduated
S107914,Student_7914,Female,27,Medicine,200,3.72,51.01,8,1,6.14,In Progress
S107915,Student_7915,Female,25,Computer Science,300,2.56,50.93,9,5,2.43,Graduated
S107916,Student_7916,Female,30,Law,500,3.01,46.48,6,5,6.63,In Progress
S107917,Student_7917,Male,25,Engineering,400,3.25,84.32,20,2,2.9,Graduated
S107918,Student_7918,Male,23,Engineering,500,2.78,95.07,12,2,10.9,In Progress
S107919,Student_7919,Female,19,Medicine,400,2.77,62.11,16,2,8.97,Graduated
S107920,Student_7920,Male,29,Medicine,300,2.35,43.71,11,2,10.46,In Progress
S107921,Student_7921,Male,19,Computer Science,300,3.3,49.36,18,2,11.33,Graduated
S107922,Student_7922,Female,20,Computer Science,500,4.36,46.14,18,2,7.08,In Progress
S107923,Student_7923,Male,23,Engineering,300,3.42,75.54,11,3,13.32,Dropped
S107924,Student_7924,Male,23,Engineering,500,2.88,56.94,5,5,10.85,Graduated
S107925,Student_7925,Male,28,Engineering,100,3.92,93.85,20,1,7.06,Graduated
S107926,Student_7926,Female,28,Engineering,400,2.98,49.74,12,7,12.06,Graduated
S107927,Student_7927,Female,30,Education,500,3.53,95.81,15,4,11.96,Graduated
S107928,Student_7928,Female,18,Computer Science,400,3.39,59.96,5,7,21.33,Graduated
S107929,Student_7929,Male,28,Computer Science,100,1.96,92.04,18,0,13.04,Graduated
S107930,Student_7930,Female,21,Engineering,400,3.07,96.94,13,4,15.42,Graduated
S107931,Student_7931,Male,23,Law,500,4.5,99.18,10,3,7.84,Graduated
S107932,Student_7932,Male,23,Engineering,300,2.62,88.22,12,3,5.38,Graduated
S107933,Student_7933,Male,22,Business Admin,400,4.12,46.1,5,6,12.91,Graduated
S107934,Student_7934,Female,26,Medicine,400,3.71,43.32,10,7,6.29,Dropped
S107935,Student_7935,Female,26,Business Admin,100,2.69,84.38,17,2,7.65,Graduated
S107936,Student_7936,Female,28,Law,200,3.07,93.82,17,7,2.8,In Progress
S107937,Student_7937,Female,24,Medicine,300,2.33,49.96,5,3,10.14,In Progress
S107938,Student_7938,Male,19,Law,500,3.67,96.46,7,4,8.63,Graduated
S107939,Student_7939,Female,17,Medicine,100,2.34,76.61,6,3,8.62,In Progress
S107940,Student_7940,Male,19,Engineering,500,3.35,47.44,18,4,14.02,Graduated
S107941,Student_7941,Female,27,Engineering,500,4.35,50.02,20,2,6.95,In Progress
S107942,Student_7942,Female,18,Law,400,2.62,43.96,6,7,10.4,Dropped
S107943,Student_7943,Female,18,Medicine,100,3.31,48.59,8,2,7.33,Graduated
S107944,Student_7944,Male,30,Education,100,2.02,83.93,11,7,3.34,Graduated
S107945,Student_7945,Male,30,Law,300,3.1,53.13,16,3,11.12,In Progress
S107946,Student_7946,Male,18,Law,200,2.36,73.7,20,5,12.22,In Progress
S107947,Student_7947,Male,21,Business Admin,500,3.24,83.26,7,7,13.95,Graduated
S107948,Student_7948,Male,29,Computer Science,300,2.7,93.72,19,0,12.34,Graduated
S107949,Student_7949,Female,17,Law,300,2.38,75.4,11,2,7.68,In Progress
S107950,Student_7950,Male,26,Education,500,2.97,74.18,13,1,19.32,Graduated
S107951,Student_7951,Male,20,Engineering,400,1.21,94.77,18,1,9.92,Graduated
S107952,Student_7952,Male,30,Medicine,400,2.33,57.69,17,6,10.28,In Progress
S107953,Student_7953,Male,26,Computer Science,500,4.73,52.22,8,2,4.29,Graduated
S107954,Student_7954,Female,21,Medicine,100,2.91,92.37,11,5,6.7,Graduated
S107955,Student_7955,Male,18,Engineering,200,2.74,44.47,19,7,15.9,Graduated
S107956,Student_7956,Female,21,Law,400,3.33,51.38,5,5,12.5,In Progress
S107957,Student_7957,Female,26,Business Admin,200,3.81,64.68,20,3,4.39,Graduated
S107958,Student_7958,Female,20,Education,300,4.23,61.68,6,2,4.18,Graduated
S107959,Student_7959,Male,24,Computer Science,300,3.04,82.37,12,7,12.84,In Progress
S107960,Student_7960,Female,17,Education,500,2.94,45.51,7,3,7.23,In Progress
S107961,Student_7961,Male,28,Education,500,3.35,68.63,20,7,17.76,Graduated
S107962,Student_7962,Male,21,Education,500,3.12,88.51,9,4,26.11,In Progress
S107963,Student_7963,Male,30,Education,400,2.97,81.0,12,7,10.87,In Progress
S107964,Student_7964,Male,30,Engineering,200,3.5,77.9,9,0,13.49,In Progress
S107965,Student_7965,Male,27,Education,300,3.49,54.36,20,7,13.31,In Progress
S107966,Student_7966,Female,28,Business Admin,200,3.12,63.62,16,7,7.85,Graduated
S107967,Student_7967,Female,26,Education,400,4.77,50.84,5,0,6.07,Dropped
S107968,Student_7968,Male,17,Engineering,200,4.42,70.54,17,7,0.83,Graduated
S107969,Student_7969,Female,26,Medicine,200,3.47,75.05,6,7,13.95,Graduated
S107970,Student_7970,Male,26,Engineering,500,3.89,77.87,14,4,8.72,Graduated
S107971,Student_7971,Female,20,Business Admin,200,2.61,92.56,20,4,4.88,In Progress
S107972,Student_7972,Female,24,Business Admin,200,3.1,43.71,15,4,7.57,In Progress
S107973,Student_7973,Female,17,Law,200,3.59,63.3,7,0,8.08,Graduated
S107974,Student_7974,Female,27,Engineering,100,4.06,75.46,14,7,4.56,Graduated
S107975,Student_7975,Female,18,Medicine,300,2.36,74.21,6,7,4.68,In Progress
S107976,Student_7976,Male,17,Law,300,2.62,41.3,20,2,10.9,Dropped
S107977,Student_7977,Male,27,Law,200,3.14,51.36,13,7,5.68,In Progress
S107978,Student_7978,Female,23,Computer Science,500,4.15,90.74,9,1,5.35,Graduated
S107979,Student_7979,Male,18,Education,500,3.14,70.92,5,5,7.36,Graduated
S107980,Student_7980,Female,17,Law,500,3.89,64.81,15,5,0.0,Graduated
S107981,Student_7981,Male,28,Law,300,2.97,94.01,15,3,2.2,Graduated
S107982,Student_7982,Female,22,Business Admin,400,3.59,44.5,15,1,4.86,In Progress
S107983,Student_7983,Female,22,Medicine,200,2.32,95.34,19,3,17.96,Graduated
S107984,Student_7984,Female,26,Law,300,2.55,41.67,17,0,14.49,In Progress
S107985,Student_7985,Male,18,Medicine,500,2.91,73.76,16,7,10.14,In Progress
S107986,Student_7986,Male,17,Education,300,2.24,73.31,12,2,14.25,Graduated
S107987,Student_7987,Female,30,Business Admin,300,2.2,78.34,7,7,14.32,Graduated
S107988,Student_7988,Female,26,Computer Science,300,2.77,41.78,15,1,2.41,In Progress
S107989,Student_7989,Male,19,Computer Science,500,2.02,71.83,13,4,2.84,Graduated
S107990,Student_7990,Male,26,Education,400,2.95,46.82,13,4,6.62,Graduated
S107991,Student_7991,Male,30,Education,100,3.23,49.36,16,4,9.01,Graduated
S107992,Student_7992,Male,21,Business Admin,200,2.45,52.92,10,6,2.03,Graduated
S107993,Student_7993,Male,22,Business Admin,200,2.79,76.79,8,6,12.8,Graduated
S107994,Student_7994,Female,19,Engineering,300,2.77,63.41,16,6,11.32,Graduated
S107995,Student_7995,Male,25,Law,400,4.11,45.12,16,5,15.17,Graduated
S107996,Student_7996,Female,27,Law,500,3.11,57.34,13,1,6.54,Graduated
S107997,Student_7997,Female,21,Law,100,4.58,44.6,15,6,5.05,Graduated
S107998,Student_7998,Male,29,Medicine,100,2.71,79.85,13,7,20.84,Graduated
S107999,Student_7999,Male,18,Engineering,300,2.71,73.45,19,6,6.32,In Progress
S108000,Student_8000,Female,26,Law,300,3.81,64.46,6,2,6.44,In Progress
S108001,Student_8001,Male,22,Medicine,500,1.24,95.66,14,2,6.76,Graduated
S108002,Student_8002,Female,28,Medicine,500,3.55,71.12,10,4,13.78,Graduated
S108003,Student_8003,Male,24,Computer Science,500,2.94,93.25,15,1,13.87,Graduated
S108004,Student_8004,Male,27,Medicine,300,3.08,74.75,8,4,8.24,Graduated
S108005,Student_8005,Male,22,Education,400,2.77,62.61,7,3,15.42,Graduated
S108006,Student_8006,Female,20,Business Admin,300,3.41,72.34,14,3,21.92,In Progress
S108007,Student_8007,Male,22,Medicine,300,1.71,49.11,20,1,6.73,Graduated
S108008,Student_8008,Female,24,Education,100,2.48,80.49,10,3,0.61,Graduated
S108009,Student_8009,Male,24,Education,500,4.37,98.93,15,0,8.87,Graduated
S108010,Student_8010,Female,29,Computer Science,200,3.04,54.85,16,0,11.55,Graduated
S108011,Student_8011,Male,26,Computer Science,500,2.17,59.39,19,0,11.85,Graduated
S108012,Student_8012,Female,18,Medicine,400,3.04,64.37,19,3,5.48,Graduated
S108013,Student_8013,Female,24,Computer Science,400,3.52,69.01,19,2,8.71,In Progress
S108014,Student_8014,Female,22,Computer Science,500,3.07,83.15,20,0,12.18,Graduated
S108015,Student_8015,Female,18,Business Admin,500,2.92,48.2,18,4,5.23,In Progress
S108016,Student_8016,Female,17,Law,300,2.59,58.15,18,6,12.98,Graduated
S108017,Student_8017,Female,22,Medicine,200,2.11,72.32,12,2,3.79,Graduated
S108018,Student_8018,Male,29,Medicine,300,1.69,75.37,13,1,13.54,Dropped
S108019,Student_8019,Female,23,Medicine,100,2.42,72.2,16,3,8.46,Graduated
S108020,Student_8020,Female,30,Computer Science,100,3.92,66.13,13,4,20.07,In Progress
S108021,Student_8021,Female,30,Business Admin,400,2.7,82.69,19,1,8.2,Dropped
S108022,Student_8022,Male,26,Computer Science,400,2.89,52.27,6,3,14.31,In Progress
S108023,Student_8023,Male,21,Education,200,1.93,56.96,19,5,9.59,Graduated
S108024,Student_8024,Male,30,Engineering,400,3.0,66.67,17,3,15.25,Graduated
S108025,Student_8025,Female,26,Engineering,100,2.72,81.73,12,4,16.92,Graduated
S108026,Student_8026,Male,24,Engineering,200,2.77,44.94,15,5,10.73,Graduated
S108027,Student_8027,Male,27,Law,100,2.58,46.94,20,3,10.14,In Progress
S108028,Student_8028,Female,29,Computer Science,500,2.59,86.94,12,3,15.51,Graduated
S108029,Student_8029,Female,28,Education,500,2.83,55.66,9,7,14.01,Graduated
S108030,Student_8030,Male,25,Education,200,2.98,97.81,8,6,1.53,Graduated
S108031,Student_8031,Female,20,Engineering,300,1.42,97.68,13,3,15.01,In Progress
S108032,Student_8032,Female,23,Business Admin,400,1.82,81.16,20,2,19.2,Dropped
S108033,Student_8033,Female,24,Law,200,2.63,83.01,8,0,15.99,In Progress
S108034,Student_8034,Female,29,Law,400,3.65,79.06,16,5,7.87,Graduated
S108035,Student_8035,Male,22,Engineering,100,2.01,50.64,14,4,1.9,In Progress
S108036,Student_8036,Female,18,Engineering,300,3.41,70.03,8,2,5.4,In Progress
S108037,Student_8037,Male,23,Computer Science,400,4.16,87.58,7,4,13.72,Graduated
S108038,Student_8038,Male,29,Business Admin,500,2.81,86.48,14,2,0.78,In Progress
S108039,Student_8039,Male,25,Law,500,2.69,93.93,17,6,16.22,Graduated
S108040,Student_8040,Male,21,Education,100,3.38,94.05,16,3,18.85,In Progress
S108041,Student_8041,Female,18,Engineering,200,3.08,55.69,17,6,11.91,Graduated
S108042,Student_8042,Female,20,Computer Science,400,2.56,83.3,7,7,14.99,Graduated
S108043,Student_8043,Female,19,Education,100,3.19,79.08,7,5,8.34,In Progress
S108044,Student_8044,Male,20,Law,500,2.52,93.15,15,3,9.43,In Progress
S108045,Student_8045,Male,26,Engineering,500,3.96,51.01,11,7,9.1,In Progress
S108046,Student_8046,Male,23,Business Admin,500,2.85,84.39,20,7,7.78,In Progress
S108047,Student_8047,Female,26,Engineering,300,3.3,65.4,17,7,12.86,In Progress
S108048,Student_8048,Male,24,Business Admin,300,4.17,63.67,9,5,16.09,Graduated
S108049,Student_8049,Female,17,Computer Science,500,2.87,42.15,13,5,6.52,Graduated
S108050,Student_8050,Female,29,Computer Science,200,2.47,97.69,6,5,9.51,Graduated
S108051,Student_8051,Female,24,Law,300,2.6,80.55,18,6,11.03,Graduated
S108052,Student_8052,Female,21,Business Admin,400,3.0,75.44,8,2,8.65,In Progress
S108053,Student_8053,Male,28,Engineering,300,2.9,55.07,6,7,9.68,Graduated
S108054,Student_8054,Female,23,Computer Science,400,2.88,79.51,15,3,5.6,In Progress
S108055,Student_8055,Male,27,Engineering,300,3.24,96.74,20,6,10.05,Graduated
S108056,Student_8056,Female,27,Law,500,3.09,49.8,12,7,10.76,Graduated
S108057,Student_8057,Male,17,Business Admin,400,2.68,99.03,8,5,8.79,Graduated
S108058,Student_8058,Male,18,Engineering,200,3.01,65.65,5,0,12.62,Graduated
S108059,Student_8059,Female,17,Education,300,2.52,98.69,14,7,9.06,In Progress
S108060,Student_8060,Female,21,Engineering,300,2.66,78.03,7,4,5.05,In Progress
S108061,Student_8061,Female,30,Medicine,500,1.37,59.45,16,5,15.22,In Progress
S108062,Student_8062,Male,30,Medicine,400,2.42,62.47,11,3,14.03,In Progress
S108063,Student_8063,Female,22,Law,500,3.57,57.43,16,5,12.0,In Progress
S108064,Student_8064,Female,26,Law,400,3.44,60.09,7,5,19.13,In Progress
S108065,Student_8065,Male,25,Law,300,3.51,78.79,9,1,0.55,Graduated
S108066,Student_8066,Female,24,Education,300,3.3,41.0,19,2,7.65,Graduated
S108067,Student_8067,Male,23,Business Admin,300,2.66,98.06,6,7,3.22,Graduated
S108068,Student_8068,Female,28,Education,300,2.11,86.11,19,5,19.31,In Progress
S108069,Student_8069,Male,21,Engineering,100,2.78,96.46,12,2,16.37,Graduated
S108070,Student_8070,Male,30,Computer Science,300,0.83,83.05,8,7,11.12,Graduated
S108071,Student_8071,Female,19,Business Admin,300,3.8,68.86,17,5,11.08,Graduated
S108072,Student_8072,Male,25,Medicine,400,3.14,51.38,5,3,4.35,In Progress
S108073,Student_8073,Female,29,Medicine,300,3.6,70.98,16,6,10.91,Graduated
S108074,Student_8074,Female,21,Medicine,300,2.64,82.7,8,6,4.01,Graduated
S108075,Student_8075,Male,19,Engineering,400,1.88,91.25,19,7,18.66,Graduated
S108076,Student_8076,Female,19,Engineering,300,3.13,59.45,12,7,13.33,Graduated
S108077,Student_8077,Male,19,Law,300,3.12,70.63,13,2,16.58,In Progress
S108078,Student_8078,Male,30,Computer Science,500,2.9,77.2,5,1,4.42,Graduated
S108079,Student_8079,Male,22,Law,100,3.2,75.32,18,2,11.52,Graduated
S108080,Student_8080,Male,17,Engineering,400,2.67,43.14,10,1,4.17,In Progress
S108081,Student_8081,Male,27,Education,500,3.14,69.0,8,2,6.43,Graduated
S108082,Student_8082,Male,20,Law,200,3.33,88.54,15,2,17.07,Dropped
S108083,Student_8083,Male,29,Business Admin,200,4.17,88.14,12,1,9.31,In Progress
S108084,Student_8084,Male,24,Engineering,100,3.54,70.43,5,4,7.83,In Progress
S108085,Student_8085,Female,19,Engineering,200,2.13,97.14,9,5,12.17,Graduated
S108086,Student_8086,Female,21,Education,100,2.73,89.57,5,0,19.65,In Progress
S108087,Student_8087,Male,18,Education,200,2.4,84.24,8,5,12.68,Graduated
S108088,Student_8088,Female,18,Education,200,3.96,70.94,16,6,14.09,Graduated
S108089,Student_8089,Female,27,Computer Science,500,2.66,75.44,6,1,8.96,Graduated
S108090,Student_8090,Female,29,Business Admin,200,2.82,53.39,17,0,9.22,In Progress
S108091,Student_8091,Female,23,Engineering,100,2.92,71.94,14,6,0.0,Graduated
S108092,Student_8092,Female,26,Education,300,3.28,71.56,13,5,2.18,In Progress
S108093,Student_8093,Female,19,Computer Science,300,2.17,52.17,6,5,19.35,Graduated
S108094,Student_8094,Male,21,Medicine,300,2.99,97.07,8,2,12.63,Graduated
S108095,Student_8095,Female,19,Business Admin,100,3.66,54.69,19,4,13.43,Graduated
S108096,Student_8096,Female,22,Medicine,100,2.77,46.25,7,1,8.01,Graduated
S108097,Student_8097,Female,29,Medicine,300,4.28,68.02,5,4,10.37,Graduated
S108098,Student_8098,Female,26,Engineering,200,2.38,81.16,16,1,12.91,In Progress
S108099,Student_8099,Male,19,Computer Science,300,2.65,51.71,5,5,16.84,Graduated
S108100,Student_8100,Male,24,Computer Science,400,3.54,50.97,6,7,15.88,Graduated
S108101,Student_8101,Male,18,Medicine,100,3.02,55.69,12,3,9.69,Graduated
S108102,Student_8102,Male,19,Business Admin,400,2.84,58.16,6,1,14.06,In Progress
S108103,Student_8103,Female,24,Law,400,2.22,54.77,18,7,10.52,Graduated
S108104,Student_8104,Male,24,Medicine,100,2.59,68.24,5,0,12.36,In Progress
S108105,Student_8105,Male,17,Engineering,300,4.28,41.1,10,3,15.7,Dropped
S108106,Student_8106,Male,24,Medicine,500,3.22,45.25,5,2,14.2,In Progress
S108107,Student_8107,Male,26,Business Admin,400,3.4,83.76,14,7,7.78,Dropped
S108108,Student_8108,Female,18,Business Admin,300,2.56,64.74,13,5,13.29,Graduated
S108109,Student_8109,Male,28,Medicine,500,3.14,61.62,10,6,19.92,Graduated
S108110,Student_8110,Female,23,Computer Science,400,2.81,40.63,14,1,2.55,In Progress
S108111,Student_8111,Male,22,Medicine,300,2.13,57.89,10,7,10.02,In Progress
S108112,Student_8112,Female,18,Education,400,2.49,89.27,5,5,5.01,Graduated
S108113,Student_8113,Female,21,Education,300,2.64,60.42,20,7,10.68,Graduated
S108114,Student_8114,Male,23,Law,200,4.47,97.82,11,0,13.78,Graduated
S108115,Student_8115,Male,24,Engineering,200,4.31,63.4,7,6,6.93,Graduated
S108116,Student_8116,Male,19,Engineering,100,1.83,67.85,5,2,5.36,Graduated
S108117,Student_8117,Male,17,Computer Science,500,2.42,88.11,13,0,17.81,Graduated
S108118,Student_8118,Female,29,Engineering,400,2.87,98.98,19,2,12.11,In Progress
S108119,Student_8119,Female,23,Law,400,3.02,62.3,12,5,15.25,Graduated
S108120,Student_8120,Male,29,Education,300,2.91,47.2,8,1,14.4,In Progress
S108121,Student_8121,Male,21,Computer Science,500,4.29,71.38,7,7,5.61,Graduated
S108122,Student_8122,Female,21,Business Admin,400,2.67,75.51,6,6,15.13,Graduated
S108123,Student_8123,Male,23,Education,500,4.27,97.57,6,6,7.29,In Progress
S108124,Student_8124,Female,17,Law,500,3.67,64.84,17,6,6.52,Graduated
S108125,Student_8125,Male,24,Computer Science,200,2.96,45.45,15,4,15.13,Graduated
S108126,Student_8126,Female,28,Medicine,400,2.55,79.06,7,7,2.86,Graduated
S108127,Student_8127,Female,30,Engineering,400,2.54,41.27,5,2,4.46,In Progress
S108128,Student_8128,Female,26,Law,100,4.36,65.53,16,6,7.63,Graduated
S108129,Student_8129,Female,21,Computer Science,500,3.5,64.58,20,5,1.64,In Progress
S108130,Student_8130,Female,24,Education,300,3.21,55.29,19,4,10.35,In Progress
S108131,Student_8131,Male,26,Computer Science,200,1.46,97.86,14,6,7.37,Graduated
S108132,Student_8132,Female,26,Medicine,100,2.65,64.2,11,2,11.33,Graduated
S108133,Student_8133,Male,21,Law,200,2.74,93.68,19,4,19.43,Graduated
S108134,Student_8134,Female,28,Computer Science,300,3.15,70.91,6,1,3.94,In Progress
S108135,Student_8135,Female,23,Business Admin,100,2.9,89.23,19,0,2.99,Graduated
S108136,Student_8136,Male,26,Law,200,2.73,67.08,16,7,7.74,In Progress
S108137,Student_8137,Male,19,Law,300,3.23,99.49,20,1,5.79,Graduated
S108138,Student_8138,Male,18,Education,100,3.63,78.4,10,2,9.97,Graduated
S108139,Student_8139,Male,22,Engineering,300,2.58,49.36,16,6,18.11,Graduated
S108140,Student_8140,Female,21,Business Admin,100,2.31,40.39,18,3,18.96,In Progress
S108141,Student_8141,Male,25,Medicine,400,2.61,95.73,10,0,7.44,Graduated
S108142,Student_8142,Female,26,Computer Science,400,2.33,81.21,15,6,5.32,In Progress
S108143,Student_8143,Male,20,Engineering,200,2.81,46.38,18,4,5.43,Graduated
S108144,Student_8144,Male,27,Education,500,4.4,84.61,8,0,11.76,In Progress
S108145,Student_8145,Female,19,Engineering,500,2.76,53.63,8,0,9.81,Dropped
S108146,Student_8146,Female,25,Law,300,2.23,88.55,5,6,10.39,Graduated
S108147,Student_8147,Male,24,Law,100,2.69,76.6,20,1,7.32,Graduated
S108148,Student_8148,Female,22,Medicine,400,4.09,47.42,15,2,10.84,Graduated
S108149,Student_8149,Female,17,Business Admin,500,2.81,44.26,10,5,19.76,Graduated
S108150,Student_8150,Female,30,Computer Science,400,2.43,67.97,12,5,16.51,Graduated
S108151,Student_8151,Female,26,Computer Science,300,1.79,96.21,17,1,21.88,Dropped
S108152,Student_8152,Female,29,Education,300,2.77,73.88,17,2,10.54,Graduated
S108153,Student_8153,Female,28,Medicine,100,1.99,85.55,14,3,4.1,Dropped
S108154,Student_8154,Female,27,Computer Science,500,3.15,68.17,8,7,0.0,Graduated
S108155,Student_8155,Female,17,Business Admin,300,2.71,63.04,20,1,13.04,In Progress
S108156,Student_8156,Male,28,Law,300,1.53,89.33,5,6,2.83,In Progress
S108157,Student_8157,Female,22,Medicine,400,4.16,67.8,8,7,18.75,In Progress
S108158,Student_8158,Male,29,Engineering,200,4.5,48.49,20,3,10.07,Graduated
S108159,Student_8159,Female,19,Medicine,500,3.18,56.47,6,2,8.63,Graduated
S108160,Student_8160,Female,19,Medicine,100,4.08,73.68,8,0,9.86,Graduated
S108161,Student_8161,Female,22,Business Admin,100,3.16,64.15,12,3,11.24,In Progress
S108162,Student_8162,Female,29,Business Admin,400,1.64,61.98,17,3,14.64,Graduated
S108163,Student_8163,Male,19,Computer Science,100,2.82,80.13,7,6,9.62,Dropped
S108164,Student_8164,Male,29,Education,300,2.56,78.18,16,2,10.86,Graduated
S108165,Student_8165,Female,27,Education,500,1.95,58.84,18,2,12.67,In Progress
S108166,Student_8166,Male,26,Business Admin,100,3.0,61.57,17,7,11.02,Graduated
S108167,Student_8167,Female,22,Computer Science,500,2.48,85.12,9,6,2.39,In Progress
S108168,Student_8168,Female,21,Computer Science,100,3.13,95.28,14,1,7.53,Graduated
S108169,Student_8169,Male,20,Computer Science,200,3.51,59.45,15,1,15.51,Graduated
S108170,Student_8170,Male,24,Business Admin,200,4.19,57.51,20,2,18.67,In Progress
S108171,Student_8171,Female,18,Education,500,2.98,55.92,20,7,18.05,Graduated
S108172,Student_8172,Female,28,Computer Science,200,2.21,48.49,6,3,12.84,In Progress
S108173,Student_8173,Male,30,Business Admin,200,2.62,62.63,13,7,7.94,Graduated
S108174,Student_8174,Female,27,Engineering,300,2.71,70.96,18,6,16.9,In Progress
S108175,Student_8175,Male,23,Engineering,100,4.61,72.25,7,4,8.33,In Progress
S108176,Student_8176,Female,20,Law,200,2.93,81.46,5,1,7.65,Dropped
S108177,Student_8177,Female,18,Engineering,500,3.36,43.15,11,2,12.25,Graduated
S108178,Student_8178,Male,23,Medicine,300,3.76,73.68,15,4,0.0,Graduated
S108179,Student_8179,Male,29,Law,200,3.96,55.3,9,4,10.19,In Progress
S108180,Student_8180,Male,17,Engineering,500,3.14,54.35,19,6,10.31,Graduated
S108181,Student_8181,Female,20,Medicine,100,2.76,87.38,13,4,9.3,In Progress
S108182,Student_8182,Female,25,Engineering,200,2.66,49.21,7,4,9.24,Graduated
S108183,Student_8183,Female,30,Business Admin,500,2.1,59.75,15,0,17.49,In Progress
S108184,Student_8184,Female,20,Medicine,500,3.62,78.26,5,1,1.88,Graduated
S108185,Student_8185,Male,28,Computer Science,400,4.92,78.57,19,4,12.18,Graduated
S108186,Student_8186,Female,29,Business Admin,500,3.95,42.89,11,4,13.2,Graduated
S108187,Student_8187,Female,19,Medicine,400,3.01,44.35,12,6,18.19,Graduated
S108188,Student_8188,Female,26,Business Admin,100,2.1,79.32,15,2,11.67,In Progress
S108189,Student_8189,Male,26,Computer Science,100,2.61,97.19,6,5,12.59,Graduated
S108190,Student_8190,Female,18,Medicine,300,3.28,99.91,19,2,9.94,In Progress
S108191,Student_8191,Female,30,Medicine,400,2.76,99.23,6,5,11.58,Graduated
S108192,Student_8192,Male,19,Business Admin,500,2.91,61.09,13,0,10.06,In Progress
S108193,Student_8193,Female,17,Engineering,300,3.27,54.51,17,4,4.02,Dropped
S108194,Student_8194,Female,26,Medicine,300,3.15,45.92,8,0,11.49,Graduated
S108195,Student_8195,Male,24,Engineering,100,4.63,59.55,5,6,11.23,Graduated
S108196,Student_8196,Female,17,Medicine,500,4.59,56.61,18,5,7.1,In Progress
S108197,Student_8197,Female,19,Education,400,2.78,74.61,13,6,11.29,Graduated
S108198,Student_8198,Female,30,Law,100,3.72,62.13,13,2,16.45,Graduated
S108199,Student_8199,Male,19,Engineering,300,2.03,53.89,19,5,8.49,Graduated
S108200,Student_8200,Female,29,Engineering,200,3.66,76.75,10,1,18.65,In Progress
S108201,Student_8201,Female,18,Computer Science,300,3.34,59.38,10,7,17.46,In Progress
S108202,Student_8202,Male,30,Education,200,2.37,61.22,18,3,6.24,Graduated
S108203,Student_8203,Male,21,Computer Science,100,3.81,75.91,13,3,7.25,Graduated
S108204,Student_8204,Female,26,Education,400,2.28,47.09,6,5,9.12,Graduated
S108205,Student_8205,Female,19,Education,500,2.91,86.45,13,0,3.63,In Progress
S108206,Student_8206,Female,19,Business Admin,200,3.1,97.93,17,2,5.35,Graduated
S108207,Student_8207,Female,24,Business Admin,500,1.82,69.45,8,6,0.0,In Progress
S108208,Student_8208,Male,20,Business Admin,100,3.11,73.59,8,3,13.2,Dropped
S108209,Student_8209,Female,20,Medicine,100,2.37,63.08,17,4,13.7,In Progress
S108210,Student_8210,Male,19,Computer Science,100,2.71,97.4,13,1,2.2,In Progress
S108211,Student_8211,Male,27,Law,400,2.93,47.98,11,2,2.41,Graduated
S108212,Student_8212,Female,17,Education,200,1.81,88.81,16,0,9.65,Graduated
S108213,Student_8213,Female,24,Education,500,2.64,79.03,14,6,10.42,Graduated
S108214,Student_8214,Male,17,Engineering,300,2.88,87.49,16,2,16.29,Graduated
S108215,Student_8215,Male,23,Medicine,100,2.74,97.03,20,6,6.59,Graduated
S108216,Student_8216,Female,21,Law,500,2.33,69.77,20,1,6.67,In Progress
S108217,Student_8217,Male,20,Business Admin,500,2.05,57.3,18,5,10.57,Graduated
S108218,Student_8218,Female,20,Education,400,2.29,86.77,9,2,15.94,Graduated
S108219,Student_8219,Female,24,Engineering,200,1.64,90.67,12,5,17.56,Graduated
S108220,Student_8220,Male,27,Computer Science,400,2.41,81.18,16,0,5.25,Graduated
S108221,Student_8221,Male,27,Education,400,3.86,90.94,17,4,15.56,Graduated
S108222,Student_8222,Female,29,Engineering,500,1.92,83.82,5,2,5.59,Dropped
S108223,Student_8223,Male,30,Computer Science,200,3.64,97.45,11,7,1.0,Graduated
S108224,Student_8224,Female,22,Medicine,200,2.06,74.24,8,0,11.1,In Progress
S108225,Student_8225,Female,30,Business Admin,200,3.35,62.83,17,5,16.29,Graduated
S108226,Student_8226,Female,28,Computer Science,100,4.84,80.83,6,5,8.88,Graduated
S108227,Student_8227,Male,17,Education,200,3.41,44.15,6,4,15.51,Graduated
S108228,Student_8228,Female,30,Law,500,2.87,69.9,15,3,6.07,Graduated
S108229,Student_8229,Female,26,Computer Science,100,2.89,86.4,16,2,10.71,In Progress
S108230,Student_8230,Female,24,Law,300,3.62,50.14,13,4,14.58,Graduated
S108231,Student_8231,Female,29,Law,400,3.28,64.02,10,5,11.7,Graduated
S108232,Student_8232,Female,30,Computer Science,200,3.19,61.02,15,3,9.25,In Progress
S108233,Student_8233,Female,18,Medicine,300,2.67,60.1,8,6,7.12,Dropped
S108234,Student_8234,Female,22,Computer Science,200,3.23,79.04,6,5,8.71,Graduated
S108235,Student_8235,Female,25,Engineering,400,1.75,69.85,11,6,15.25,Dropped
S108236,Student_8236,Female,17,Business Admin,500,2.58,87.84,13,2,9.35,In Progress
S108237,Student_8237,Female,22,Law,500,4.25,43.47,6,7,1.63,Graduated
S108238,Student_8238,Female,24,Business Admin,400,3.61,67.23,8,2,11.3,In Progress
S108239,Student_8239,Male,26,Education,300,2.91,40.84,18,1,9.92,In Progress
S108240,Student_8240,Female,29,Law,100,2.24,53.25,5,2,11.93,Graduated
S108241,Student_8241,Female,18,Education,100,4.41,86.52,5,2,9.39,Graduated
S108242,Student_8242,Female,21,Engineering,200,2.56,46.36,7,4,9.48,In Progress
S108243,Student_8243,Male,22,Engineering,400,2.33,46.33,5,0,14.28,Graduated
S108244,Student_8244,Female,21,Business Admin,400,3.12,64.09,20,1,21.33,In Progress
S108245,Student_8245,Male,19,Engineering,100,2.62,86.62,8,2,9.14,Graduated
S108246,Student_8246,Female,20,Computer Science,300,1.59,78.28,18,4,14.95,In Progress
S108247,Student_8247,Female,23,Law,400,1.99,86.91,10,5,3.21,In Progress
S108248,Student_8248,Male,20,Education,500,2.86,42.97,17,6,9.63,Graduated
S108249,Student_8249,Female,25,Business Admin,500,2.21,73.82,9,5,8.64,In Progress
S108250,Student_8250,Male,27,Business Admin,400,1.91,67.2,13,6,4.05,Graduated
S108251,Student_8251,Male,28,Engineering,300,1.97,93.76,17,7,12.52,Graduated
S108252,Student_8252,Female,30,Engineering,500,2.87,84.24,18,4,14.83,In Progress
S108253,Student_8253,Female,29,Education,300,2.91,65.46,16,7,12.53,Graduated
S108254,Student_8254,Female,29,Law,100,3.59,73.23,15,6,10.5,Dropped
S108255,Student_8255,Female,26,Law,200,2.16,65.49,6,7,7.75,Graduated
S108256,Student_8256,Male,18,Business Admin,100,2.87,66.47,6,7,17.02,Graduated
S108257,Student_8257,Male,21,Education,200,2.53,78.04,16,0,12.01,In Progress
S108258,Student_8258,Female,24,Business Admin,500,3.39,52.99,7,3,7.87,Graduated
S108259,Student_8259,Male,30,Medicine,200,3.01,59.99,8,2,19.26,Graduated
S108260,Student_8260,Male,21,Law,200,3.24,56.75,13,6,0.0,Graduated
S108261,Student_8261,Female,26,Education,400,3.86,88.05,15,3,10.25,In Progress
S108262,Student_8262,Male,28,Education,200,3.14,96.52,10,0,11.33,Graduated
S108263,Student_8263,Male,24,Business Admin,400,3.77,64.86,17,4,20.62,Graduated
S108264,Student_8264,Female,24,Engineering,200,2.08,44.63,13,3,9.04,Graduated
S108265,Student_8265,Male,25,Education,400,1.98,45.61,9,0,7.11,Dropped
S108266,Student_8266,Female,26,Business Admin,500,3.93,63.98,13,3,12.38,In Progress
S108267,Student_8267,Male,22,Computer Science,500,3.2,63.7,13,7,0.0,Graduated
S108268,Student_8268,Female,28,Engineering,200,3.42,48.77,5,5,0.81,Dropped
S108269,Student_8269,Male,20,Engineering,300,3.82,88.43,19,7,0.59,Dropped
S108270,Student_8270,Male,28,Law,500,2.47,70.01,13,4,9.18,Graduated
S108271,Student_8271,Female,27,Medicine,100,2.57,46.54,11,2,12.0,Graduated
S108272,Student_8272,Female,19,Law,100,3.57,45.92,15,7,16.3,Dropped
S108273,Student_8273,Female,28,Computer Science,400,2.76,66.76,20,5,12.36,In Progress
S108274,Student_8274,Female,30,Business Admin,300,2.61,47.01,12,5,8.21,In Progress
S108275,Student_8275,Male,21,Engineering,400,2.11,73.67,7,1,9.89,Graduated
S108276,Student_8276,Male,22,Engineering,200,3.63,63.1,5,5,12.63,Graduated
S108277,Student_8277,Male,19,Education,500,2.62,95.18,8,4,13.37,Graduated
S108278,Student_8278,Female,18,Medicine,300,3.62,65.13,5,6,7.8,In Progress
S108279,Student_8279,Male,23,Medicine,400,3.35,76.87,5,7,13.48,Dropped
S108280,Student_8280,Male,27,Education,400,3.98,88.68,8,3,9.13,Graduated
S108281,Student_8281,Female,21,Computer Science,100,1.82,58.17,12,2,6.24,In Progress
S108282,Student_8282,Female,25,Medicine,200,0.99,70.71,16,7,9.75,Graduated
S108283,Student_8283,Male,19,Engineering,400,4.23,47.26,5,7,15.35,Graduated
S108284,Student_8284,Female,30,Computer Science,100,3.71,65.97,14,1,5.29,Dropped
S108285,Student_8285,Male,24,Law,300,2.28,62.55,14,5,6.17,Graduated
S108286,Student_8286,Male,22,Law,400,2.42,65.69,16,0,10.64,Graduated
S108287,Student_8287,Female,20,Computer Science,100,3.03,46.44,13,2,15.17,In Progress
S108288,Student_8288,Male,28,Engineering,200,2.86,63.9,10,4,7.05,Dropped
S108289,Student_8289,Female,28,Law,500,2.54,92.22,20,3,14.94,Dropped
S108290,Student_8290,Female,25,Business Admin,300,2.41,96.22,17,5,14.76,In Progress
S108291,Student_8291,Male,21,Engineering,400,2.66,54.5,9,1,11.47,In Progress
S108292,Student_8292,Male,26,Education,100,3.35,58.03,13,5,15.94,Graduated
S108293,Student_8293,Male,22,Medicine,400,3.01,40.57,13,2,7.39,Dropped
S108294,Student_8294,Female,30,Computer Science,500,2.66,46.93,13,7,17.53,Dropped
S108295,Student_8295,Male,29,Medicine,400,2.53,60.71,17,6,17.46,In Progress
S108296,Student_8296,Female,25,Education,400,4.5,81.11,17,1,17.16,Graduated
S108297,Student_8297,Female,23,Law,100,2.6,57.53,16,6,13.23,Graduated
S108298,Student_8298,Male,28,Business Admin,500,3.36,44.52,20,1,3.7,In Progress
S108299,Student_8299,Female,21,Engineering,300,4.72,83.85,7,2,13.3,Graduated
S108300,Student_8300,Male,18,Engineering,100,3.48,68.01,16,6,17.1,In Progress
S108301,Student_8301,Male,20,Education,500,3.33,71.15,16,5,0.0,Graduated
S108302,Student_8302,Male,18,Computer Science,500,3.86,59.56,19,3,12.36,Graduated
S108303,Student_8303,Male,19,Medicine,400,3.97,76.78,12,7,12.05,Graduated
S108304,Student_8304,Male,26,Business Admin,200,2.98,93.45,14,6,6.72,Graduated
S108305,Student_8305,Male,28,Law,200,2.07,73.23,18,5,0.43,In Progress
S108306,Student_8306,Male,19,Computer Science,300,2.89,75.25,8,0,7.74,Graduated
S108307,Student_8307,Female,20,Business Admin,400,3.41,62.41,20,2,12.5,Graduated
S108308,Student_8308,Male,22,Business Admin,200,2.76,44.96,8,0,6.89,Graduated
S108309,Student_8309,Female,28,Education,100,2.84,65.71,16,1,17.75,In Progress
S108310,Student_8310,Female,19,Education,300,4.13,95.48,11,7,10.14,Graduated
S108311,Student_8311,Female,26,Engineering,400,3.55,80.81,19,7,10.68,In Progress
S108312,Student_8312,Male,30,Law,100,3.41,69.41,12,1,8.66,Graduated
S108313,Student_8313,Female,17,Computer Science,200,2.28,77.25,8,6,8.57,Graduated
S108314,Student_8314,Female,17,Engineering,200,2.83,73.51,15,3,8.76,Graduated
S108315,Student_8315,Male,25,Law,200,3.27,94.74,14,6,9.86,Graduated
S108316,Student_8316,Male,25,Medicine,200,3.46,53.43,17,7,8.5,Graduated
S108317,Student_8317,Female,21,Medicine,500,4.11,93.32,20,7,7.15,Graduated
S108318,Student_8318,Male,25,Engineering,300,3.47,81.31,10,2,13.36,In Progress
S108319,Student_8319,Male,27,Computer Science,300,2.62,47.66,5,5,9.42,Graduated
S108320,Student_8320,Male,23,Law,200,4.32,62.31,17,2,14.79,Graduated
S108321,Student_8321,Male,25,Medicine,300,2.81,66.18,6,4,10.5,Graduated
S108322,Student_8322,Female,28,Medicine,100,3.64,44.98,16,7,6.02,Dropped
S108323,Student_8323,Male,23,Computer Science,100,2.6,73.25,9,3,4.08,In Progress
S108324,Student_8324,Male,25,Engineering,300,2.46,55.56,8,2,9.88,Dropped
S108325,Student_8325,Male,18,Education,200,2.05,67.49,20,1,15.21,Graduated
S108326,Student_8326,Female,27,Business Admin,400,2.1,66.33,18,3,17.66,Graduated
S108327,Student_8327,Female,27,Law,200,2.67,71.3,7,4,19.31,Graduated
S108328,Student_8328,Male,24,Medicine,500,3.92,90.77,20,4,15.41,Graduated
S108329,Student_8329,Male,23,Business Admin,400,3.18,86.85,15,6,18.85,Graduated
S108330,Student_8330,Female,22,Business Admin,500,1.76,92.38,18,7,5.93,Graduated
S108331,Student_8331,Male,21,Education,300,3.58,74.34,10,5,12.24,In Progress
S108332,Student_8332,Male,20,Business Admin,500,3.0,76.95,14,1,6.14,Graduated
S108333,Student_8333,Female,23,Computer Science,300,4.06,65.83,10,6,12.33,Dropped
S108334,Student_8334,Male,19,Engineering,500,2.66,83.03,17,7,14.99,Graduated
S108335,Student_8335,Male,24,Law,400,2.37,52.29,15,5,7.6,Graduated
S108336,Student_8336,Female,18,Computer Science,500,4.21,68.51,18,2,12.0,In Progress
S108337,Student_8337,Female,17,Engineering,200,3.7,82.85,14,7,10.46,In Progress
S108338,Student_8338,Male,27,Computer Science,300,1.8,86.67,12,1,11.33,Graduated
S108339,Student_8339,Female,18,Medicine,100,3.25,54.88,19,4,9.22,Graduated
S108340,Student_8340,Male,25,Medicine,500,1.8,50.89,6,3,3.39,Graduated
S108341,Student_8341,Male,21,Education,300,3.67,57.31,11,2,17.18,Graduated
S108342,Student_8342,Male,27,Computer Science,100,2.22,95.21,11,1,12.24,Graduated
S108343,Student_8343,Female,24,Business Admin,300,2.12,47.75,6,5,13.14,Graduated
S108344,Student_8344,Female,19,Medicine,300,3.97,97.19,17,2,16.97,Graduated
S108345,Student_8345,Male,23,Engineering,100,3.29,99.69,10,7,15.01,Graduated
S108346,Student_8346,Male,18,Education,100,3.52,87.01,9,3,2.35,Graduated
S108347,Student_8347,Female,24,Business Admin,400,2.66,85.63,6,4,16.03,Graduated
S108348,Student_8348,Female,30,Law,500,2.94,97.2,13,1,11.4,In Progress
S108349,Student_8349,Female,23,Computer Science,500,4.1,57.43,12,6,10.71,In Progress
S108350,Student_8350,Male,28,Medicine,300,3.22,47.74,11,4,12.85,In Progress
S108351,Student_8351,Female,21,Business Admin,200,4.63,89.39,19,5,11.94,Graduated
S108352,Student_8352,Female,28,Engineering,200,2.86,50.26,18,5,6.48,Graduated
S108353,Student_8353,Male,27,Computer Science,300,3.67,42.72,10,1,3.86,In Progress
S108354,Student_8354,Male,20,Engineering,400,3.78,51.79,9,2,0.0,Graduated
S108355,Student_8355,Male,17,Education,100,3.14,66.27,17,6,14.41,Graduated
S108356,Student_8356,Female,21,Medicine,300,3.95,69.71,13,6,20.83,In Progress
S108357,Student_8357,Male,28,Medicine,500,2.63,43.75,9,0,7.38,Graduated
S108358,Student_8358,Male,25,Education,200,3.6,66.6,17,1,15.53,Graduated
S108359,Student_8359,Male,26,Engineering,200,2.27,76.26,10,1,5.6,Graduated
S108360,Student_8360,Male,20,Computer Science,200,2.12,95.91,7,4,7.49,Graduated
S108361,Student_8361,Female,29,Engineering,400,3.03,53.64,13,0,16.3,Graduated
S108362,Student_8362,Male,25,Computer Science,500,2.91,52.66,19,6,6.17,Graduated
S108363,Student_8363,Female,28,Business Admin,400,2.22,63.37,15,5,8.03,Graduated
S108364,Student_8364,Female,18,Education,100,3.54,99.02,18,7,8.2,In Progress
S108365,Student_8365,Female,20,Law,300,4.09,60.17,12,7,8.82,Graduated
S108366,Student_8366,Male,25,Computer Science,300,2.77,42.63,13,0,15.35,Graduated
S108367,Student_8367,Female,20,Medicine,200,3.73,55.94,5,0,4.05,Graduated
S108368,Student_8368,Male,21,Business Admin,200,2.56,73.5,5,0,8.09,Graduated
S108369,Student_8369,Male,27,Medicine,100,2.86,64.75,17,7,6.03,Graduated
S108370,Student_8370,Male,24,Business Admin,400,2.97,86.45,6,3,0.0,Graduated
S108371,Student_8371,Female,17,Medicine,500,3.58,76.44,8,6,11.67,In Progress
S108372,Student_8372,Male,17,Engineering,100,2.94,73.57,14,2,9.25,Graduated
S108373,Student_8373,Male,25,Engineering,300,1.6,59.38,9,1,0.0,Dropped
S108374,Student_8374,Male,25,Engineering,300,3.84,73.11,17,2,12.8,Dropped
S108375,Student_8375,Female,20,Business Admin,400,3.08,76.94,19,5,12.24,Graduated
S108376,Student_8376,Female,29,Business Admin,100,1.39,50.75,11,2,7.52,In Progress
S108377,Student_8377,Female,18,Medicine,500,3.99,84.15,8,2,4.16,In Progress
S108378,Student_8378,Male,29,Computer Science,100,4.03,63.58,17,2,9.89,Graduated
S108379,Student_8379,Female,25,Business Admin,100,2.24,84.54,5,7,23.77,Graduated
S108380,Student_8380,Male,30,Medicine,400,2.01,50.66,12,3,8.84,Graduated
S108381,Student_8381,Male,20,Computer Science,500,3.8,79.39,15,4,6.87,Graduated
S108382,Student_8382,Female,22,Engineering,300,3.8,41.61,7,6,7.82,Graduated
S108383,Student_8383,Male,28,Business Admin,200,3.34,49.54,13,3,2.82,In Progress
S108384,Student_8384,Female,17,Law,500,2.69,93.47,19,1,16.34,Graduated
S108385,Student_8385,Male,28,Engineering,300,2.45,67.69,20,6,4.74,In Progress
S108386,Student_8386,Female,25,Education,400,3.42,70.47,6,7,2.81,Graduated
S108387,Student_8387,Male,21,Computer Science,500,2.55,94.45,15,0,7.26,Graduated
S108388,Student_8388,Male,19,Law,500,2.56,69.1,20,4,17.23,Graduated
S108389,Student_8389,Male,20,Engineering,300,3.55,79.28,5,1,13.81,Graduated
S108390,Student_8390,Male,17,Business Admin,300,3.69,53.32,14,5,8.54,Graduated
S108391,Student_8391,Male,30,Law,100,4.05,44.89,12,7,7.69,Graduated
S108392,Student_8392,Female,25,Medicine,100,1.73,61.2,18,0,6.95,Graduated
S108393,Student_8393,Male,30,Computer Science,500,2.65,87.92,7,3,7.03,In Progress
S108394,Student_8394,Female,24,Education,200,2.76,66.81,5,2,8.6,Dropped
S108395,Student_8395,Female,20,Medicine,400,2.99,50.09,15,1,14.89,Graduated
S108396,Student_8396,Female,18,Law,300,2.11,72.71,7,5,5.79,In Progress
S108397,Student_8397,Male,30,Engineering,100,3.4,55.83,12,2,20.04,In Progress
S108398,Student_8398,Male,25,Computer Science,400,4.32,96.8,20,2,15.68,In Progress
S108399,Student_8399,Male,20,Business Admin,500,2.17,74.64,15,2,20.86,Graduated
S108400,Student_8400,Female,25,Education,300,3.13,98.98,20,4,1.67,Graduated
S108401,Student_8401,Male,26,Engineering,300,3.88,42.58,8,0,7.52,In Progress
S108402,Student_8402,Male,19,Education,100,2.83,40.69,14,2,11.66,Graduated
S108403,Student_8403,Female,23,Business Admin,200,2.49,68.63,15,5,10.26,Graduated
S108404,Student_8404,Female,23,Computer Science,300,3.12,91.72,11,1,14.03,Graduated
S108405,Student_8405,Female,26,Law,200,3.51,71.46,12,4,12.88,Graduated
S108406,Student_8406,Female,29,Education,400,2.12,92.57,19,0,4.76,Graduated
S108407,Student_8407,Female,20,Computer Science,300,3.73,47.83,11,1,6.54,In Progress
S108408,Student_8408,Female,18,Education,300,2.85,81.96,20,7,9.53,Dropped
S108409,Student_8409,Male,27,Engineering,200,2.53,79.59,5,4,2.27,Dropped
S108410,Student_8410,Female,25,Education,100,1.93,72.7,8,4,8.14,In Progress
S108411,Student_8411,Male,20,Engineering,500,2.54,64.31,17,5,12.35,Graduated
S108412,Student_8412,Male,24,Engineering,400,2.58,78.82,17,6,16.59,Graduated
S108413,Student_8413,Male,30,Computer Science,300,2.16,73.01,14,5,11.5,Graduated
S108414,Student_8414,Female,18,Medicine,100,3.33,56.36,13,0,0.0,Graduated
S108415,Student_8415,Male,24,Business Admin,300,3.1,46.28,11,6,10.06,In Progress
S108416,Student_8416,Female,27,Education,400,3.69,63.2,16,7,15.48,In Progress
S108417,Student_8417,Female,26,Law,500,3.5,70.75,19,6,1.62,Graduated
S108418,Student_8418,Male,21,Engineering,300,2.55,70.51,5,7,9.31,In Progress
S108419,Student_8419,Female,23,Medicine,200,2.78,65.53,12,5,15.38,Graduated
S108420,Student_8420,Male,23,Engineering,100,2.48,59.64,20,6,9.61,Dropped
S108421,Student_8421,Male,28,Medicine,500,1.88,61.03,20,2,8.66,Dropped
S108422,Student_8422,Female,25,Medicine,300,3.27,55.95,8,1,16.64,Dropped
S108423,Student_8423,Male,19,Law,500,3.12,74.79,18,3,9.62,Graduated
S108424,Student_8424,Male,26,Medicine,200,2.57,90.99,18,7,9.48,Graduated
S108425,Student_8425,Male,20,Law,300,3.56,92.78,18,7,9.21,Graduated
S108426,Student_8426,Female,26,Computer Science,500,2.76,99.62,16,2,15.97,Graduated
S108427,Student_8427,Male,20,Engineering,300,3.86,45.33,11,6,10.18,In Progress
S108428,Student_8428,Female,29,Law,300,2.89,52.86,17,3,9.1,Graduated
S108429,Student_8429,Female,26,Business Admin,500,2.09,83.81,10,7,8.55,Graduated
S108430,Student_8430,Male,21,Engineering,300,4.07,78.71,11,1,0.22,In Progress
S108431,Student_8431,Male,30,Business Admin,200,3.26,48.03,14,7,12.44,Graduated
S108432,Student_8432,Female,22,Education,500,2.34,77.86,14,5,9.9,In Progress
S108433,Student_8433,Female,19,Business Admin,500,2.72,64.39,5,7,11.03,In Progress
S108434,Student_8434,Male,29,Computer Science,200,2.42,97.41,16,3,5.77,Dropped
S108435,Student_8435,Male,20,Education,200,3.69,91.31,19,3,4.14,In Progress
S108436,Student_8436,Female,19,Education,200,1.54,44.39,10,0,6.62,Graduated
S108437,Student_8437,Female,18,Medicine,300,3.19,45.4,16,0,0.68,Graduated
S108438,Student_8438,Female,26,Business Admin,300,1.8,65.02,7,5,6.81,Graduated
S108439,Student_8439,Female,28,Medicine,400,1.68,40.5,14,7,23.21,Graduated
S108440,Student_8440,Female,25,Business Admin,300,3.29,45.66,8,0,12.64,Graduated
S108441,Student_8441,Male,17,Education,200,2.15,95.96,5,3,10.98,In Progress
S108442,Student_8442,Female,18,Medicine,400,3.49,87.55,18,5,4.77,Graduated
S108443,Student_8443,Female,24,Engineering,200,3.67,80.36,20,3,5.37,Graduated
S108444,Student_8444,Male,23,Business Admin,100,2.69,89.81,17,7,8.83,In Progress
S108445,Student_8445,Male,28,Business Admin,500,3.34,55.0,20,4,0.0,Dropped
S108446,Student_8446,Female,17,Medicine,100,4.03,83.53,18,7,11.11,In Progress
S108447,Student_8447,Female,21,Business Admin,200,2.33,76.93,17,4,7.37,In Progress
S108448,Student_8448,Male,26,Education,300,3.6,90.92,14,6,23.74,In Progress
S108449,Student_8449,Female,22,Medicine,500,2.46,56.96,12,0,17.19,Dropped
S108450,Student_8450,Female,21,Medicine,300,3.0,85.82,20,6,13.3,Graduated
S108451,Student_8451,Male,20,Law,300,2.56,91.16,18,4,7.57,Graduated
S108452,Student_8452,Female,30,Law,500,2.59,72.94,6,2,18.33,In Progress
S108453,Student_8453,Male,29,Education,500,2.75,64.83,7,4,4.43,Graduated
S108454,Student_8454,Male,17,Engineering,100,2.58,96.92,11,7,13.45,In Progress
S108455,Student_8455,Male,23,Business Admin,200,2.91,50.14,6,4,7.16,In Progress
S108456,Student_8456,Male,25,Computer Science,300,3.82,42.18,16,2,12.37,Graduated
S108457,Student_8457,Female,22,Business Admin,200,2.04,50.75,8,2,8.88,In Progress
S108458,Student_8458,Male,19,Computer Science,200,3.3,81.01,16,1,4.26,Graduated
S108459,Student_8459,Female,26,Education,400,2.25,87.34,11,3,9.27,In Progress
S108460,Student_8460,Female,30,Engineering,100,2.29,83.01,16,3,15.35,Graduated
S108461,Student_8461,Female,20,Engineering,300,1.7,65.19,7,5,20.5,In Progress
S108462,Student_8462,Female,26,Engineering,500,3.75,98.05,20,6,16.28,Graduated
S108463,Student_8463,Female,21,Law,500,2.83,66.66,6,0,8.46,Graduated
S108464,Student_8464,Male,28,Education,200,2.37,98.88,12,5,4.69,In Progress
S108465,Student_8465,Male,28,Computer Science,100,3.09,95.09,6,1,8.85,In Progress
S108466,Student_8466,Male,17,Engineering,100,2.76,64.43,14,5,22.34,Graduated
S108467,Student_8467,Male,21,Education,300,3.77,49.66,20,1,3.47,Graduated
S108468,Student_8468,Female,17,Business Admin,300,2.29,45.39,11,1,9.86,Dropped
S108469,Student_8469,Male,25,Computer Science,200,2.9,71.89,15,6,4.9,Graduated
S108470,Student_8470,Female,23,Law,200,3.6,85.79,7,1,0.0,In Progress
S108471,Student_8471,Female,19,Medicine,200,2.25,50.56,8,6,20.59,In Progress
S108472,Student_8472,Male,25,Computer Science,400,2.68,59.09,10,6,10.45,In Progress
S108473,Student_8473,Male,18,Business Admin,100,2.11,77.83,15,4,12.86,Graduated
S108474,Student_8474,Male,28,Computer Science,200,2.39,67.65,7,1,10.54,Graduated
S108475,Student_8475,Male,23,Computer Science,100,1.91,76.23,5,5,14.21,Graduated
S108476,Student_8476,Female,25,Medicine,500,2.26,80.58,16,0,15.15,Graduated
S108477,Student_8477,Female,22,Engineering,500,2.08,62.84,12,7,5.72,Graduated
S108478,Student_8478,Male,26,Business Admin,100,2.53,87.16,8,3,20.36,In Progress
S108479,Student_8479,Female,21,Medicine,500,3.68,82.17,5,1,17.71,In Progress
S108480,Student_8480,Female,28,Computer Science,500,3.2,81.25,6,7,12.59,Graduated
S108481,Student_8481,Female,23,Business Admin,500,3.91,48.97,10,5,5.28,Graduated
S108482,Student_8482,Male,30,Law,300,2.73,68.45,19,3,5.24,Graduated
S108483,Student_8483,Female,22,Computer Science,300,2.37,74.63,5,6,3.21,Graduated
S108484,Student_8484,Male,21,Law,100,2.91,53.58,13,7,10.01,In Progress
S108485,Student_8485,Male,30,Education,100,2.57,85.51,18,7,15.07,Graduated
S108486,Student_8486,Female,18,Law,400,3.29,47.26,11,2,12.31,Graduated
S108487,Student_8487,Female,24,Computer Science,300,1.95,48.99,20,0,7.61,Graduated
S108488,Student_8488,Male,29,Medicine,100,2.95,64.8,12,2,3.51,Graduated
S108489,Student_8489,Female,23,Computer Science,300,4.05,48.12,12,7,16.46,Dropped
S108490,Student_8490,Female,22,Computer Science,400,2.36,40.7,10,5,6.61,In Progress
S108491,Student_8491,Male,21,Education,100,2.69,64.68,12,1,1.45,Graduated
S108492,Student_8492,Male,21,Engineering,100,1.79,78.91,11,7,11.39,In Progress
S108493,Student_8493,Male,25,Computer Science,100,3.78,69.71,5,4,8.36,Dropped
S108494,Student_8494,Male,17,Education,100,2.93,43.13,7,5,14.03,Graduated
S108495,Student_8495,Female,25,Medicine,200,2.64,53.95,13,4,7.27,Dropped
S108496,Student_8496,Female,22,Education,300,3.03,71.46,12,5,10.45,Graduated
S108497,Student_8497,Male,20,Education,300,2.95,84.29,9,0,10.23,Graduated
S108498,Student_8498,Male,26,Law,300,2.51,87.64,20,1,8.61,Graduated
S108499,Student_8499,Male,30,Engineering,400,2.02,71.16,5,1,6.32,Graduated
S108500,Student_8500,Female,23,Engineering,200,3.11,78.77,6,1,14.97,In Progress
S108501,Student_8501,Male,25,Business Admin,300,3.01,94.21,14,1,11.72,Dropped
S108502,Student_8502,Female,21,Medicine,300,2.73,43.91,18,7,10.29,Graduated
S108503,Student_8503,Male,30,Business Admin,100,2.79,45.95,19,5,9.72,Graduated
S108504,Student_8504,Male,21,Education,100,3.76,67.47,14,0,9.78,In Progress
S108505,Student_8505,Male,24,Medicine,100,3.2,76.58,13,0,6.24,Dropped
S108506,Student_8506,Female,23,Medicine,300,2.07,40.28,16,6,5.47,Graduated
S108507,Student_8507,Female,29,Engineering,100,3.9,67.15,14,0,10.62,Dropped
S108508,Student_8508,Female,29,Engineering,300,3.48,50.37,12,5,12.56,In Progress
S108509,Student_8509,Male,24,Engineering,400,3.43,78.71,13,4,12.59,In Progress
S108510,Student_8510,Female,27,Computer Science,400,2.44,56.06,6,1,15.12,Graduated
S108511,Student_8511,Female,28,Education,500,3.6,94.12,7,5,14.05,In Progress
S108512,Student_8512,Male,26,Medicine,200,3.13,43.83,7,2,7.95,Graduated
S108513,Student_8513,Male,18,Education,100,2.19,88.55,5,3,22.85,Dropped
S108514,Student_8514,Female,25,Medicine,100,3.2,63.54,6,0,18.72,In Progress
S108515,Student_8515,Female,19,Medicine,200,3.67,91.43,14,0,5.14,In Progress
S108516,Student_8516,Female,22,Business Admin,200,3.4,88.91,9,5,11.41,Graduated
S108517,Student_8517,Female,22,Medicine,500,1.74,54.36,11,4,6.29,Graduated
S108518,Student_8518,Male,18,Medicine,200,3.28,43.03,10,4,6.03,Dropped
S108519,Student_8519,Male,28,Law,300,2.75,81.73,18,3,8.52,Graduated
S108520,Student_8520,Male,29,Law,100,1.68,52.26,6,4,16.07,Graduated
S108521,Student_8521,Female,23,Business Admin,200,3.45,95.83,12,5,4.43,Graduated
S108522,Student_8522,Female,25,Computer Science,300,3.48,44.03,8,7,21.78,Graduated
S108523,Student_8523,Male,28,Engineering,200,2.98,59.44,15,0,13.02,Graduated
S108524,Student_8524,Male,26,Medicine,300,2.29,40.76,6,1,3.49,Graduated
S108525,Student_8525,Female,27,Education,400,3.98,59.02,19,1,13.04,In Progress
S108526,Student_8526,Female,17,Law,300,3.38,72.48,8,4,7.43,Graduated
S108527,Student_8527,Male,24,Engineering,500,3.42,79.29,12,3,7.24,Graduated
S108528,Student_8528,Male,18,Computer Science,300,3.65,83.59,18,6,15.07,Dropped
S108529,Student_8529,Male,30,Engineering,200,3.85,90.01,19,1,10.28,Graduated
S108530,Student_8530,Female,17,Medicine,400,3.23,46.65,5,0,8.43,In Progress
S108531,Student_8531,Female,24,Engineering,400,2.2,85.71,15,6,11.41,In Progress
S108532,Student_8532,Female,18,Medicine,300,2.52,56.7,13,1,4.01,Graduated
S108533,Student_8533,Female,22,Business Admin,200,2.64,48.29,18,3,10.17,In Progress
S108534,Student_8534,Female,22,Law,400,3.85,55.94,12,6,19.36,Graduated
S108535,Student_8535,Female,21,Law,300,3.15,91.48,18,4,0.72,Dropped
S108536,Student_8536,Male,24,Medicine,300,2.52,77.64,12,2,11.64,Graduated
S108537,Student_8537,Male,19,Education,300,2.86,75.84,14,6,11.41,Graduated
S108538,Student_8538,Female,29,Law,400,3.93,75.08,13,5,9.27,Graduated
S108539,Student_8539,Male,26,Education,100,3.43,64.52,18,1,0.0,Graduated
S108540,Student_8540,Female,20,Medicine,200,3.73,65.02,11,0,7.57,Graduated
S108541,Student_8541,Male,23,Business Admin,500,2.22,48.9,15,3,13.02,Graduated
S108542,Student_8542,Female,23,Medicine,500,2.85,59.96,13,1,17.59,In Progress
S108543,Student_8543,Male,29,Business Admin,200,2.55,70.72,19,6,7.13,Graduated
S108544,Student_8544,Male,28,Law,100,4.05,76.36,5,2,3.87,Graduated
S108545,Student_8545,Female,30,Education,200,2.9,44.3,5,4,12.98,Graduated
S108546,Student_8546,Female,24,Medicine,300,2.6,60.03,16,1,13.55,In Progress
S108547,Student_8547,Male,18,Law,200,1.6,60.37,8,3,7.24,Graduated
S108548,Student_8548,Male,27,Business Admin,200,3.99,70.9,6,1,13.89,In Progress
S108549,Student_8549,Female,28,Medicine,400,4.02,82.6,12,4,5.25,In Progress
S108550,Student_8550,Male,18,Business Admin,500,1.56,78.11,5,3,10.53,Graduated
S108551,Student_8551,Female,20,Engineering,500,3.15,74.25,8,5,11.23,In Progress
S108552,Student_8552,Female,29,Business Admin,300,3.66,57.49,15,2,5.14,Graduated
S108553,Student_8553,Male,26,Engineering,300,3.33,90.34,15,0,10.06,Graduated
S108554,Student_8554,Female,29,Law,400,2.69,87.12,18,7,8.77,Graduated
S108555,Student_8555,Male,25,Medicine,300,2.34,51.02,13,7,2.79,Graduated
S108556,Student_8556,Male,26,Law,100,3.82,79.31,6,5,6.58,Dropped
S108557,Student_8557,Female,28,Computer Science,400,3.54,94.4,10,7,10.0,Graduated
S108558,Student_8558,Male,25,Business Admin,400,3.45,66.14,8,6,12.34,Graduated
S108559,Student_8559,Female,29,Law,200,3.82,95.49,18,7,8.39,Dropped
S108560,Student_8560,Female,29,Law,200,4.53,41.32,16,4,13.49,Graduated
S108561,Student_8561,Female,20,Engineering,100,2.77,70.97,8,6,14.82,In Progress
S108562,Student_8562,Male,25,Business Admin,400,2.77,55.38,10,6,9.91,Dropped
S108563,Student_8563,Female,30,Engineering,400,2.72,55.73,14,1,20.74,Graduated
S108564,Student_8564,Male,19,Medicine,200,2.35,92.65,17,2,14.77,Graduated
S108565,Student_8565,Female,28,Law,500,3.84,58.69,8,3,10.78,Graduated
S108566,Student_8566,Female,21,Business Admin,500,3.94,41.4,19,7,6.47,In Progress
S108567,Student_8567,Female,26,Law,200,3.75,72.38,13,5,13.64,Graduated
S108568,Student_8568,Male,25,Medicine,300,4.17,98.25,16,3,8.44,Graduated
S108569,Student_8569,Male,22,Education,400,3.07,44.75,16,3,7.01,Graduated
S108570,Student_8570,Female,19,Medicine,100,3.26,57.18,20,6,4.32,In Progress
S108571,Student_8571,Female,26,Engineering,500,3.46,68.17,12,1,7.96,In Progress
S108572,Student_8572,Male,25,Engineering,300,2.71,89.83,12,5,3.16,Graduated
S108573,Student_8573,Male,22,Law,400,2.25,56.13,9,7,18.23,Graduated
S108574,Student_8574,Male,20,Engineering,300,3.1,60.62,20,7,10.67,In Progress
S108575,Student_8575,Female,30,Business Admin,400,2.67,63.07,10,4,5.66,Graduated
S108576,Student_8576,Male,20,Medicine,400,4.52,62.78,19,5,10.95,Graduated
S108577,Student_8577,Female,24,Law,200,1.96,52.02,5,2,10.56,Graduated
S108578,Student_8578,Male,23,Medicine,200,2.96,94.94,5,3,18.94,Graduated
S108579,Student_8579,Female,17,Medicine,100,3.2,87.57,19,0,15.0,In Progress
S108580,Student_8580,Female,22,Law,100,2.42,98.54,13,4,5.95,Graduated
S108581,Student_8581,Female,24,Education,300,2.68,62.26,16,2,5.37,In Progress
S108582,Student_8582,Male,19,Engineering,200,3.04,42.72,8,7,15.17,Graduated
S108583,Student_8583,Male,30,Computer Science,400,2.19,46.93,7,2,8.85,Dropped
S108584,Student_8584,Male,25,Computer Science,200,3.29,61.45,9,3,2.34,Graduated
S108585,Student_8585,Female,26,Computer Science,400,4.1,94.66,18,0,8.1,Graduated
S108586,Student_8586,Female,18,Engineering,200,2.73,98.87,19,3,9.19,In Progress
S108587,Student_8587,Male,30,Education,400,3.54,89.32,13,4,13.84,In Progress
S108588,Student_8588,Female,22,Medicine,300,4.2,54.31,13,1,10.44,Graduated
S108589,Student_8589,Female,28,Law,200,3.7,79.58,7,4,5.93,In Progress
S108590,Student_8590,Female,17,Education,500,2.49,75.8,16,6,12.29,Graduated
S108591,Student_8591,Male,28,Computer Science,500,1.92,89.4,11,0,10.63,Graduated
S108592,Student_8592,Female,27,Business Admin,400,2.78,70.58,19,7,0.0,In Progress
S108593,Student_8593,Male,18,Engineering,300,3.04,59.09,7,6,12.53,Dropped
S108594,Student_8594,Male,29,Engineering,400,1.55,41.16,19,6,4.87,Graduated
S108595,Student_8595,Male,21,Law,300,3.02,87.7,7,1,8.48,In Progress
S108596,Student_8596,Male,17,Business Admin,100,2.42,71.81,8,5,7.28,Graduated
S108597,Student_8597,Male,24,Medicine,200,2.92,72.05,6,5,0.0,Graduated
S108598,Student_8598,Female,17,Education,300,2.78,97.42,20,6,11.92,In Progress
S108599,Student_8599,Male,29,Business Admin,400,2.86,69.17,10,2,2.9,Dropped
S108600,Student_8600,Male,25,Education,100,3.53,58.95,20,3,8.0,Graduated
S108601,Student_8601,Male,26,Education,400,2.3,60.39,19,6,8.53,Graduated
S108602,Student_8602,Female,27,Medicine,500,1.72,40.7,9,5,1.54,Graduated
S108603,Student_8603,Female,19,Medicine,500,3.58,47.34,14,4,14.65,Dropped
S108604,Student_8604,Female,28,Medicine,200,3.45,42.63,14,7,8.05,In Progress
S108605,Student_8605,Female,18,Law,200,3.38,54.6,17,3,8.46,In Progress
S108606,Student_8606,Male,17,Engineering,100,2.38,43.88,6,4,10.82,In Progress
S108607,Student_8607,Male,25,Computer Science,500,3.43,59.87,16,3,8.2,Graduated
S108608,Student_8608,Female,20,Medicine,300,2.1,47.57,14,5,5.32,Dropped
S108609,Student_8609,Female,28,Engineering,500,2.79,95.08,20,1,4.24,Graduated
S108610,Student_8610,Female,17,Medicine,200,4.06,96.3,19,3,18.87,Graduated
S108611,Student_8611,Female,17,Computer Science,400,3.42,76.21,6,7,9.8,In Progress
S108612,Student_8612,Male,23,Business Admin,100,2.95,88.33,18,7,6.09,In Progress
S108613,Student_8613,Female,18,Medicine,500,2.9,80.63,6,6,11.67,In Progress
S108614,Student_8614,Female,23,Engineering,300,2.23,88.67,8,6,14.52,In Progress
S108615,Student_8615,Female,28,Law,300,4.13,78.39,7,6,23.93,In Progress
S108616,Student_8616,Female,23,Business Admin,300,3.71,65.81,13,0,9.91,Graduated
S108617,Student_8617,Female,26,Business Admin,100,3.56,92.43,17,0,7.44,Graduated
S108618,Student_8618,Female,30,Business Admin,300,2.94,66.28,9,5,0.0,Dropped
S108619,Student_8619,Female,25,Computer Science,300,2.74,63.77,16,7,9.58,Graduated
S108620,Student_8620,Male,29,Engineering,500,2.47,77.46,5,3,7.16,Graduated
S108621,Student_8621,Male,23,Education,100,4.0,96.28,6,7,10.46,Graduated
S108622,Student_8622,Male,29,Education,400,1.73,66.53,19,5,10.36,Graduated
S108623,Student_8623,Male,30,Education,400,3.4,74.5,11,2,16.08,Graduated
S108624,Student_8624,Male,17,Law,300,1.9,69.54,12,0,11.0,Dropped
S108625,Student_8625,Male,28,Medicine,200,2.86,94.58,10,4,10.48,In Progress
S108626,Student_8626,Female,29,Medicine,100,2.98,80.6,17,5,10.89,In Progress
S108627,Student_8627,Female,24,Medicine,200,2.1,65.18,11,3,8.41,In Progress
S108628,Student_8628,Male,24,Law,100,2.4,76.41,6,3,17.02,In Progress
S108629,Student_8629,Female,20,Education,100,3.51,49.36,18,0,12.02,Graduated
S108630,Student_8630,Male,29,Business Admin,500,4.04,60.52,20,2,13.84,Graduated
S108631,Student_8631,Female,24,Medicine,300,3.22,84.17,16,4,8.78,Graduated
S108632,Student_8632,Female,20,Business Admin,500,2.52,73.74,10,6,4.6,Dropped
S108633,Student_8633,Female,24,Business Admin,200,2.32,58.86,16,6,5.08,In Progress
S108634,Student_8634,Female,21,Law,200,2.48,61.74,10,6,17.49,In Progress
S108635,Student_8635,Female,20,Law,400,2.98,88.59,8,6,19.37,In Progress
S108636,Student_8636,Female,22,Engineering,500,3.18,72.45,15,7,6.2,In Progress
S108637,Student_8637,Male,18,Medicine,500,3.86,54.33,8,0,4.52,Graduated
S108638,Student_8638,Male,28,Education,500,2.95,57.81,6,0,13.87,Graduated
S108639,Student_8639,Female,18,Computer Science,400,2.54,68.07,7,6,7.61,Graduated
S108640,Student_8640,Male,18,Law,500,2.21,85.77,14,5,2.02,Graduated
S108641,Student_8641,Female,25,Business Admin,500,2.85,99.85,10,7,3.76,Graduated
S108642,Student_8642,Male,30,Engineering,500,1.85,51.15,8,1,9.63,Graduated
S108643,Student_8643,Female,26,Computer Science,500,2.58,85.3,7,6,21.38,Graduated
S108644,Student_8644,Male,19,Law,200,2.12,77.03,18,6,18.49,In Progress
S108645,Student_8645,Female,26,Engineering,300,2.82,71.87,5,5,7.0,In Progress
S108646,Student_8646,Male,20,Business Admin,200,3.32,97.99,16,0,2.99,Graduated
S108647,Student_8647,Female,26,Medicine,500,3.27,59.37,19,4,7.79,In Progress
S108648,Student_8648,Male,28,Engineering,100,3.48,50.62,15,1,9.15,In Progress
S108649,Student_8649,Female,24,Law,100,2.35,92.66,18,2,10.48,Graduated
S108650,Student_8650,Female,20,Medicine,400,3.99,44.12,15,7,6.84,Graduated
S108651,Student_8651,Female,27,Business Admin,200,3.47,89.03,15,2,7.03,Graduated
S108652,Student_8652,Male,26,Education,400,3.44,75.35,17,0,13.03,Graduated
S108653,Student_8653,Male,26,Engineering,400,3.79,49.84,7,4,8.2,Graduated
S108654,Student_8654,Male,29,Computer Science,100,3.12,53.64,5,2,8.62,Graduated
S108655,Student_8655,Female,23,Business Admin,200,2.92,49.35,8,4,11.27,Graduated
S108656,Student_8656,Male,21,Medicine,300,3.94,83.1,16,5,13.98,Graduated
S108657,Student_8657,Female,25,Business Admin,200,2.42,48.84,8,5,10.97,In Progress
S108658,Student_8658,Male,20,Medicine,400,2.85,80.88,15,4,12.93,Graduated
S108659,Student_8659,Male,19,Business Admin,500,3.81,47.69,16,6,17.82,Graduated
S108660,Student_8660,Male,29,Education,400,2.85,88.14,5,1,8.4,Graduated
S108661,Student_8661,Male,18,Engineering,200,2.59,95.17,19,0,13.52,Graduated
S108662,Student_8662,Female,17,Computer Science,100,2.34,73.56,11,4,5.77,Graduated
S108663,Student_8663,Male,27,Education,200,3.17,97.97,9,7,9.98,In Progress
S108664,Student_8664,Male,22,Engineering,300,2.7,63.42,5,6,7.4,Dropped
S108665,Student_8665,Female,26,Computer Science,500,3.34,54.68,9,4,10.77,Graduated
S108666,Student_8666,Female,18,Business Admin,500,4.15,50.64,16,5,14.85,Graduated
S108667,Student_8667,Male,24,Computer Science,400,3.75,68.74,11,4,5.62,Graduated
S108668,Student_8668,Male,22,Law,200,1.37,47.84,10,6,15.87,In Progress
S108669,Student_8669,Female,28,Computer Science,100,3.5,92.55,14,0,8.97,Graduated
S108670,Student_8670,Female,28,Engineering,300,3.55,87.09,19,1,10.05,In Progress
S108671,Student_8671,Female,21,Education,400,2.79,73.73,19,5,6.38,Graduated
S108672,Student_8672,Male,29,Education,200,3.87,83.29,9,4,2.58,Dropped
S108673,Student_8673,Male,18,Law,100,3.21,43.0,12,3,6.82,In Progress
S108674,Student_8674,Male,23,Engineering,200,1.64,52.21,13,6,13.22,Graduated
S108675,Student_8675,Female,18,Computer Science,100,3.1,77.27,5,5,4.69,Graduated
S108676,Student_8676,Female,29,Law,200,2.81,68.65,10,6,12.65,Graduated
S108677,Student_8677,Female,30,Business Admin,200,2.56,76.28,20,6,4.02,Graduated
S108678,Student_8678,Male,21,Medicine,400,3.25,45.34,19,1,3.0,Graduated
S108679,Student_8679,Female,18,Business Admin,200,3.46,79.15,19,0,7.0,Graduated
S108680,Student_8680,Male,27,Engineering,200,3.47,88.22,6,2,7.06,Graduated
S108681,Student_8681,Female,26,Law,400,3.49,72.78,17,4,16.14,Graduated
S108682,Student_8682,Male,27,Education,400,2.19,61.44,12,3,14.72,In Progress
S108683,Student_8683,Male,27,Law,500,2.26,50.48,9,7,7.29,In Progress
S108684,Student_8684,Female,18,Medicine,500,3.19,55.92,20,2,15.1,In Progress
S108685,Student_8685,Male,23,Engineering,400,3.75,71.35,5,5,10.62,In Progress
S108686,Student_8686,Female,25,Law,300,3.25,55.33,20,2,3.98,Graduated
S108687,Student_8687,Male,21,Business Admin,100,1.53,86.68,9,4,8.51,In Progress
S108688,Student_8688,Female,23,Computer Science,400,3.38,47.9,14,4,6.78,In Progress
S108689,Student_8689,Female,20,Business Admin,500,1.91,70.99,20,2,12.95,Dropped
S108690,Student_8690,Male,18,Engineering,200,3.48,69.76,17,6,5.04,Graduated
S108691,Student_8691,Female,19,Law,400,2.61,48.33,20,6,8.11,In Progress
S108692,Student_8692,Male,18,Business Admin,400,3.21,99.7,9,3,11.78,In Progress
S108693,Student_8693,Female,21,Law,500,4.47,89.39,6,1,9.11,In Progress
S108694,Student_8694,Female,22,Business Admin,500,2.75,63.19,8,4,13.8,Graduated
S108695,Student_8695,Female,23,Engineering,300,2.47,81.09,17,7,11.0,Graduated
S108696,Student_8696,Female,19,Education,500,2.7,82.99,10,7,4.23,Graduated
S108697,Student_8697,Male,20,Business Admin,500,1.95,79.07,5,6,12.35,In Progress
S108698,Student_8698,Female,24,Computer Science,500,2.3,65.95,15,4,16.68,Graduated
S108699,Student_8699,Female,20,Business Admin,200,3.75,93.11,13,0,10.14,In Progress
S108700,Student_8700,Male,23,Engineering,400,1.62,86.29,11,4,11.55,Graduated
S108701,Student_8701,Male,28,Business Admin,400,2.56,72.52,10,0,4.87,Graduated
S108702,Student_8702,Male,22,Computer Science,500,3.17,40.15,5,2,6.2,Graduated
S108703,Student_8703,Male,23,Computer Science,300,2.71,53.4,12,3,18.44,Graduated
S108704,Student_8704,Male,17,Engineering,500,3.94,70.53,12,7,16.17,Graduated
S108705,Student_8705,Male,19,Law,300,2.88,93.94,8,7,10.76,In Progress
S108706,Student_8706,Female,22,Business Admin,400,2.76,77.72,8,7,10.37,In Progress
S108707,Student_8707,Male,19,Education,300,3.1,65.07,5,0,13.05,Graduated
S108708,Student_8708,Female,30,Computer Science,300,3.19,42.87,17,0,4.82,Graduated
S108709,Student_8709,Male,30,Computer Science,100,3.0,75.84,19,1,15.92,Graduated
S108710,Student_8710,Female,23,Business Admin,300,2.95,61.05,13,2,13.78,In Progress
S108711,Student_8711,Female,25,Law,300,1.63,72.24,18,0,8.39,In Progress
S108712,Student_8712,Female,19,Business Admin,200,2.21,85.99,12,0,9.61,In Progress
S108713,Student_8713,Male,30,Engineering,400,3.4,88.22,17,6,9.47,Graduated
S108714,Student_8714,Male,17,Education,500,3.71,91.86,14,2,7.7,Graduated
S108715,Student_8715,Male,26,Business Admin,100,3.89,78.16,11,4,8.7,Graduated
S108716,Student_8716,Male,29,Computer Science,300,1.99,94.34,6,3,13.32,Graduated
S108717,Student_8717,Female,22,Computer Science,200,2.41,81.44,11,5,11.37,Graduated
S108718,Student_8718,Male,28,Engineering,200,4.05,87.03,8,5,9.66,In Progress
S108719,Student_8719,Female,17,Law,500,2.73,81.13,7,6,14.1,In Progress
S108720,Student_8720,Female,17,Business Admin,500,3.43,92.31,15,7,16.16,Graduated
S108721,Student_8721,Male,30,Medicine,400,5.0,53.37,18,2,6.11,Graduated
S108722,Student_8722,Male,24,Law,300,3.73,85.59,16,5,18.57,In Progress
S108723,Student_8723,Male,25,Computer Science,200,2.85,47.03,14,1,15.09,Graduated
S108724,Student_8724,Female,18,Business Admin,100,2.9,45.52,8,7,16.52,Dropped
S108725,Student_8725,Male,25,Computer Science,400,3.37,69.5,14,5,24.92,Graduated
S108726,Student_8726,Female,21,Education,300,1.66,58.01,17,1,14.3,Graduated
S108727,Student_8727,Male,29,Law,500,3.31,73.8,10,3,1.69,Graduated
S108728,Student_8728,Female,24,Medicine,300,2.81,80.66,11,1,5.89,Graduated
S108729,Student_8729,Male,23,Education,500,2.95,53.59,6,6,3.4,In Progress
S108730,Student_8730,Male,23,Medicine,300,3.07,82.0,11,2,17.13,Graduated
S108731,Student_8731,Female,20,Education,100,4.1,99.73,14,6,16.82,Graduated
S108732,Student_8732,Male,18,Law,400,3.18,85.6,6,6,18.97,Graduated
S108733,Student_8733,Male,21,Computer Science,500,3.16,50.43,15,4,13.96,In Progress
S108734,Student_8734,Male,30,Medicine,100,3.5,78.02,20,5,18.51,Graduated
S108735,Student_8735,Male,27,Law,200,3.05,40.57,6,1,2.06,Graduated
S108736,Student_8736,Male,27,Medicine,100,3.46,68.18,5,2,9.82,Graduated
S108737,Student_8737,Male,19,Law,100,2.92,72.0,17,1,5.41,Graduated
S108738,Student_8738,Male,30,Education,100,3.81,98.34,19,0,1.89,Graduated
S108739,Student_8739,Female,25,Law,500,3.89,84.23,15,0,18.97,In Progress
S108740,Student_8740,Female,22,Education,200,3.47,82.36,11,4,4.01,In Progress
S108741,Student_8741,Male,17,Computer Science,400,1.39,71.94,5,7,9.23,Graduated
S108742,Student_8742,Male,19,Education,100,3.12,70.79,7,6,12.46,In Progress
S108743,Student_8743,Male,28,Engineering,500,1.65,99.52,15,5,5.95,Graduated
S108744,Student_8744,Female,20,Computer Science,500,3.27,41.28,12,0,0.75,In Progress
S108745,Student_8745,Female,25,Business Admin,400,4.12,58.19,5,0,10.77,Dropped
S108746,Student_8746,Male,27,Business Admin,300,3.8,48.03,20,1,7.33,In Progress
S108747,Student_8747,Female,22,Law,200,2.81,58.9,20,1,19.42,Graduated
S108748,Student_8748,Male,20,Law,200,2.89,67.82,19,3,11.52,In Progress
S108749,Student_8749,Male,17,Engineering,100,1.71,60.52,16,4,12.97,In Progress
S108750,Student_8750,Male,24,Law,300,3.01,97.76,18,0,0.0,Dropped
S108751,Student_8751,Male,30,Computer Science,200,2.86,80.84,18,3,12.38,Graduated
S108752,Student_8752,Female,27,Computer Science,100,2.12,83.68,10,7,9.46,Dropped
S108753,Student_8753,Female,18,Education,300,2.31,84.54,16,1,17.31,In Progress
S108754,Student_8754,Male,27,Medicine,500,2.16,93.95,6,6,6.55,Graduated
S108755,Student_8755,Female,27,Law,100,4.5,86.08,13,5,12.58,Graduated
S108756,Student_8756,Female,24,Engineering,300,3.08,40.97,6,3,4.67,In Progress
S108757,Student_8757,Male,22,Business Admin,400,3.53,55.68,10,6,2.67,In Progress
S108758,Student_8758,Female,24,Computer Science,200,3.64,99.35,8,7,7.34,Dropped
S108759,Student_8759,Male,22,Computer Science,100,4.13,79.13,13,0,8.06,Graduated
S108760,Student_8760,Male,21,Computer Science,500,4.11,44.09,20,3,4.6,In Progress
S108761,Student_8761,Male,21,Medicine,100,3.66,68.0,5,6,8.71,Graduated
S108762,Student_8762,Male,30,Medicine,200,1.93,98.85,5,2,11.73,Graduated
S108763,Student_8763,Female,30,Law,200,3.67,99.57,20,4,14.46,Graduated
S108764,Student_8764,Male,26,Business Admin,300,2.72,65.95,14,0,0.0,Graduated
S108765,Student_8765,Female,26,Engineering,500,2.12,93.58,7,2,10.27,Graduated
S108766,Student_8766,Male,27,Medicine,300,2.74,75.52,15,5,0.0,Graduated
S108767,Student_8767,Male,24,Education,500,3.11,70.57,10,3,17.32,Dropped
S108768,Student_8768,Female,23,Medicine,100,1.2,64.72,7,5,16.01,Graduated
S108769,Student_8769,Male,24,Computer Science,100,3.28,93.53,11,0,9.4,Graduated
S108770,Student_8770,Female,28,Engineering,300,3.8,77.27,13,3,5.69,Graduated
S108771,Student_8771,Female,24,Law,400,3.06,60.03,16,7,9.52,Graduated
S108772,Student_8772,Male,23,Medicine,200,2.24,69.52,20,4,3.65,Graduated
S108773,Student_8773,Male,18,Computer Science,300,3.43,66.64,14,5,18.46,Graduated
S108774,Student_8774,Male,27,Education,300,2.98,67.07,6,5,4.76,Graduated
S108775,Student_8775,Male,25,Education,100,4.22,58.7,8,4,13.51,Graduated
S108776,Student_8776,Male,29,Law,200,1.39,77.98,7,1,6.8,In Progress
S108777,Student_8777,Male,23,Law,300,1.2,43.13,10,2,12.57,Graduated
S108778,Student_8778,Female,28,Medicine,100,2.93,93.17,9,4,8.6,Graduated
S108779,Student_8779,Female,27,Law,100,2.68,64.92,16,2,13.66,Graduated
S108780,Student_8780,Male,22,Business Admin,300,3.19,88.05,7,6,15.55,Graduated
S108781,Student_8781,Female,25,Business Admin,300,3.29,83.77,13,6,8.19,In Progress
S108782,Student_8782,Female,29,Computer Science,100,4.06,68.31,16,3,11.34,Graduated
S108783,Student_8783,Male,17,Computer Science,300,2.83,51.92,12,2,19.64,Graduated
S108784,Student_8784,Male,27,Computer Science,200,3.31,73.73,7,5,10.1,Graduated
S108785,Student_8785,Female,18,Business Admin,100,2.08,96.88,14,0,12.85,Graduated
S108786,Student_8786,Male,29,Medicine,100,4.73,51.15,9,1,13.93,Graduated
S108787,Student_8787,Female,17,Medicine,300,3.77,55.36,9,6,4.4,Graduated
S108788,Student_8788,Male,26,Law,300,3.62,99.58,9,2,2.77,Graduated
S108789,Student_8789,Female,28,Medicine,300,2.44,93.55,12,6,10.3,Graduated
S108790,Student_8790,Female,19,Computer Science,200,3.95,72.97,7,2,7.95,In Progress
S108791,Student_8791,Female,27,Engineering,100,3.71,81.68,7,4,5.09,Graduated
S108792,Student_8792,Female,21,Computer Science,400,3.45,66.58,12,0,0.0,In Progress
S108793,Student_8793,Male,17,Business Admin,200,2.93,64.25,13,7,8.33,In Progress
S108794,Student_8794,Male,20,Engineering,200,2.26,66.59,9,4,9.23,Graduated
S108795,Student_8795,Female,30,Law,100,2.96,64.86,19,2,12.8,Dropped
S108796,Student_8796,Female,29,Education,400,2.45,80.53,14,7,9.39,Graduated
S108797,Student_8797,Male,24,Medicine,100,3.27,59.83,12,6,2.28,Graduated
S108798,Student_8798,Male,22,Medicine,200,2.23,50.25,18,3,8.17,Dropped
S108799,Student_8799,Female,29,Business Admin,300,2.5,82.39,9,4,4.74,In Progress
S108800,Student_8800,Female,17,Computer Science,100,1.54,41.88,16,4,13.25,In Progress
S108801,Student_8801,Female,28,Computer Science,100,3.37,83.13,8,0,17.59,Graduated
S108802,Student_8802,Female,17,Engineering,300,3.3,55.79,6,7,9.99,Graduated
S108803,Student_8803,Female,19,Medicine,400,2.65,51.42,20,5,8.51,Graduated
S108804,Student_8804,Male,30,Business Admin,400,1.29,62.74,15,6,11.32,Graduated
S108805,Student_8805,Female,26,Law,100,1.82,47.05,18,4,16.56,Graduated
S108806,Student_8806,Male,24,Computer Science,300,3.07,63.07,19,4,0.0,Graduated
S108807,Student_8807,Male,27,Medicine,100,3.7,46.14,17,6,5.69,Graduated
S108808,Student_8808,Male,27,Education,300,2.31,69.01,18,1,6.06,In Progress
S108809,Student_8809,Female,30,Business Admin,200,3.85,50.57,8,2,10.34,Graduated
S108810,Student_8810,Male,24,Engineering,300,4.18,47.8,6,0,12.04,Graduated
S108811,Student_8811,Male,29,Computer Science,100,3.32,74.75,11,4,11.71,In Progress
S108812,Student_8812,Male,19,Computer Science,500,3.73,77.51,11,5,11.54,Graduated
S108813,Student_8813,Male,23,Law,400,2.21,40.33,13,7,10.3,In Progress
S108814,Student_8814,Female,28,Computer Science,100,1.75,63.26,16,5,7.8,Graduated
S108815,Student_8815,Female,19,Business Admin,300,4.3,44.68,8,2,10.26,Graduated
S108816,Student_8816,Male,20,Medicine,300,2.31,84.32,9,0,0.0,Graduated
S108817,Student_8817,Male,25,Medicine,400,3.81,80.89,15,5,5.78,Graduated
S108818,Student_8818,Female,29,Medicine,100,3.29,42.98,8,4,10.78,In Progress
S108819,Student_8819,Female,20,Education,500,4.23,96.48,8,3,3.08,Dropped
S108820,Student_8820,Female,19,Education,200,3.54,97.6,19,5,3.66,In Progress
S108821,Student_8821,Male,21,Computer Science,500,2.18,60.08,9,1,9.13,In Progress
S108822,Student_8822,Female,23,Education,200,2.76,47.84,7,0,16.34,Dropped
S108823,Student_8823,Male,21,Education,200,3.49,46.86,20,3,10.12,Graduated
S108824,Student_8824,Male,20,Law,100,2.62,90.44,18,0,2.45,Graduated
S108825,Student_8825,Female,24,Education,200,3.73,67.55,13,6,10.25,Graduated
S108826,Student_8826,Male,20,Engineering,300,3.07,40.57,18,6,13.88,Dropped
S108827,Student_8827,Female,18,Engineering,200,3.75,95.52,11,7,11.95,Graduated
S108828,Student_8828,Male,26,Engineering,200,3.79,75.56,5,6,7.15,Graduated
S108829,Student_8829,Female,29,Computer Science,400,3.22,81.42,5,0,8.97,In Progress
S108830,Student_8830,Male,30,Medicine,400,2.91,89.41,5,1,11.26,Graduated
S108831,Student_8831,Male,22,Law,100,2.63,89.11,7,6,12.87,Graduated
S108832,Student_8832,Female,18,Computer Science,100,2.2,44.55,13,3,9.09,Graduated
S108833,Student_8833,Female,19,Medicine,300,4.2,74.44,17,7,4.88,In Progress
S108834,Student_8834,Female,17,Law,400,3.06,81.77,20,4,9.41,Graduated
S108835,Student_8835,Female,21,Law,500,2.83,45.14,17,6,8.29,In Progress
S108836,Student_8836,Male,25,Law,100,2.84,53.34,12,6,11.41,Graduated
S108837,Student_8837,Female,18,Engineering,100,2.96,63.75,17,2,17.23,Graduated
S108838,Student_8838,Female,28,Engineering,400,2.66,93.19,19,7,15.92,In Progress
S108839,Student_8839,Male,23,Engineering,400,2.6,91.04,13,3,9.3,In Progress
S108840,Student_8840,Female,21,Law,300,2.05,86.93,9,7,10.78,Graduated
S108841,Student_8841,Female,18,Business Admin,400,3.03,99.42,11,5,3.49,In Progress
S108842,Student_8842,Male,24,Law,200,3.91,54.56,17,0,13.05,Dropped
S108843,Student_8843,Female,27,Engineering,500,2.49,68.07,14,5,11.06,Graduated
S108844,Student_8844,Female,29,Law,200,3.39,66.8,13,3,12.55,Dropped
S108845,Student_8845,Female,29,Engineering,200,3.4,80.74,9,2,5.86,In Progress
S108846,Student_8846,Female,22,Engineering,200,3.28,91.01,12,6,10.43,Graduated
S108847,Student_8847,Female,20,Engineering,100,4.31,69.5,12,5,7.11,In Progress
S108848,Student_8848,Female,29,Business Admin,200,3.42,69.49,18,3,15.06,Graduated
S108849,Student_8849,Male,20,Medicine,100,3.05,76.5,7,7,12.16,Graduated
S108850,Student_8850,Female,18,Law,400,3.23,84.55,9,7,15.95,In Progress
S108851,Student_8851,Male,19,Computer Science,500,3.59,52.08,12,2,4.67,Dropped
S108852,Student_8852,Male,23,Engineering,500,4.22,97.71,14,6,9.32,Dropped
S108853,Student_8853,Male,19,Business Admin,200,2.83,45.52,7,7,9.01,In Progress
S108854,Student_8854,Male,29,Computer Science,500,3.13,41.39,20,1,11.72,Graduated
S108855,Student_8855,Female,21,Medicine,100,5.0,61.53,7,0,11.2,In Progress
S108856,Student_8856,Female,26,Law,400,2.97,82.09,10,6,10.49,In Progress
S108857,Student_8857,Female,22,Business Admin,200,2.94,98.68,11,6,2.65,Graduated
S108858,Student_8858,Male,22,Engineering,300,2.41,95.97,11,4,4.87,Graduated
S108859,Student_8859,Female,30,Engineering,500,3.06,81.31,10,3,8.39,Graduated
S108860,Student_8860,Female,20,Engineering,500,2.95,66.19,11,1,11.67,Graduated
S108861,Student_8861,Female,22,Business Admin,200,3.28,75.75,18,5,17.4,Graduated
S108862,Student_8862,Male,19,Computer Science,500,3.19,98.12,11,7,11.01,In Progress
S108863,Student_8863,Male,23,Medicine,500,1.62,55.93,8,6,15.6,Graduated
S108864,Student_8864,Female,23,Law,300,2.09,68.7,12,3,8.14,Graduated
S108865,Student_8865,Male,20,Medicine,100,2.89,81.57,12,6,2.77,In Progress
S108866,Student_8866,Male,18,Engineering,200,2.7,40.62,20,1,12.22,In Progress
S108867,Student_8867,Female,27,Medicine,200,2.28,62.88,6,2,9.92,Graduated
S108868,Student_8868,Male,23,Computer Science,300,1.71,74.07,19,1,7.91,Graduated
S108869,Student_8869,Male,19,Education,300,4.14,94.06,14,5,2.09,Graduated
S108870,Student_8870,Female,17,Education,100,4.13,99.52,9,5,0.0,In Progress
S108871,Student_8871,Male,18,Law,400,3.53,73.38,19,2,15.84,Graduated
S108872,Student_8872,Male,26,Law,200,2.59,96.67,6,7,6.82,Graduated
S108873,Student_8873,Male,25,Medicine,500,4.03,45.96,7,1,13.93,Graduated
S108874,Student_8874,Male,28,Law,100,2.5,82.08,7,3,18.34,In Progress
S108875,Student_8875,Male,24,Business Admin,200,3.3,64.03,9,4,8.14,Graduated
S108876,Student_8876,Male,30,Computer Science,100,2.45,85.06,12,0,15.56,Graduated
S108877,Student_8877,Male,22,Engineering,400,3.02,92.06,7,5,12.42,Graduated
S108878,Student_8878,Male,30,Engineering,200,3.34,43.22,11,4,15.43,Graduated
S108879,Student_8879,Female,22,Medicine,500,1.95,96.13,9,1,10.27,Graduated
S108880,Student_8880,Female,30,Engineering,200,2.7,44.09,18,6,11.91,Graduated
S108881,Student_8881,Female,17,Medicine,100,3.18,85.2,16,6,13.57,Graduated
S108882,Student_8882,Female,18,Law,400,2.12,44.14,14,2,2.37,In Progress
S108883,Student_8883,Male,20,Law,100,2.34,91.7,14,7,8.55,Graduated
S108884,Student_8884,Female,19,Business Admin,100,3.18,52.3,14,5,2.51,Graduated
S108885,Student_8885,Female,30,Business Admin,300,2.63,66.04,8,5,9.33,Graduated
S108886,Student_8886,Male,17,Computer Science,100,2.14,95.96,6,3,7.92,In Progress
S108887,Student_8887,Male,24,Engineering,400,3.02,87.52,10,7,17.23,In Progress
S108888,Student_8888,Male,23,Business Admin,500,3.3,87.15,8,0,19.74,In Progress
S108889,Student_8889,Male,20,Computer Science,300,4.57,85.8,8,0,12.12,In Progress
S108890,Student_8890,Male,28,Education,100,3.06,74.17,9,6,18.12,Graduated
S108891,Student_8891,Female,28,Business Admin,200,3.01,97.09,18,3,10.84,Graduated
S108892,Student_8892,Male,25,Computer Science,300,2.8,89.9,13,7,6.58,In Progress
S108893,Student_8893,Female,27,Medicine,400,3.8,66.42,19,7,13.81,Graduated
S108894,Student_8894,Female,30,Medicine,200,3.23,84.55,5,1,8.4,Graduated
S108895,Student_8895,Male,20,Computer Science,400,3.59,99.89,9,0,9.27,Graduated
S108896,Student_8896,Female,17,Law,200,3.16,92.26,9,3,12.71,Graduated
S108897,Student_8897,Female,26,Education,500,3.64,40.07,17,6,7.68,Graduated
S108898,Student_8898,Male,17,Computer Science,400,3.26,84.27,6,1,20.18,Graduated
S108899,Student_8899,Female,17,Business Admin,200,2.01,93.87,19,3,0.0,Dropped
S108900,Student_8900,Female,17,Law,400,2.8,59.67,19,0,4.14,In Progress
S108901,Student_8901,Female,20,Computer Science,300,2.82,98.65,20,7,10.92,Dropped
S108902,Student_8902,Male,17,Engineering,400,3.31,64.08,7,4,11.45,In Progress
S108903,Student_8903,Male,18,Business Admin,400,3.11,65.27,17,0,9.48,Graduated
S108904,Student_8904,Male,20,Business Admin,200,3.93,49.65,8,0,9.76,Graduated
S108905,Student_8905,Female,23,Medicine,400,3.28,45.8,5,6,3.61,In Progress
S108906,Student_8906,Male,18,Engineering,500,3.33,72.2,14,6,13.71,Graduated
S108907,Student_8907,Female,24,Engineering,100,2.29,76.17,18,4,10.79,In Progress
S108908,Student_8908,Male,29,Business Admin,300,3.11,62.01,7,1,9.92,In Progress
S108909,Student_8909,Female,23,Education,200,2.85,76.4,5,7,13.37,Graduated
S108910,Student_8910,Male,25,Law,400,1.55,63.68,5,5,13.07,Graduated
S108911,Student_8911,Male,30,Medicine,400,2.08,92.09,13,5,5.96,Graduated
S108912,Student_8912,Female,22,Engineering,400,3.51,97.23,8,3,11.29,In Progress
S108913,Student_8913,Male,20,Medicine,300,3.46,75.61,8,6,10.07,Graduated
S108914,Student_8914,Female,22,Business Admin,100,2.59,90.54,8,1,13.24,Graduated
S108915,Student_8915,Male,20,Law,500,2.61,91.22,15,1,15.62,In Progress
S108916,Student_8916,Male,23,Computer Science,500,2.21,82.83,19,3,8.72,Graduated
S108917,Student_8917,Female,25,Engineering,200,3.69,51.52,13,1,13.23,Graduated
S108918,Student_8918,Female,19,Law,100,2.43,49.3,17,5,10.88,Dropped
S108919,Student_8919,Female,19,Medicine,100,2.6,95.17,15,2,3.75,In Progress
S108920,Student_8920,Male,18,Business Admin,300,3.71,55.9,16,5,6.15,Graduated
S108921,Student_8921,Female,17,Law,400,3.7,54.78,12,0,6.24,In Progress
S108922,Student_8922,Male,30,Computer Science,100,2.87,49.97,8,2,15.41,Dropped
S108923,Student_8923,Female,17,Law,400,3.01,71.65,16,3,4.02,In Progress
S108924,Student_8924,Female,29,Business Admin,300,3.33,80.62,20,7,2.25,Graduated
S108925,Student_8925,Female,19,Medicine,200,2.71,80.57,19,7,14.44,Graduated
S108926,Student_8926,Female,30,Engineering,200,2.93,55.66,10,5,11.1,Graduated
S108927,Student_8927,Female,23,Engineering,400,2.86,45.69,6,7,8.54,Graduated
S108928,Student_8928,Female,27,Education,400,3.48,58.61,10,4,0.68,In Progress
S108929,Student_8929,Male,25,Medicine,100,3.99,70.21,5,6,0.84,Graduated
S108930,Student_8930,Female,30,Education,300,3.8,76.75,9,4,0.0,Graduated
S108931,Student_8931,Male,18,Education,200,3.71,56.24,12,3,5.73,Graduated
S108932,Student_8932,Female,23,Business Admin,100,2.23,50.99,5,5,21.5,Graduated
S108933,Student_8933,Female,17,Business Admin,500,3.9,90.49,15,5,11.17,In Progress
S108934,Student_8934,Female,18,Business Admin,100,2.53,91.48,6,7,12.11,Dropped
S108935,Student_8935,Male,22,Computer Science,400,1.75,56.8,7,7,9.69,In Progress
S108936,Student_8936,Male,27,Medicine,500,2.41,73.61,11,3,3.35,In Progress
S108937,Student_8937,Female,21,Engineering,100,2.94,66.39,19,1,7.61,Graduated
S108938,Student_8938,Male,24,Medicine,300,1.57,48.52,16,0,15.6,In Progress
S108939,Student_8939,Female,28,Business Admin,200,3.5,96.44,12,2,12.06,Graduated
S108940,Student_8940,Female,27,Computer Science,500,3.58,40.59,8,3,0.0,Graduated
S108941,Student_8941,Male,18,Medicine,300,2.73,51.25,17,4,18.71,Graduated
S108942,Student_8942,Male,17,Medicine,100,2.18,60.73,12,0,9.52,In Progress
S108943,Student_8943,Male,23,Education,400,3.65,91.39,5,0,6.16,Graduated
S108944,Student_8944,Male,22,Medicine,400,2.35,87.32,7,7,8.59,In Progress
S108945,Student_8945,Female,24,Education,300,1.87,74.79,18,1,7.78,Graduated
S108946,Student_8946,Male,27,Education,400,2.95,81.7,8,4,6.4,Graduated
S108947,Student_8947,Male,29,Law,200,3.02,60.45,9,0,12.79,Dropped
S108948,Student_8948,Female,30,Business Admin,300,3.22,96.43,17,4,5.87,In Progress
S108949,Student_8949,Male,24,Computer Science,300,3.54,41.61,20,2,5.65,Graduated
S108950,Student_8950,Male,18,Education,400,3.62,46.06,20,4,10.65,Graduated
S108951,Student_8951,Male,30,Medicine,300,2.12,95.53,15,0,11.79,Dropped
S108952,Student_8952,Male,24,Education,100,1.57,96.7,13,5,13.52,Graduated
S108953,Student_8953,Female,22,Education,500,3.32,69.43,6,4,13.26,In Progress
S108954,Student_8954,Female,25,Education,500,3.03,74.59,19,4,10.72,In Progress
S108955,Student_8955,Male,28,Engineering,400,2.68,94.15,17,7,1.12,Graduated
S108956,Student_8956,Male,23,Engineering,200,2.9,91.21,11,5,16.26,In Progress
S108957,Student_8957,Female,18,Engineering,200,2.41,91.72,7,4,14.96,Graduated
S108958,Student_8958,Male,24,Engineering,400,4.21,62.31,16,0,11.32,Graduated
S108959,Student_8959,Male,25,Law,400,1.59,89.83,14,6,8.91,Dropped
S108960,Student_8960,Male,23,Education,300,3.3,44.16,6,2,7.06,Graduated
S108961,Student_8961,Male,20,Law,200,2.1,69.22,13,4,13.92,Graduated
S108962,Student_8962,Male,25,Medicine,500,2.54,54.24,7,2,0.89,Graduated
S108963,Student_8963,Male,20,Business Admin,400,2.69,42.15,12,0,11.95,In Progress
S108964,Student_8964,Male,28,Computer Science,500,2.31,77.03,5,3,12.75,Graduated
S108965,Student_8965,Male,20,Law,500,2.84,44.57,9,6,0.0,Graduated
S108966,Student_8966,Male,25,Engineering,200,1.16,47.21,9,7,19.53,Graduated
S108967,Student_8967,Female,30,Engineering,500,1.93,44.9,10,4,21.74,Graduated
S108968,Student_8968,Female,24,Medicine,300,1.7,98.5,11,2,20.64,Graduated
S108969,Student_8969,Female,20,Education,300,2.15,42.35,7,4,13.46,Graduated
S108970,Student_8970,Male,30,Computer Science,200,2.44,56.19,16,1,19.21,In Progress
S108971,Student_8971,Male,24,Law,300,3.0,79.12,18,7,8.69,In Progress
S108972,Student_8972,Female,24,Education,400,2.55,89.4,18,1,21.6,Graduated
S108973,Student_8973,Male,23,Education,200,2.39,76.49,17,7,10.83,Graduated
S108974,Student_8974,Female,26,Business Admin,500,2.63,98.59,20,0,0.0,In Progress
S108975,Student_8975,Male,29,Business Admin,400,2.51,60.26,9,6,6.3,In Progress
S108976,Student_8976,Female,22,Law,200,2.74,68.32,16,5,12.0,Dropped
S108977,Student_8977,Female,24,Law,500,2.77,89.28,12,2,10.96,Graduated
S108978,Student_8978,Female,23,Law,500,2.45,80.9,10,2,4.16,Graduated
S108979,Student_8979,Male,21,Law,500,1.9,52.84,6,5,16.55,Dropped
S108980,Student_8980,Female,28,Engineering,500,2.97,69.92,11,5,15.56,Graduated
S108981,Student_8981,Male,29,Education,500,3.58,98.56,7,6,6.69,Graduated
S108982,Student_8982,Male,29,Education,200,2.26,91.78,19,4,0.55,Graduated
S108983,Student_8983,Male,20,Engineering,300,2.92,51.51,14,1,13.4,Graduated
S108984,Student_8984,Male,30,Education,500,2.69,50.79,13,4,7.56,Graduated
S108985,Student_8985,Male,28,Law,400,3.41,89.7,8,4,7.15,In Progress
S108986,Student_8986,Male,18,Computer Science,200,2.39,51.93,20,5,4.41,In Progress
S108987,Student_8987,Male,27,Business Admin,100,2.85,67.17,15,0,16.75,In Progress
S108988,Student_8988,Female,24,Business Admin,300,2.91,50.85,8,3,2.35,Graduated
S108989,Student_8989,Female,25,Education,400,3.18,40.88,8,0,6.19,In Progress
S108990,Student_8990,Female,20,Computer Science,500,2.23,92.52,14,0,7.73,In Progress
S108991,Student_8991,Male,20,Business Admin,200,3.21,86.74,14,0,7.79,Graduated
S108992,Student_8992,Male,21,Computer Science,200,2.63,68.24,12,6,0.0,Graduated
S108993,Student_8993,Male,18,Engineering,500,3.36,49.57,5,4,7.41,In Progress
S108994,Student_8994,Male,23,Medicine,400,2.72,88.39,7,4,12.22,In Progress
S108995,Student_8995,Female,21,Education,200,3.88,61.56,12,4,11.45,In Progress
S108996,Student_8996,Male,22,Engineering,300,1.87,79.72,16,4,0.0,Graduated
S108997,Student_8997,Female,20,Engineering,400,3.38,59.0,11,6,14.85,Graduated
S108998,Student_8998,Male,24,Computer Science,500,3.22,65.94,10,6,12.88,Graduated
S108999,Student_8999,Female,24,Education,400,3.32,72.13,11,6,1.27,Graduated
S109000,Student_9000,Male,28,Engineering,400,3.74,85.72,5,5,8.53,Graduated
S109001,Student_9001,Female,21,Law,100,1.74,89.92,12,1,3.37,Graduated
S109002,Student_9002,Male,28,Engineering,500,4.52,66.61,8,2,15.52,In Progress
S109003,Student_9003,Female,22,Law,300,3.36,53.98,20,1,16.62,Graduated
S109004,Student_9004,Male,19,Medicine,500,4.35,49.22,19,2,13.62,Graduated
S109005,Student_9005,Female,17,Law,100,4.31,60.44,5,4,18.36,In Progress
S109006,Student_9006,Female,25,Law,500,3.3,88.11,8,6,12.33,Graduated
S109007,Student_9007,Male,25,Computer Science,500,3.18,56.44,6,6,10.4,Dropped
S109008,Student_9008,Female,19,Engineering,300,3.52,42.85,9,1,13.11,In Progress
S109009,Student_9009,Male,20,Medicine,100,1.4,73.86,5,2,5.63,Graduated
S109010,Student_9010,Male,29,Engineering,500,2.94,42.02,5,3,4.53,Graduated
S109011,Student_9011,Male,23,Law,500,3.68,93.1,9,0,8.99,In Progress
S109012,Student_9012,Female,18,Business Admin,200,4.07,80.68,6,6,7.79,Graduated
S109013,Student_9013,Female,28,Law,500,2.78,55.41,13,6,6.1,Graduated
S109014,Student_9014,Male,19,Engineering,300,3.25,68.15,14,6,17.99,In Progress
S109015,Student_9015,Male,22,Medicine,200,3.4,84.35,19,2,6.17,Graduated
S109016,Student_9016,Female,27,Business Admin,100,2.94,94.94,11,5,2.41,Graduated
S109017,Student_9017,Female,24,Medicine,400,2.35,92.47,19,1,2.49,Graduated
S109018,Student_9018,Female,17,Computer Science,300,2.54,44.17,19,7,10.7,Graduated
S109019,Student_9019,Male,20,Law,100,2.27,44.87,18,1,18.18,In Progress
S109020,Student_9020,Male,17,Law,200,1.94,75.86,8,3,0.0,Graduated
S109021,Student_9021,Male,18,Computer Science,400,2.88,69.79,18,7,12.78,Dropped
S109022,Student_9022,Male,24,Engineering,100,4.55,57.58,11,2,16.33,Graduated
S109023,Student_9023,Male,22,Law,300,3.17,98.57,12,7,5.43,Graduated
S109024,Student_9024,Female,25,Engineering,200,2.8,84.78,12,0,5.19,Graduated
S109025,Student_9025,Male,18,Medicine,300,3.26,81.24,12,1,19.8,Graduated
S109026,Student_9026,Female,19,Business Admin,300,2.42,50.88,16,7,16.41,Graduated
S109027,Student_9027,Female,25,Business Admin,200,1.84,57.04,9,4,7.42,Graduated
S109028,Student_9028,Male,25,Business Admin,500,2.52,76.3,11,5,12.02,Dropped
S109029,Student_9029,Female,29,Education,300,2.21,87.74,15,4,9.99,In Progress
S109030,Student_9030,Male,22,Computer Science,200,1.71,95.86,11,2,14.63,In Progress
S109031,Student_9031,Female,30,Business Admin,300,2.61,81.86,6,6,9.67,In Progress
S109032,Student_9032,Male,19,Law,500,3.34,65.12,19,5,6.55,Graduated
S109033,Student_9033,Male,21,Computer Science,200,3.28,81.46,7,3,6.67,Graduated
S109034,Student_9034,Female,18,Medicine,100,3.19,44.15,15,0,16.47,In Progress
S109035,Student_9035,Male,23,Medicine,100,4.17,76.0,6,2,11.18,Graduated
S109036,Student_9036,Female,26,Medicine,100,2.61,93.68,19,7,10.32,Graduated
S109037,Student_9037,Male,27,Medicine,400,3.3,78.22,7,2,13.17,Dropped
S109038,Student_9038,Male,24,Education,300,2.73,40.45,13,6,12.84,In Progress
S109039,Student_9039,Male,22,Engineering,300,4.0,81.67,11,7,3.83,Graduated
S109040,Student_9040,Female,24,Engineering,200,2.43,83.59,8,5,7.75,Graduated
S109041,Student_9041,Female,18,Business Admin,400,3.52,72.47,18,7,3.77,Graduated
S109042,Student_9042,Male,19,Education,300,3.17,88.97,12,0,5.53,Graduated
S109043,Student_9043,Female,23,Engineering,200,3.85,52.14,17,1,17.53,Graduated
S109044,Student_9044,Male,26,Medicine,500,3.01,64.54,11,4,24.48,Dropped
S109045,Student_9045,Female,28,Engineering,300,2.83,88.46,14,1,5.0,Graduated
S109046,Student_9046,Female,17,Computer Science,300,2.75,76.22,17,6,7.06,Graduated
S109047,Student_9047,Male,23,Business Admin,500,2.89,99.66,10,3,8.89,Graduated
S109048,Student_9048,Male,22,Engineering,500,1.69,44.16,8,0,0.0,In Progress
S109049,Student_9049,Male,24,Computer Science,300,2.64,54.66,9,1,22.33,Dropped
S109050,Student_9050,Male,23,Law,500,2.59,51.95,14,2,3.58,Dropped
S109051,Student_9051,Male,20,Computer Science,200,2.2,98.58,12,2,8.51,Graduated
S109052,Student_9052,Female,19,Computer Science,300,2.61,92.16,17,3,11.94,In Progress
S109053,Student_9053,Female,19,Medicine,300,2.37,47.99,7,3,10.13,Graduated
S109054,Student_9054,Male,20,Medicine,100,2.64,61.23,15,0,10.29,Graduated
S109055,Student_9055,Male,25,Business Admin,300,3.44,43.16,16,1,11.75,Graduated
S109056,Student_9056,Male,25,Medicine,100,3.44,77.95,19,2,3.18,Graduated
S109057,Student_9057,Female,29,Computer Science,500,4.11,59.87,7,0,9.79,Graduated
S109058,Student_9058,Male,18,Education,500,3.22,55.45,9,0,16.37,In Progress
S109059,Student_9059,Male,21,Medicine,200,1.94,71.39,13,2,7.31,Graduated
S109060,Student_9060,Female,17,Medicine,100,2.77,87.73,9,1,10.49,Graduated
S109061,Student_9061,Female,20,Computer Science,300,2.55,64.24,5,4,12.27,Graduated
S109062,Student_9062,Female,18,Law,100,2.31,85.45,9,3,12.88,Graduated
S109063,Student_9063,Female,24,Law,500,3.75,66.77,13,6,10.76,Graduated
S109064,Student_9064,Male,20,Engineering,500,3.32,52.87,11,6,11.44,Graduated
S109065,Student_9065,Female,21,Business Admin,200,3.05,66.77,13,6,5.21,Dropped
S109066,Student_9066,Female,27,Law,500,1.96,72.28,14,5,3.29,In Progress
S109067,Student_9067,Male,20,Medicine,100,2.94,67.69,14,1,11.94,Graduated
S109068,Student_9068,Male,21,Education,300,4.63,56.46,20,4,7.95,Graduated
S109069,Student_9069,Male,21,Engineering,300,2.41,51.11,18,4,11.48,In Progress
S109070,Student_9070,Female,21,Business Admin,100,2.85,96.82,9,2,9.88,Graduated
S109071,Student_9071,Male,27,Education,200,3.97,57.85,7,4,6.33,In Progress
S109072,Student_9072,Female,19,Education,300,2.69,82.32,6,6,7.17,Graduated
S109073,Student_9073,Female,23,Medicine,100,2.68,60.44,13,3,1.13,Dropped
S109074,Student_9074,Female,19,Computer Science,100,2.84,98.18,9,0,9.39,In Progress
S109075,Student_9075,Male,18,Computer Science,500,3.24,99.3,15,1,5.06,In Progress
S109076,Student_9076,Female,19,Computer Science,500,2.35,89.51,17,5,12.45,In Progress
S109077,Student_9077,Male,27,Law,200,3.65,74.89,5,6,9.68,Graduated
S109078,Student_9078,Male,19,Computer Science,200,2.72,72.52,6,3,11.97,Graduated
S109079,Student_9079,Male,24,Business Admin,200,3.14,59.74,6,4,11.04,In Progress
S109080,Student_9080,Female,20,Medicine,100,2.71,47.32,16,0,13.33,Dropped
S109081,Student_9081,Female,19,Law,100,2.07,44.74,8,7,13.26,Graduated
S109082,Student_9082,Female,26,Business Admin,500,1.46,67.93,18,7,8.01,Graduated
S109083,Student_9083,Male,21,Computer Science,300,3.16,98.73,10,0,12.98,Graduated
S109084,Student_9084,Female,20,Business Admin,200,1.73,54.81,12,6,15.08,Graduated
S109085,Student_9085,Female,25,Education,400,3.54,64.66,20,4,9.01,Graduated
S109086,Student_9086,Female,24,Medicine,200,3.09,78.49,18,3,13.5,In Progress
S109087,Student_9087,Female,27,Medicine,500,4.42,61.06,17,5,11.26,Graduated
S109088,Student_9088,Female,23,Business Admin,100,2.59,40.22,17,4,12.99,Graduated
S109089,Student_9089,Male,24,Engineering,500,4.21,63.77,7,7,12.94,In Progress
S109090,Student_9090,Male,29,Medicine,500,2.8,88.28,18,1,15.73,Graduated
S109091,Student_9091,Male,21,Education,500,3.65,96.64,14,0,1.25,Dropped
S109092,Student_9092,Male,20,Medicine,400,3.38,56.51,18,2,13.47,Graduated
S109093,Student_9093,Female,23,Engineering,400,1.72,95.3,14,6,13.21,Graduated
S109094,Student_9094,Male,17,Medicine,200,5.0,92.03,10,0,16.66,Dropped
S109095,Student_9095,Female,22,Medicine,100,4.13,64.4,8,4,11.79,Graduated
S109096,Student_9096,Male,24,Engineering,500,3.28,40.28,12,5,13.9,Graduated
S109097,Student_9097,Male,23,Medicine,300,3.93,90.69,13,6,9.25,Graduated
S109098,Student_9098,Male,18,Business Admin,200,3.19,57.21,13,7,5.51,Graduated
S109099,Student_9099,Female,30,Law,200,3.62,85.35,18,4,10.14,In Progress
S109100,Student_9100,Female,29,Business Admin,500,3.11,74.29,16,2,9.54,Graduated
S109101,Student_9101,Male,30,Medicine,200,2.27,53.3,17,2,11.52,In Progress
S109102,Student_9102,Female,23,Computer Science,500,2.93,78.89,10,0,21.42,In Progress
S109103,Student_9103,Male,29,Computer Science,200,2.63,85.89,19,4,11.41,Graduated
S109104,Student_9104,Male,22,Law,100,3.44,68.47,18,7,10.17,Graduated
S109105,Student_9105,Male,29,Medicine,200,2.26,84.87,19,0,10.15,Graduated
S109106,Student_9106,Female,21,Education,200,3.1,64.3,19,3,12.19,In Progress
S109107,Student_9107,Male,20,Medicine,300,2.01,98.82,6,4,10.75,Graduated
S109108,Student_9108,Male,17,Computer Science,100,3.54,54.39,6,5,10.99,Graduated
S109109,Student_9109,Male,29,Engineering,100,2.15,86.67,18,0,9.31,In Progress
S109110,Student_9110,Female,18,Law,100,3.42,84.98,14,5,13.52,Graduated
S109111,Student_9111,Male,23,Engineering,200,3.08,71.77,13,4,5.44,Dropped
S109112,Student_9112,Female,26,Education,400,3.73,61.02,9,6,7.94,Graduated
S109113,Student_9113,Male,19,Medicine,200,2.89,66.75,11,4,15.97,Graduated
S109114,Student_9114,Female,21,Education,500,3.57,77.77,10,1,8.51,Graduated
S109115,Student_9115,Male,24,Engineering,300,3.1,71.82,13,0,5.81,In Progress
S109116,Student_9116,Male,29,Medicine,100,3.3,85.69,9,4,10.9,Graduated
S109117,Student_9117,Female,29,Business Admin,500,1.75,61.64,12,2,7.52,Graduated
S109118,Student_9118,Female,24,Business Admin,500,2.55,46.43,8,2,4.63,Graduated
S109119,Student_9119,Male,22,Education,400,2.89,70.34,17,1,14.57,Graduated
S109120,Student_9120,Female,21,Business Admin,100,3.96,55.54,11,4,7.52,In Progress
S109121,Student_9121,Male,29,Business Admin,200,3.24,77.0,13,0,10.85,In Progress
S109122,Student_9122,Male,18,Computer Science,100,1.8,71.22,6,6,9.59,Graduated
S109123,Student_9123,Male,25,Business Admin,300,3.31,86.72,13,5,7.89,In Progress
S109124,Student_9124,Female,17,Computer Science,100,2.39,74.51,16,0,8.07,Graduated
S109125,Student_9125,Male,27,Law,500,2.45,65.85,12,5,9.94,Graduated
S109126,Student_9126,Female,18,Computer Science,500,2.96,47.19,14,5,15.89,In Progress
S109127,Student_9127,Male,29,Computer Science,200,3.19,47.21,5,5,11.59,Graduated
S109128,Student_9128,Female,17,Engineering,200,2.46,78.42,14,2,17.54,In Progress
S109129,Student_9129,Female,28,Computer Science,200,1.78,92.85,11,3,7.27,Dropped
S109130,Student_9130,Male,20,Computer Science,300,2.88,64.89,16,6,10.5,In Progress
S109131,Student_9131,Female,20,Engineering,100,2.84,71.85,9,4,4.05,Graduated
S109132,Student_9132,Male,21,Computer Science,400,4.0,75.47,9,1,13.29,In Progress
S109133,Student_9133,Male,21,Business Admin,100,3.03,68.64,11,1,15.22,Graduated
S109134,Student_9134,Male,24,Computer Science,200,3.83,43.57,19,5,13.61,Graduated
S109135,Student_9135,Male,27,Law,300,4.48,75.35,20,4,14.56,In Progress
S109136,Student_9136,Male,27,Computer Science,100,2.22,48.23,15,4,9.92,Graduated
S109137,Student_9137,Female,19,Computer Science,500,4.03,73.35,20,5,12.22,Graduated
S109138,Student_9138,Male,22,Law,100,3.65,86.52,20,1,14.47,Dropped
S109139,Student_9139,Female,28,Engineering,500,1.45,40.33,14,1,15.73,Graduated
S109140,Student_9140,Female,29,Business Admin,100,2.87,65.83,18,0,9.98,Graduated
S109141,Student_9141,Male,28,Computer Science,100,3.49,84.74,8,1,6.95,Graduated
S109142,Student_9142,Female,19,Business Admin,100,3.24,71.71,5,5,16.91,In Progress
S109143,Student_9143,Male,29,Education,200,4.16,54.12,10,2,10.48,Graduated
S109144,Student_9144,Female,18,Business Admin,500,3.41,81.85,5,1,9.8,In Progress
S109145,Student_9145,Female,24,Engineering,300,2.0,87.01,15,6,6.49,In Progress
S109146,Student_9146,Female,17,Engineering,400,3.55,61.75,5,1,9.57,Graduated
S109147,Student_9147,Male,25,Computer Science,500,2.2,57.84,19,2,8.24,Graduated
S109148,Student_9148,Female,27,Law,200,2.61,72.71,16,2,5.39,In Progress
S109149,Student_9149,Male,23,Engineering,500,3.77,61.93,12,4,5.93,Graduated
S109150,Student_9150,Female,28,Law,300,3.69,90.16,8,5,13.01,Graduated
S109151,Student_9151,Female,26,Education,500,3.03,86.74,19,5,8.68,In Progress
S109152,Student_9152,Female,29,Law,200,2.49,58.71,9,1,10.74,Graduated
S109153,Student_9153,Female,28,Medicine,200,2.86,67.42,14,2,8.85,In Progress
S109154,Student_9154,Male,27,Law,400,2.92,93.37,14,0,5.4,Graduated
S109155,Student_9155,Male,20,Engineering,300,2.6,48.84,5,3,15.95,Graduated
S109156,Student_9156,Female,19,Law,400,3.79,85.25,14,2,11.32,Graduated
S109157,Student_9157,Female,22,Law,100,2.71,59.01,11,3,13.47,Graduated
S109158,Student_9158,Male,25,Medicine,200,2.82,47.17,15,6,12.09,Dropped
S109159,Student_9159,Male,25,Medicine,400,2.84,47.02,6,6,9.56,Graduated
S109160,Student_9160,Male,20,Computer Science,200,3.49,56.58,10,1,7.55,Graduated
S109161,Student_9161,Male,26,Engineering,200,3.18,72.88,19,6,1.95,In Progress
S109162,Student_9162,Female,21,Computer Science,100,3.15,94.47,13,6,0.07,Dropped
S109163,Student_9163,Female,27,Medicine,200,2.34,58.18,6,0,14.17,In Progress
S109164,Student_9164,Male,29,Law,400,3.16,51.95,10,5,15.09,Graduated
S109165,Student_9165,Male,25,Medicine,300,3.52,68.72,16,0,16.36,In Progress
S109166,Student_9166,Male,18,Education,500,2.76,49.4,16,7,9.46,In Progress
S109167,Student_9167,Male,18,Law,400,3.1,56.3,9,5,6.64,In Progress
S109168,Student_9168,Male,21,Computer Science,100,3.64,99.2,19,4,13.04,Dropped
S109169,Student_9169,Male,17,Law,500,2.44,73.48,17,5,16.11,Graduated
S109170,Student_9170,Female,24,Education,200,2.45,87.03,17,5,18.6,Graduated
S109171,Student_9171,Female,21,Medicine,400,2.92,52.71,17,7,8.51,Graduated
S109172,Student_9172,Female,28,Engineering,500,3.55,71.2,6,6,14.72,Graduated
S109173,Student_9173,Male,26,Business Admin,400,0.91,70.63,19,7,12.38,In Progress
S109174,Student_9174,Male,18,Engineering,200,2.86,88.76,19,4,10.25,In Progress
S109175,Student_9175,Male,28,Engineering,400,2.51,41.29,18,1,6.78,In Progress
S109176,Student_9176,Female,25,Medicine,100,3.25,91.63,13,2,16.37,Graduated
S109177,Student_9177,Male,18,Engineering,500,2.93,44.78,20,0,15.82,Graduated
S109178,Student_9178,Male,23,Education,500,3.8,95.0,6,7,9.21,In Progress
S109179,Student_9179,Female,24,Medicine,500,3.45,48.57,5,1,13.75,Graduated
S109180,Student_9180,Male,30,Engineering,400,2.84,71.93,13,7,13.08,Graduated
S109181,Student_9181,Female,22,Business Admin,200,2.29,45.96,13,1,13.18,Graduated
S109182,Student_9182,Female,30,Computer Science,400,3.24,66.83,13,5,5.39,Dropped
S109183,Student_9183,Male,27,Medicine,400,2.79,57.96,12,2,5.4,In Progress
S109184,Student_9184,Female,23,Medicine,500,2.86,65.21,8,7,9.19,Graduated
S109185,Student_9185,Male,27,Law,200,2.19,72.7,18,0,12.04,Graduated
S109186,Student_9186,Female,17,Engineering,300,3.11,67.57,13,5,18.84,Graduated
S109187,Student_9187,Male,20,Computer Science,200,2.64,41.39,6,5,2.72,In Progress
S109188,Student_9188,Female,29,Business Admin,400,2.72,91.81,5,0,15.59,Dropped
S109189,Student_9189,Male,23,Education,100,0.47,45.7,16,0,3.66,Graduated
S109190,Student_9190,Female,17,Medicine,200,3.02,98.84,14,4,11.19,Graduated
S109191,Student_9191,Female,29,Education,500,2.33,91.08,11,0,0.82,In Progress
S109192,Student_9192,Female,17,Education,100,3.36,73.68,10,3,16.86,In Progress
S109193,Student_9193,Male,27,Education,300,3.05,54.71,7,5,11.36,Dropped
S109194,Student_9194,Male,22,Law,300,1.97,45.17,6,2,12.09,Graduated
S109195,Student_9195,Female,20,Education,100,2.93,80.31,12,0,14.14,Graduated
S109196,Student_9196,Male,19,Engineering,300,3.15,52.09,19,6,8.64,In Progress
S109197,Student_9197,Female,28,Engineering,100,4.46,83.99,8,2,1.36,Dropped
S109198,Student_9198,Male,21,Computer Science,400,3.42,89.95,10,2,1.15,In Progress
S109199,Student_9199,Female,25,Computer Science,100,2.1,99.34,8,3,12.75,In Progress
S109200,Student_9200,Male,26,Business Admin,400,4.36,70.25,17,0,8.67,Graduated
S109201,Student_9201,Female,26,Education,500,2.81,98.48,15,2,16.03,In Progress
S109202,Student_9202,Female,28,Education,500,2.8,48.96,13,6,10.24,Graduated
S109203,Student_9203,Female,30,Law,300,4.36,90.17,19,5,13.35,In Progress
S109204,Student_9204,Female,30,Education,100,2.56,61.59,16,0,14.63,Graduated
S109205,Student_9205,Male,28,Education,400,2.89,61.89,20,3,14.54,Graduated
S109206,Student_9206,Female,27,Education,500,1.86,56.12,17,4,8.85,Graduated
S109207,Student_9207,Male,26,Medicine,500,2.97,50.4,9,4,10.5,Graduated
S109208,Student_9208,Male,19,Medicine,500,2.89,66.53,10,4,14.17,Graduated
S109209,Student_9209,Female,21,Law,300,2.72,99.24,13,4,11.29,Dropped
S109210,Student_9210,Male,26,Law,500,3.11,59.79,19,1,1.19,In Progress
S109211,Student_9211,Male,21,Engineering,200,2.43,67.66,19,2,0.0,Graduated
S109212,Student_9212,Male,25,Law,300,4.03,53.71,19,1,6.99,In Progress
S109213,Student_9213,Female,27,Business Admin,100,3.01,60.23,10,7,14.72,Graduated
S109214,Student_9214,Male,28,Engineering,200,2.46,43.31,6,6,10.13,Dropped
S109215,Student_9215,Male,26,Education,300,2.03,97.36,15,0,17.96,Graduated
S109216,Student_9216,Female,27,Law,300,3.03,70.59,5,5,14.01,Graduated
S109217,Student_9217,Female,20,Business Admin,400,3.64,83.98,20,4,3.42,Graduated
S109218,Student_9218,Male,17,Law,200,3.25,70.8,18,0,15.1,Dropped
S109219,Student_9219,Female,26,Law,200,4.39,86.21,13,3,3.94,Graduated
S109220,Student_9220,Male,21,Engineering,200,4.41,72.05,6,2,18.35,Graduated
S109221,Student_9221,Male,17,Engineering,500,2.1,82.09,6,3,12.6,Dropped
S109222,Student_9222,Male,22,Computer Science,500,1.96,81.09,8,7,17.18,Graduated
S109223,Student_9223,Female,28,Engineering,100,2.46,72.01,14,2,12.76,Graduated
S109224,Student_9224,Male,26,Engineering,100,3.49,53.84,14,3,9.95,Dropped
S109225,Student_9225,Female,26,Medicine,100,3.27,52.71,20,6,10.74,In Progress
S109226,Student_9226,Female,23,Law,500,3.71,92.46,7,3,5.68,Graduated
S109227,Student_9227,Male,17,Engineering,400,2.28,47.24,18,5,11.07,Graduated
S109228,Student_9228,Female,26,Law,100,1.76,73.55,18,2,10.6,Graduated
S109229,Student_9229,Female,20,Law,300,2.59,70.15,11,0,12.8,Graduated
S109230,Student_9230,Female,25,Medicine,500,3.41,87.9,11,7,8.91,Graduated
S109231,Student_9231,Female,29,Law,400,3.11,48.12,7,7,5.67,In Progress
S109232,Student_9232,Female,17,Business Admin,300,3.87,81.24,7,6,9.97,Graduated
S109233,Student_9233,Male,25,Engineering,300,2.5,76.35,13,7,5.79,Graduated
S109234,Student_9234,Female,24,Law,500,3.7,82.07,11,3,5.49,Graduated
S109235,Student_9235,Male,21,Computer Science,200,2.58,77.27,7,6,3.7,Graduated
S109236,Student_9236,Male,22,Computer Science,400,3.54,73.75,7,2,9.34,Graduated
S109237,Student_9237,Male,23,Medicine,500,3.53,95.58,17,7,10.63,In Progress
S109238,Student_9238,Male,20,Business Admin,200,4.1,60.92,20,2,7.26,Graduated
S109239,Student_9239,Male,30,Engineering,500,2.06,51.08,7,3,11.85,Graduated
S109240,Student_9240,Male,30,Medicine,500,3.97,87.72,13,7,9.54,In Progress
S109241,Student_9241,Female,22,Computer Science,300,3.31,47.78,18,7,8.28,In Progress
S109242,Student_9242,Female,23,Business Admin,500,3.04,80.78,12,0,15.41,Graduated
S109243,Student_9243,Female,27,Engineering,200,2.91,72.97,17,6,6.91,Graduated
S109244,Student_9244,Male,22,Law,300,2.95,40.08,11,4,8.37,In Progress
S109245,Student_9245,Female,27,Engineering,200,3.03,54.39,12,5,11.52,Graduated
S109246,Student_9246,Female,29,Education,200,1.87,69.75,5,1,13.7,In Progress
S109247,Student_9247,Female,28,Engineering,300,3.17,59.78,13,7,4.75,Graduated
S109248,Student_9248,Male,22,Law,200,3.11,65.61,9,4,10.6,Graduated
S109249,Student_9249,Female,18,Education,100,2.54,76.08,17,3,9.67,In Progress
S109250,Student_9250,Male,21,Business Admin,500,3.02,83.85,9,3,13.46,In Progress
S109251,Student_9251,Female,19,Medicine,300,3.77,49.07,9,7,6.88,In Progress
S109252,Student_9252,Male,23,Business Admin,300,2.57,56.97,13,7,10.12,Graduated
S109253,Student_9253,Male,20,Engineering,100,2.2,78.19,9,7,18.13,In Progress
S109254,Student_9254,Male,17,Medicine,100,2.49,75.31,6,5,7.92,Dropped
S109255,Student_9255,Female,28,Engineering,100,1.54,84.21,10,6,15.59,Graduated
S109256,Student_9256,Female,28,Computer Science,100,4.25,78.43,11,2,8.23,Graduated
S109257,Student_9257,Male,22,Computer Science,400,2.42,59.81,15,6,9.38,Graduated
S109258,Student_9258,Female,22,Law,300,3.88,69.95,19,5,8.08,Dropped
S109259,Student_9259,Male,23,Business Admin,200,2.13,93.08,11,0,4.93,Dropped
S109260,Student_9260,Male,27,Computer Science,300,2.57,51.17,11,5,4.99,Graduated
S109261,Student_9261,Female,24,Education,300,3.04,62.6,15,5,13.27,Graduated
S109262,Student_9262,Female,19,Education,300,3.45,90.5,18,0,7.46,Graduated
S109263,Student_9263,Female,30,Engineering,100,2.95,61.85,6,7,6.4,In Progress
S109264,Student_9264,Male,22,Medicine,100,1.92,64.73,10,7,6.66,Graduated
S109265,Student_9265,Male,26,Education,400,2.96,59.15,13,3,1.97,In Progress
S109266,Student_9266,Female,18,Engineering,300,3.88,93.97,5,0,6.86,In Progress
S109267,Student_9267,Male,29,Medicine,500,3.23,79.8,7,1,8.97,Dropped
S109268,Student_9268,Female,30,Computer Science,400,4.55,52.53,16,5,5.2,In Progress
S109269,Student_9269,Male,25,Engineering,100,3.12,84.98,10,0,11.53,Graduated
S109270,Student_9270,Female,18,Medicine,300,3.71,42.31,20,7,9.27,Graduated
S109271,Student_9271,Female,19,Law,100,3.37,63.78,11,0,6.38,Graduated
S109272,Student_9272,Male,28,Business Admin,200,2.56,94.59,6,5,10.85,Dropped
S109273,Student_9273,Female,29,Business Admin,100,2.96,81.39,20,6,9.96,Graduated
S109274,Student_9274,Female,26,Law,100,3.78,87.59,14,6,13.61,Dropped
S109275,Student_9275,Male,28,Education,400,2.76,95.88,12,2,3.39,Graduated
S109276,Student_9276,Female,28,Business Admin,200,3.28,86.47,15,3,17.7,Graduated
S109277,Student_9277,Male,18,Medicine,500,2.57,45.32,19,7,8.77,Graduated
S109278,Student_9278,Female,25,Law,500,3.65,53.84,17,7,14.04,In Progress
S109279,Student_9279,Male,17,Education,500,3.06,70.0,20,7,4.38,Graduated
S109280,Student_9280,Female,21,Engineering,300,3.61,40.83,10,0,9.97,In Progress
S109281,Student_9281,Female,17,Engineering,500,3.87,77.48,16,6,8.08,In Progress
S109282,Student_9282,Female,21,Medicine,300,3.47,79.43,13,6,12.09,Graduated
S109283,Student_9283,Female,24,Medicine,100,2.87,81.79,13,7,17.28,Graduated
S109284,Student_9284,Male,24,Medicine,500,2.89,73.34,13,3,10.29,Graduated
S109285,Student_9285,Male,27,Business Admin,400,1.53,67.14,13,0,7.39,Graduated
S109286,Student_9286,Male,24,Medicine,200,3.3,91.33,6,0,10.26,Graduated
S109287,Student_9287,Male,18,Law,200,3.73,86.04,14,0,0.0,Graduated
S109288,Student_9288,Male,24,Law,100,2.13,76.74,17,6,7.89,Graduated
S109289,Student_9289,Male,28,Education,200,2.89,42.76,14,6,0.0,In Progress
S109290,Student_9290,Male,21,Law,200,2.88,81.64,17,6,14.8,In Progress
S109291,Student_9291,Female,17,Business Admin,100,3.32,73.49,11,2,14.1,Graduated
S109292,Student_9292,Female,23,Engineering,100,3.1,81.61,9,0,13.04,Graduated
S109293,Student_9293,Female,29,Education,100,2.36,58.68,19,7,5.89,In Progress
S109294,Student_9294,Female,22,Law,400,4.13,86.62,13,6,3.32,Graduated
S109295,Student_9295,Male,21,Medicine,100,1.83,65.08,5,4,14.73,Dropped
S109296,Student_9296,Male,17,Law,100,2.58,93.67,14,7,22.58,Graduated
S109297,Student_9297,Male,30,Computer Science,100,2.07,46.24,11,1,13.17,Dropped
S109298,Student_9298,Female,30,Education,500,3.25,69.07,14,7,17.59,Dropped
S109299,Student_9299,Male,17,Business Admin,500,3.33,52.34,9,5,10.96,Graduated
S109300,Student_9300,Female,22,Law,400,2.92,67.21,15,5,8.54,In Progress
S109301,Student_9301,Male,26,Law,400,2.15,61.23,13,6,18.53,In Progress
S109302,Student_9302,Male,28,Business Admin,200,2.35,88.21,11,0,9.71,In Progress
S109303,Student_9303,Male,23,Engineering,500,3.62,50.03,8,7,14.93,Graduated
S109304,Student_9304,Male,26,Medicine,400,2.94,75.92,15,5,9.29,Graduated
S109305,Student_9305,Female,26,Medicine,400,2.68,64.39,12,4,8.5,In Progress
S109306,Student_9306,Female,17,Engineering,200,2.51,71.08,13,3,8.99,Graduated
S109307,Student_9307,Male,25,Engineering,100,2.92,82.86,13,2,12.1,Graduated
S109308,Student_9308,Female,20,Computer Science,300,3.4,61.43,14,3,7.92,Graduated
S109309,Student_9309,Male,21,Business Admin,200,2.83,62.02,8,2,20.39,Graduated
S109310,Student_9310,Male,18,Education,300,3.3,44.61,10,3,11.51,Dropped
S109311,Student_9311,Male,30,Medicine,200,1.91,73.12,8,3,9.12,In Progress
S109312,Student_9312,Male,28,Engineering,200,3.79,65.01,5,1,6.62,Graduated
S109313,Student_9313,Female,26,Engineering,100,2.97,88.74,10,1,12.9,Graduated
S109314,Student_9314,Male,29,Business Admin,400,2.31,66.36,12,1,0.0,Graduated
S109315,Student_9315,Male,24,Education,500,3.31,98.25,10,6,9.05,Graduated
S109316,Student_9316,Female,30,Engineering,200,3.13,50.31,17,7,13.91,Graduated
S109317,Student_9317,Male,18,Computer Science,100,2.21,56.02,16,3,4.31,In Progress
S109318,Student_9318,Female,19,Education,300,2.91,63.51,7,6,11.95,In Progress
S109319,Student_9319,Male,28,Computer Science,400,2.64,50.23,20,7,12.46,In Progress
S109320,Student_9320,Male,25,Law,200,2.11,98.34,17,5,8.58,Graduated
S109321,Student_9321,Male,18,Medicine,300,2.7,78.46,12,6,10.73,Dropped
S109322,Student_9322,Male,30,Engineering,200,2.27,40.67,14,2,9.6,Graduated
S109323,Student_9323,Male,22,Education,500,2.14,74.71,13,7,5.4,In Progress
S109324,Student_9324,Male,28,Computer Science,500,3.35,86.87,5,1,18.54,In Progress
S109325,Student_9325,Female,20,Medicine,400,3.21,43.08,15,7,12.13,Graduated
S109326,Student_9326,Male,23,Medicine,300,2.82,74.68,15,7,9.45,Graduated
S109327,Student_9327,Female,30,Engineering,500,1.43,62.46,10,2,9.83,Graduated
S109328,Student_9328,Female,30,Medicine,100,2.95,74.89,14,2,14.43,Dropped
S109329,Student_9329,Male,22,Engineering,400,3.53,55.16,12,0,1.13,Graduated
S109330,Student_9330,Female,26,Law,200,3.85,79.96,6,7,9.13,In Progress
S109331,Student_9331,Male,30,Engineering,300,3.71,80.28,18,4,3.72,Graduated
S109332,Student_9332,Female,25,Business Admin,300,2.17,72.37,18,3,13.77,In Progress
S109333,Student_9333,Male,30,Computer Science,100,2.46,95.43,8,4,13.8,Graduated
S109334,Student_9334,Female,25,Business Admin,500,2.88,94.57,17,3,8.45,Dropped
S109335,Student_9335,Female,26,Medicine,300,2.95,42.85,5,2,12.34,Graduated
S109336,Student_9336,Male,20,Medicine,100,3.02,57.39,8,6,12.03,In Progress
S109337,Student_9337,Female,17,Medicine,100,3.78,61.86,6,4,18.24,Graduated
S109338,Student_9338,Male,18,Engineering,200,3.14,43.32,7,0,12.84,In Progress
S109339,Student_9339,Male,24,Education,100,3.85,71.42,8,4,4.34,In Progress
S109340,Student_9340,Male,30,Engineering,400,2.46,41.47,7,5,6.36,In Progress
S109341,Student_9341,Male,26,Computer Science,300,2.73,80.68,10,4,10.59,Graduated
S109342,Student_9342,Male,24,Engineering,400,2.7,40.16,17,0,0.0,Dropped
S109343,Student_9343,Female,30,Medicine,100,2.96,41.92,11,0,15.81,Graduated
S109344,Student_9344,Female,18,Law,100,2.05,90.03,15,1,11.81,Graduated
S109345,Student_9345,Female,20,Computer Science,400,4.34,55.16,19,5,1.81,Graduated
S109346,Student_9346,Male,17,Business Admin,200,3.07,44.87,11,3,9.82,Graduated
S109347,Student_9347,Female,23,Law,100,2.2,63.97,5,2,23.13,Graduated
S109348,Student_9348,Female,20,Computer Science,400,2.24,43.06,9,4,7.42,Graduated
S109349,Student_9349,Female,27,Computer Science,400,3.06,85.02,7,4,2.75,Graduated
S109350,Student_9350,Female,30,Medicine,300,3.41,69.65,16,2,7.26,Graduated
S109351,Student_9351,Female,24,Business Admin,200,3.66,73.12,5,7,1.36,Graduated
S109352,Student_9352,Male,25,Engineering,500,3.03,85.18,5,7,11.36,In Progress
S109353,Student_9353,Male,28,Business Admin,400,3.43,87.07,6,0,4.81,In Progress
S109354,Student_9354,Female,25,Medicine,300,3.24,48.18,14,6,13.28,Graduated
S109355,Student_9355,Male,19,Medicine,500,2.93,56.82,12,0,11.23,Graduated
S109356,Student_9356,Male,21,Medicine,300,2.76,50.54,8,4,6.7,Dropped
S109357,Student_9357,Female,22,Law,300,3.02,43.24,18,4,2.63,Graduated
S109358,Student_9358,Female,22,Business Admin,200,2.92,72.25,14,6,11.55,Graduated
S109359,Student_9359,Male,26,Business Admin,100,3.0,54.99,7,2,10.4,Graduated
S109360,Student_9360,Female,24,Computer Science,200,3.31,49.24,18,7,2.31,Dropped
S109361,Student_9361,Male,22,Education,500,4.13,70.61,12,2,6.04,In Progress
S109362,Student_9362,Male,22,Engineering,200,2.3,78.04,20,6,2.22,Graduated
S109363,Student_9363,Female,20,Medicine,100,3.07,86.33,6,6,5.42,In Progress
S109364,Student_9364,Male,23,Business Admin,200,3.25,41.05,20,5,8.78,In Progress
S109365,Student_9365,Male,30,Business Admin,200,2.74,71.58,13,3,6.73,Dropped
S109366,Student_9366,Male,30,Computer Science,200,3.76,56.02,8,6,3.74,Graduated
S109367,Student_9367,Female,24,Engineering,400,2.66,99.5,15,0,11.68,Dropped
S109368,Student_9368,Female,19,Education,400,3.47,49.42,13,1,12.59,In Progress
S109369,Student_9369,Female,23,Education,200,3.88,66.27,5,5,13.68,In Progress
S109370,Student_9370,Female,19,Medicine,100,3.28,98.2,9,7,18.21,In Progress
S109371,Student_9371,Male,24,Education,100,2.88,52.79,14,1,12.03,Graduated
S109372,Student_9372,Female,17,Education,100,3.34,88.41,11,5,4.93,Graduated
S109373,Student_9373,Female,17,Engineering,100,2.72,54.58,18,7,6.9,Graduated
S109374,Student_9374,Female,30,Engineering,300,2.5,44.52,15,2,11.76,Graduated
S109375,Student_9375,Female,22,Medicine,200,3.26,42.57,8,3,11.89,Graduated
S109376,Student_9376,Male,26,Business Admin,200,3.52,96.92,16,4,5.52,In Progress
S109377,Student_9377,Male,25,Computer Science,300,3.07,52.77,16,2,14.33,Graduated
S109378,Student_9378,Male,28,Medicine,100,3.39,57.52,9,2,4.14,Graduated
S109379,Student_9379,Female,30,Law,500,4.61,98.01,20,5,2.33,Graduated
S109380,Student_9380,Female,20,Education,500,3.85,79.44,15,2,12.85,Graduated
S109381,Student_9381,Male,22,Computer Science,300,2.6,69.29,13,1,6.54,In Progress
S109382,Student_9382,Female,28,Business Admin,500,3.13,66.13,10,2,7.25,In Progress
S109383,Student_9383,Female,21,Business Admin,400,3.21,42.91,17,3,6.88,In Progress
S109384,Student_9384,Male,28,Engineering,200,2.41,90.34,18,1,10.68,In Progress
S109385,Student_9385,Male,17,Law,500,3.43,85.72,10,3,8.12,Graduated
S109386,Student_9386,Female,22,Business Admin,400,2.47,45.44,6,5,9.85,Graduated
S109387,Student_9387,Female,25,Law,200,3.47,61.21,5,1,13.9,In Progress
S109388,Student_9388,Female,28,Education,400,4.35,93.12,8,5,7.43,Graduated
S109389,Student_9389,Male,19,Engineering,200,2.91,54.19,14,6,12.28,In Progress
S109390,Student_9390,Male,27,Computer Science,200,3.31,76.67,7,6,17.56,Graduated
S109391,Student_9391,Male,19,Engineering,500,3.2,69.28,15,3,4.34,Dropped
S109392,Student_9392,Male,30,Education,300,2.35,89.11,11,0,16.47,In Progress
S109393,Student_9393,Female,18,Business Admin,500,2.48,42.16,11,7,5.23,Graduated
S109394,Student_9394,Male,29,Law,100,3.25,88.97,10,0,6.12,Graduated
S109395,Student_9395,Male,20,Education,400,3.09,48.14,19,1,2.31,In Progress
S109396,Student_9396,Female,26,Business Admin,100,2.91,40.9,9,0,7.13,Graduated
S109397,Student_9397,Female,19,Medicine,200,3.65,75.73,7,4,11.74,Graduated
S109398,Student_9398,Female,28,Law,500,3.33,55.52,19,5,13.46,Graduated
S109399,Student_9399,Male,18,Education,100,4.54,82.56,8,3,14.66,Graduated
S109400,Student_9400,Female,17,Computer Science,100,2.35,68.19,17,1,0.0,Graduated
S109401,Student_9401,Female,19,Computer Science,100,2.72,76.33,9,5,1.51,Graduated
S109402,Student_9402,Male,26,Business Admin,200,4.02,81.38,8,0,11.35,In Progress
S109403,Student_9403,Male,22,Business Admin,200,4.18,95.62,7,1,12.53,Graduated
S109404,Student_9404,Female,25,Computer Science,200,2.4,89.39,6,7,14.89,Graduated
S109405,Student_9405,Male,27,Medicine,100,2.73,69.71,9,4,11.61,In Progress
S109406,Student_9406,Female,21,Engineering,400,2.87,66.28,6,7,3.87,Graduated
S109407,Student_9407,Female,19,Computer Science,500,3.99,79.28,6,1,5.16,In Progress
S109408,Student_9408,Male,30,Business Admin,500,2.91,84.01,19,7,10.51,Graduated
S109409,Student_9409,Female,21,Business Admin,200,2.88,50.36,6,7,2.66,In Progress
S109410,Student_9410,Male,21,Medicine,100,2.81,41.95,18,1,5.08,Graduated
S109411,Student_9411,Male,21,Computer Science,400,3.08,67.28,6,6,9.43,In Progress
S109412,Student_9412,Male,28,Medicine,300,3.24,45.97,12,7,8.68,In Progress
S109413,Student_9413,Female,28,Computer Science,200,4.31,56.36,16,6,9.85,Dropped
S109414,Student_9414,Male,23,Engineering,300,4.02,75.08,11,5,11.41,Graduated
S109415,Student_9415,Male,21,Education,500,2.24,49.09,13,2,2.77,Dropped
S109416,Student_9416,Female,23,Computer Science,500,2.87,41.71,7,2,10.27,Graduated
S109417,Student_9417,Female,25,Education,400,3.01,73.28,5,2,3.47,Graduated
S109418,Student_9418,Female,21,Computer Science,400,2.69,67.97,10,2,9.44,In Progress
S109419,Student_9419,Female,18,Engineering,300,3.7,58.38,13,7,12.98,Graduated
S109420,Student_9420,Male,21,Business Admin,500,3.94,68.13,17,3,11.9,Graduated
S109421,Student_9421,Male,24,Education,400,2.66,81.01,5,4,4.95,Graduated
S109422,Student_9422,Male,28,Medicine,400,3.01,46.54,5,6,4.41,Graduated
S109423,Student_9423,Female,20,Computer Science,500,3.63,55.34,8,1,17.27,Graduated
S109424,Student_9424,Female,18,Business Admin,500,3.75,87.7,14,7,13.63,In Progress
S109425,Student_9425,Male,26,Computer Science,100,2.65,80.21,5,6,8.96,Dropped
S109426,Student_9426,Female,19,Medicine,400,3.33,55.98,13,5,15.83,Graduated
S109427,Student_9427,Female,25,Engineering,300,2.51,63.89,10,4,9.23,Dropped
S109428,Student_9428,Male,25,Law,200,3.74,47.18,9,1,21.41,In Progress
S109429,Student_9429,Male,24,Computer Science,200,2.49,55.19,15,5,8.7,Graduated
S109430,Student_9430,Female,24,Medicine,500,3.08,90.47,9,2,22.33,In Progress
S109431,Student_9431,Female,24,Law,300,2.67,66.42,15,3,10.84,In Progress
S109432,Student_9432,Female,24,Computer Science,100,2.31,78.42,15,1,3.92,In Progress
S109433,Student_9433,Male,24,Education,400,2.6,49.58,15,1,10.17,In Progress
S109434,Student_9434,Male,17,Business Admin,100,2.76,51.0,16,0,13.51,Graduated
S109435,Student_9435,Male,22,Business Admin,300,3.87,96.46,16,3,10.08,Graduated
S109436,Student_9436,Male,28,Medicine,100,2.67,90.49,6,3,7.08,Graduated
S109437,Student_9437,Male,25,Education,500,3.05,87.42,7,7,11.32,In Progress
S109438,Student_9438,Female,24,Engineering,200,2.53,59.78,16,3,13.14,Graduated
S109439,Student_9439,Female,19,Law,500,3.64,73.77,11,7,6.5,In Progress
S109440,Student_9440,Female,27,Medicine,400,3.74,69.54,8,4,9.7,In Progress
S109441,Student_9441,Male,17,Computer Science,500,3.55,97.37,18,7,5.0,In Progress
S109442,Student_9442,Male,18,Business Admin,300,2.75,54.38,10,7,11.81,Graduated
S109443,Student_9443,Male,27,Computer Science,300,2.53,96.83,20,2,5.32,Dropped
S109444,Student_9444,Female,18,Law,400,2.35,82.41,12,0,11.17,In Progress
S109445,Student_9445,Male,23,Education,400,3.54,64.82,19,4,15.69,Graduated
S109446,Student_9446,Male,28,Education,200,2.68,55.98,18,7,13.37,Graduated
S109447,Student_9447,Female,22,Medicine,100,3.6,85.44,5,5,8.75,Graduated
S109448,Student_9448,Male,27,Medicine,200,2.4,89.38,19,2,3.45,Dropped
S109449,Student_9449,Female,18,Education,500,2.85,61.45,20,6,10.1,Graduated
S109450,Student_9450,Male,24,Medicine,100,2.68,50.31,15,1,8.15,Graduated
S109451,Student_9451,Male,25,Education,400,2.5,69.53,17,7,10.13,Graduated
S109452,Student_9452,Female,23,Law,300,1.78,68.11,10,7,10.55,Graduated
S109453,Student_9453,Female,20,Medicine,500,2.07,83.52,5,0,7.99,In Progress
S109454,Student_9454,Female,29,Education,200,3.79,98.39,16,7,6.57,In Progress
S109455,Student_9455,Female,29,Medicine,400,2.41,71.88,16,4,12.12,In Progress
S109456,Student_9456,Female,17,Computer Science,100,3.47,83.9,16,0,17.68,In Progress
S109457,Student_9457,Female,20,Business Admin,100,3.01,61.03,12,2,10.94,Dropped
S109458,Student_9458,Male,20,Computer Science,300,2.76,75.97,8,5,9.65,Dropped
S109459,Student_9459,Male,24,Engineering,400,2.7,46.92,9,5,15.15,In Progress
S109460,Student_9460,Female,20,Education,400,2.94,88.9,14,4,8.72,Graduated
S109461,Student_9461,Male,20,Engineering,500,3.47,60.66,6,6,16.46,Graduated
S109462,Student_9462,Female,29,Education,500,2.14,44.8,7,5,13.99,In Progress
S109463,Student_9463,Male,18,Business Admin,100,2.95,99.43,11,4,0.0,Graduated
S109464,Student_9464,Female,28,Medicine,200,3.27,94.11,11,0,12.02,Graduated
S109465,Student_9465,Male,26,Education,100,3.52,51.85,20,1,6.96,In Progress
S109466,Student_9466,Male,23,Computer Science,500,3.71,61.79,18,1,13.95,In Progress
S109467,Student_9467,Male,20,Medicine,500,2.87,96.2,16,1,1.92,Graduated
S109468,Student_9468,Male,27,Business Admin,500,2.02,87.78,15,2,9.66,Graduated
S109469,Student_9469,Male,22,Computer Science,100,3.28,94.38,12,0,9.16,Graduated
S109470,Student_9470,Female,19,Medicine,400,2.92,73.75,17,7,8.04,Graduated
S109471,Student_9471,Female,23,Education,200,3.84,54.59,7,5,15.04,In Progress
S109472,Student_9472,Female,22,Education,200,3.14,53.62,6,2,24.06,In Progress
S109473,Student_9473,Male,19,Computer Science,500,3.85,71.54,6,2,11.25,Graduated
S109474,Student_9474,Female,20,Law,300,2.63,95.44,19,5,16.62,Graduated
S109475,Student_9475,Male,26,Education,100,3.85,77.9,10,1,16.7,Graduated
S109476,Student_9476,Male,30,Law,400,3.11,42.06,6,1,22.12,Graduated
S109477,Student_9477,Male,21,Medicine,500,3.29,73.63,15,1,13.88,Graduated
S109478,Student_9478,Female,25,Law,300,1.8,76.51,19,6,14.13,Dropped
S109479,Student_9479,Male,30,Computer Science,500,3.78,74.89,8,5,9.42,Graduated
S109480,Student_9480,Female,22,Engineering,300,2.87,81.46,20,0,5.24,In Progress
S109481,Student_9481,Female,29,Engineering,200,3.35,57.61,13,0,15.69,Dropped
S109482,Student_9482,Male,20,Computer Science,300,2.77,48.63,14,5,7.29,In Progress
S109483,Student_9483,Male,27,Engineering,200,3.81,85.0,7,1,0.0,In Progress
S109484,Student_9484,Female,27,Computer Science,200,3.16,51.78,5,2,17.63,Graduated
S109485,Student_9485,Female,23,Education,100,3.1,46.85,6,0,9.11,Graduated
S109486,Student_9486,Female,18,Law,300,4.33,61.56,14,4,11.75,Graduated
S109487,Student_9487,Female,20,Engineering,400,1.26,89.97,17,2,4.51,Graduated
S109488,Student_9488,Female,21,Education,400,2.71,44.93,14,5,14.33,Graduated
S109489,Student_9489,Female,20,Engineering,300,2.89,51.73,11,7,8.69,In Progress
S109490,Student_9490,Male,20,Medicine,100,2.42,68.52,13,2,10.9,In Progress
S109491,Student_9491,Female,27,Computer Science,400,3.23,57.26,13,6,13.11,Dropped
S109492,Student_9492,Female,29,Computer Science,500,2.06,83.3,8,3,9.73,In Progress
S109493,Student_9493,Female,25,Education,400,2.09,80.49,19,0,6.45,Graduated
S109494,Student_9494,Female,30,Medicine,100,3.31,90.55,12,6,10.07,Graduated
S109495,Student_9495,Male,27,Law,200,2.36,52.23,5,4,8.16,Graduated
S109496,Student_9496,Male,29,Medicine,200,3.36,78.94,15,0,0.0,In Progress
S109497,Student_9497,Female,18,Medicine,200,2.58,86.48,15,6,10.23,Graduated
S109498,Student_9498,Female,22,Business Admin,100,2.41,43.76,20,2,14.39,Graduated
S109499,Student_9499,Female,30,Law,200,2.31,42.21,18,5,0.93,Graduated
S109500,Student_9500,Male,24,Law,200,2.33,73.56,10,0,13.25,In Progress
S109501,Student_9501,Male,24,Medicine,100,2.7,75.27,18,2,13.26,Graduated
S109502,Student_9502,Male,27,Engineering,500,2.44,63.57,12,4,16.05,Graduated
S109503,Student_9503,Male,23,Business Admin,400,2.91,42.16,6,2,11.46,In Progress
S109504,Student_9504,Male,26,Engineering,100,1.7,64.12,12,6,8.87,In Progress
S109505,Student_9505,Male,27,Medicine,100,2.41,78.53,8,5,10.03,In Progress
S109506,Student_9506,Female,20,Engineering,300,3.87,82.11,6,1,9.33,In Progress
S109507,Student_9507,Male,23,Law,200,2.12,69.57,8,5,4.16,In Progress
S109508,Student_9508,Male,29,Law,500,2.54,71.5,12,2,8.13,In Progress
S109509,Student_9509,Female,26,Engineering,300,3.87,80.36,19,1,12.46,Dropped
S109510,Student_9510,Male,22,Law,500,2.97,66.96,17,4,9.57,Graduated
S109511,Student_9511,Female,27,Computer Science,200,1.79,55.81,8,4,7.73,Graduated
S109512,Student_9512,Male,22,Law,200,3.42,53.38,17,2,10.43,Dropped
S109513,Student_9513,Female,18,Medicine,200,3.83,85.17,18,1,6.33,Graduated
S109514,Student_9514,Female,24,Education,400,2.98,69.25,19,7,10.82,Graduated
S109515,Student_9515,Female,24,Engineering,500,2.61,77.45,19,2,12.2,In Progress
S109516,Student_9516,Female,30,Business Admin,500,1.78,68.27,12,7,10.75,Graduated
S109517,Student_9517,Female,27,Engineering,300,2.66,89.13,11,6,4.93,Graduated
S109518,Student_9518,Male,23,Law,100,2.13,69.81,9,7,14.28,Dropped
S109519,Student_9519,Male,27,Law,200,2.99,99.28,12,4,6.04,Graduated
S109520,Student_9520,Female,25,Education,200,3.58,54.56,19,7,10.16,In Progress
S109521,Student_9521,Female,24,Education,300,2.31,48.31,6,1,16.81,In Progress
S109522,Student_9522,Female,30,Business Admin,500,3.48,62.42,20,3,1.51,Graduated
S109523,Student_9523,Male,25,Medicine,400,1.77,95.12,7,3,5.8,Graduated
S109524,Student_9524,Female,25,Computer Science,500,2.83,91.14,8,4,10.31,Graduated
S109525,Student_9525,Female,22,Medicine,400,1.59,54.84,14,5,7.58,Dropped
S109526,Student_9526,Female,18,Business Admin,400,3.13,75.98,20,1,2.56,Graduated
S109527,Student_9527,Female,28,Engineering,500,3.79,75.34,9,7,10.23,Dropped
S109528,Student_9528,Male,23,Law,200,2.7,57.6,9,2,0.0,Graduated
S109529,Student_9529,Female,19,Medicine,400,3.11,54.12,19,5,20.89,Graduated
S109530,Student_9530,Female,29,Law,300,2.65,63.4,5,5,14.41,Graduated
S109531,Student_9531,Male,23,Law,300,3.25,87.32,5,6,5.66,Graduated
S109532,Student_9532,Female,25,Medicine,400,3.57,51.5,20,4,8.46,Graduated
S109533,Student_9533,Female,26,Medicine,200,2.99,66.74,16,4,2.03,In Progress
S109534,Student_9534,Male,30,Education,400,2.63,68.9,15,0,16.8,Graduated
S109535,Student_9535,Male,26,Business Admin,300,3.2,96.35,5,5,10.73,Graduated
S109536,Student_9536,Male,18,Business Admin,300,4.27,58.21,18,5,3.18,Dropped
S109537,Student_9537,Female,30,Computer Science,500,3.22,41.18,19,6,8.15,Dropped
S109538,Student_9538,Female,29,Education,200,2.11,81.62,18,2,13.58,Graduated
S109539,Student_9539,Male,22,Computer Science,500,4.32,85.35,9,2,12.8,Graduated
S109540,Student_9540,Male,29,Medicine,100,2.43,82.18,19,3,12.84,Graduated
S109541,Student_9541,Male,22,Business Admin,400,2.45,82.04,6,0,10.64,In Progress
S109542,Student_9542,Female,25,Business Admin,500,3.71,68.99,7,5,0.0,In Progress
S109543,Student_9543,Female,29,Computer Science,200,2.71,41.12,12,2,22.25,Graduated
S109544,Student_9544,Male,25,Engineering,400,3.35,83.8,16,5,8.27,Graduated
S109545,Student_9545,Female,29,Education,400,3.3,96.19,14,7,11.73,In Progress
S109546,Student_9546,Male,21,Education,400,3.31,49.44,12,2,18.31,Graduated
S109547,Student_9547,Female,30,Education,400,4.01,44.07,16,6,11.16,Graduated
S109548,Student_9548,Female,21,Business Admin,400,2.81,55.91,14,3,17.35,Graduated
S109549,Student_9549,Female,25,Law,200,3.02,90.99,19,0,15.78,Graduated
S109550,Student_9550,Female,24,Business Admin,100,2.36,46.37,6,0,17.95,Graduated
S109551,Student_9551,Male,23,Law,300,3.52,82.91,12,1,13.08,Graduated
S109552,Student_9552,Female,24,Business Admin,100,3.14,43.78,15,5,8.43,Dropped
S109553,Student_9553,Female,22,Medicine,300,3.88,41.97,16,6,7.57,Dropped
S109554,Student_9554,Male,19,Business Admin,500,3.26,93.48,13,4,19.08,Graduated
S109555,Student_9555,Female,23,Medicine,400,4.21,86.23,14,1,9.12,Graduated
S109556,Student_9556,Male,24,Law,500,2.91,75.92,18,0,14.82,Graduated
S109557,Student_9557,Male,24,Education,500,3.16,50.32,14,5,6.99,Graduated
S109558,Student_9558,Female,17,Law,300,3.05,56.73,10,3,8.08,Graduated
S109559,Student_9559,Female,23,Computer Science,200,2.51,42.92,5,7,10.88,In Progress
S109560,Student_9560,Male,19,Education,400,1.63,78.72,15,1,7.83,Graduated
S109561,Student_9561,Male,18,Business Admin,500,3.16,81.17,15,3,6.87,Graduated
S109562,Student_9562,Male,30,Business Admin,100,1.88,59.61,7,0,8.53,Dropped
S109563,Student_9563,Female,18,Business Admin,400,3.32,60.3,9,5,13.71,In Progress
S109564,Student_9564,Male,30,Business Admin,200,3.81,77.74,17,3,7.52,Graduated
S109565,Student_9565,Male,30,Business Admin,400,2.96,96.74,7,1,10.16,Graduated
S109566,Student_9566,Male,24,Law,500,3.27,63.68,7,0,18.52,Graduated
S109567,Student_9567,Female,25,Medicine,100,3.29,69.62,13,0,12.75,Graduated
S109568,Student_9568,Male,19,Law,500,3.67,81.9,20,1,16.64,In Progress
S109569,Student_9569,Female,30,Engineering,200,2.93,60.54,9,5,11.4,In Progress
S109570,Student_9570,Female,19,Law,300,2.15,92.13,18,4,9.42,Graduated
S109571,Student_9571,Male,22,Education,100,1.77,90.77,19,1,17.66,In Progress
S109572,Student_9572,Female,27,Business Admin,200,2.76,80.46,12,1,3.35,Graduated
S109573,Student_9573,Male,26,Law,200,1.86,72.22,11,5,14.32,Graduated
S109574,Student_9574,Female,17,Medicine,500,3.03,99.01,8,2,16.48,Graduated
S109575,Student_9575,Female,22,Business Admin,500,3.18,82.14,7,0,2.48,Graduated
S109576,Student_9576,Male,28,Computer Science,500,2.63,78.59,7,2,6.8,In Progress
S109577,Student_9577,Male,19,Engineering,300,3.52,92.61,15,2,11.24,In Progress
S109578,Student_9578,Male,27,Education,400,3.11,73.3,6,2,12.38,Graduated
S109579,Student_9579,Female,20,Medicine,400,2.54,54.58,9,3,15.54,Dropped
S109580,Student_9580,Female,25,Engineering,500,2.68,48.27,16,6,4.42,Graduated
S109581,Student_9581,Male,19,Law,500,3.94,68.26,6,1,6.48,In Progress
S109582,Student_9582,Male,17,Engineering,300,1.81,70.94,6,2,17.99,Dropped
S109583,Student_9583,Female,19,Business Admin,400,2.83,89.66,19,3,14.2,Graduated
S109584,Student_9584,Female,23,Business Admin,300,3.14,48.37,20,3,13.06,In Progress
S109585,Student_9585,Female,29,Computer Science,200,2.57,80.87,16,6,10.02,Graduated
S109586,Student_9586,Male,23,Engineering,400,2.49,58.25,16,0,9.76,In Progress
S109587,Student_9587,Female,27,Engineering,500,3.77,96.34,16,1,14.44,Graduated
S109588,Student_9588,Male,21,Business Admin,100,4.43,68.23,8,5,14.15,Graduated
S109589,Student_9589,Female,30,Law,200,2.77,77.34,10,4,10.52,In Progress
S109590,Student_9590,Female,17,Law,100,3.02,79.01,16,1,3.63,In Progress
S109591,Student_9591,Male,27,Education,300,3.41,45.46,10,3,3.33,In Progress
S109592,Student_9592,Male,24,Law,300,2.29,91.13,12,7,14.09,In Progress
S109593,Student_9593,Male,26,Engineering,300,3.05,49.85,15,1,12.03,Graduated
S109594,Student_9594,Female,24,Computer Science,500,4.07,63.85,10,0,8.59,In Progress
S109595,Student_9595,Female,26,Law,300,4.67,80.35,10,1,2.59,Graduated
S109596,Student_9596,Female,28,Business Admin,100,2.13,43.31,8,6,16.68,Graduated
S109597,Student_9597,Male,26,Business Admin,200,2.37,74.83,16,3,6.93,Graduated
S109598,Student_9598,Female,29,Education,500,2.7,64.59,9,7,8.12,Dropped
S109599,Student_9599,Male,26,Education,200,2.74,43.83,15,6,9.23,In Progress
S109600,Student_9600,Male,18,Engineering,300,3.76,83.58,11,3,4.04,Dropped
S109601,Student_9601,Male,26,Law,400,3.02,70.08,14,2,3.22,Graduated
S109602,Student_9602,Female,19,Law,500,3.7,58.21,15,3,10.96,Graduated
S109603,Student_9603,Female,20,Education,300,3.17,45.06,13,0,16.47,Dropped
S109604,Student_9604,Male,17,Law,500,2.92,72.85,20,3,22.28,Graduated
S109605,Student_9605,Female,20,Engineering,400,3.31,58.36,20,1,12.92,Graduated
S109606,Student_9606,Male,21,Computer Science,100,1.41,96.8,8,5,19.27,Graduated
S109607,Student_9607,Male,19,Business Admin,100,2.77,75.49,14,5,13.14,In Progress
S109608,Student_9608,Female,30,Engineering,100,2.8,57.1,5,5,16.05,Graduated
S109609,Student_9609,Male,27,Law,400,2.03,71.72,10,4,9.92,Graduated
S109610,Student_9610,Male,26,Engineering,200,3.94,72.37,6,3,11.7,Graduated
S109611,Student_9611,Female,18,Business Admin,400,2.83,83.61,15,5,12.13,Graduated
S109612,Student_9612,Male,29,Medicine,400,3.26,94.13,11,7,10.57,Dropped
S109613,Student_9613,Male,22,Business Admin,300,3.61,97.76,10,0,8.4,Graduated
S109614,Student_9614,Male,24,Business Admin,100,2.42,83.07,13,6,13.8,In Progress
S109615,Student_9615,Male,23,Medicine,500,3.2,72.75,10,0,8.1,Graduated
S109616,Student_9616,Male,27,Law,200,1.86,53.5,18,5,12.17,Graduated
S109617,Student_9617,Male,30,Law,500,3.38,64.18,10,0,8.88,Dropped
S109618,Student_9618,Male,17,Computer Science,300,2.61,69.33,8,5,17.81,Graduated
S109619,Student_9619,Female,20,Business Admin,300,2.8,47.7,16,0,16.2,Dropped
S109620,Student_9620,Female,19,Engineering,200,3.79,55.38,13,1,7.16,Graduated
S109621,Student_9621,Male,22,Computer Science,500,4.27,99.07,7,2,8.68,Dropped
S109622,Student_9622,Male,25,Law,200,2.5,85.4,19,6,8.42,In Progress
S109623,Student_9623,Female,25,Law,200,2.4,68.92,5,7,10.82,Dropped
S109624,Student_9624,Female,23,Education,100,3.48,53.56,15,7,0.0,In Progress
S109625,Student_9625,Female,28,Computer Science,500,3.45,74.41,14,4,12.29,Graduated
S109626,Student_9626,Female,25,Law,100,2.17,53.91,12,6,3.11,In Progress
S109627,Student_9627,Female,24,Medicine,100,2.98,51.59,12,5,7.13,Graduated
S109628,Student_9628,Male,21,Education,100,2.98,45.63,19,6,13.14,Graduated
S109629,Student_9629,Female,25,Engineering,400,2.97,60.75,15,2,18.72,In Progress
S109630,Student_9630,Female,30,Education,300,3.46,72.5,5,2,9.31,In Progress
S109631,Student_9631,Female,23,Business Admin,300,4.06,49.56,13,2,12.16,In Progress
S109632,Student_9632,Male,21,Business Admin,400,2.84,52.03,6,1,4.33,In Progress
S109633,Student_9633,Male,24,Engineering,200,4.26,63.47,10,6,8.21,Graduated
S109634,Student_9634,Male,23,Medicine,500,2.91,69.37,19,6,5.98,In Progress
S109635,Student_9635,Male,25,Engineering,500,4.14,85.74,13,4,11.11,Graduated
S109636,Student_9636,Male,26,Computer Science,500,3.3,74.0,20,3,4.71,Graduated
S109637,Student_9637,Male,17,Engineering,100,3.76,77.06,17,7,15.78,Graduated
S109638,Student_9638,Female,29,Engineering,500,3.66,81.77,10,7,6.54,Graduated
S109639,Student_9639,Male,25,Education,500,2.43,67.06,11,3,8.79,Dropped
S109640,Student_9640,Male,23,Medicine,500,3.26,60.59,19,5,6.32,Graduated
S109641,Student_9641,Female,17,Engineering,300,2.36,88.03,13,4,3.67,In Progress
S109642,Student_9642,Male,17,Computer Science,400,2.93,89.7,9,4,1.86,Graduated
S109643,Student_9643,Female,21,Education,200,2.2,49.24,5,0,0.0,Graduated
S109644,Student_9644,Female,24,Medicine,400,2.86,97.2,13,6,9.35,Graduated
S109645,Student_9645,Male,25,Medicine,500,3.04,95.8,14,2,14.98,Graduated
S109646,Student_9646,Female,28,Law,200,2.4,92.25,18,0,7.5,In Progress
S109647,Student_9647,Female,22,Business Admin,200,3.0,65.36,17,1,3.55,Graduated
S109648,Student_9648,Female,28,Computer Science,400,3.56,90.53,11,7,5.93,Graduated
S109649,Student_9649,Female,29,Business Admin,400,2.31,77.68,20,1,8.48,Graduated
S109650,Student_9650,Male,26,Education,400,3.62,52.32,12,4,6.28,Graduated
S109651,Student_9651,Female,28,Education,400,3.65,86.49,6,7,14.68,In Progress
S109652,Student_9652,Male,24,Computer Science,100,2.33,64.37,9,7,16.45,In Progress
S109653,Student_9653,Female,22,Medicine,300,1.17,57.53,17,7,8.67,Graduated
S109654,Student_9654,Female,27,Engineering,300,3.76,92.7,12,1,1.89,Graduated
S109655,Student_9655,Female,22,Computer Science,500,2.83,91.74,11,4,4.92,Graduated
S109656,Student_9656,Male,20,Education,100,3.0,91.86,20,6,9.28,Dropped
S109657,Student_9657,Male,27,Business Admin,200,4.42,91.57,11,7,3.15,Graduated
S109658,Student_9658,Male,21,Computer Science,400,3.3,73.25,8,7,9.96,In Progress
S109659,Student_9659,Female,30,Medicine,500,3.33,77.02,17,3,11.98,Dropped
S109660,Student_9660,Female,18,Law,200,2.99,96.93,6,7,8.97,In Progress
S109661,Student_9661,Female,19,Law,300,2.87,47.76,14,7,9.9,In Progress
S109662,Student_9662,Female,19,Engineering,200,2.96,88.38,7,2,5.2,Graduated
S109663,Student_9663,Male,30,Engineering,400,2.9,71.58,18,7,6.25,Graduated
S109664,Student_9664,Female,28,Medicine,400,1.82,98.7,18,7,9.68,Graduated
S109665,Student_9665,Male,27,Business Admin,300,2.3,78.35,18,6,7.29,Graduated
S109666,Student_9666,Female,21,Engineering,400,2.96,49.75,20,1,10.05,Graduated
S109667,Student_9667,Male,30,Law,100,4.43,88.93,13,0,4.38,Graduated
S109668,Student_9668,Male,21,Medicine,500,2.03,80.36,8,1,2.51,In Progress
S109669,Student_9669,Female,22,Medicine,300,2.64,48.94,5,7,8.77,Graduated
S109670,Student_9670,Female,21,Medicine,300,2.63,40.54,14,5,15.7,In Progress
S109671,Student_9671,Male,28,Computer Science,200,3.48,72.62,8,2,2.0,Graduated
S109672,Student_9672,Female,22,Business Admin,300,3.07,54.49,17,7,16.92,Graduated
S109673,Student_9673,Female,24,Business Admin,500,2.55,92.03,20,1,17.3,Graduated
S109674,Student_9674,Male,18,Engineering,100,3.81,55.06,19,4,0.52,In Progress
S109675,Student_9675,Male,20,Business Admin,200,2.31,79.77,12,1,16.29,In Progress
S109676,Student_9676,Male,29,Education,500,2.64,60.71,18,3,3.07,Graduated
S109677,Student_9677,Male,22,Law,300,2.22,61.02,12,7,12.21,Graduated
S109678,Student_9678,Female,28,Engineering,400,3.69,50.91,14,7,17.79,In Progress
S109679,Student_9679,Male,21,Business Admin,400,2.97,70.16,19,6,11.88,Graduated
S109680,Student_9680,Male,17,Law,500,2.5,74.76,14,3,12.67,Graduated
S109681,Student_9681,Male,25,Engineering,100,3.31,74.86,6,1,14.04,Dropped
S109682,Student_9682,Female,19,Education,400,4.11,91.4,14,0,25.47,Graduated
S109683,Student_9683,Male,18,Law,500,1.42,79.14,8,1,6.98,In Progress
S109684,Student_9684,Female,25,Education,200,3.43,84.41,11,4,16.21,Graduated
S109685,Student_9685,Male,23,Law,300,4.21,59.41,12,7,3.65,Dropped
S109686,Student_9686,Male,21,Computer Science,100,4.09,65.24,5,4,3.94,In Progress
S109687,Student_9687,Female,28,Computer Science,100,2.83,41.1,12,6,11.8,Dropped
S109688,Student_9688,Male,22,Law,200,3.07,44.75,5,6,14.8,Graduated
S109689,Student_9689,Male,28,Law,100,3.15,63.11,10,6,13.06,Graduated
S109690,Student_9690,Female,27,Education,500,2.82,52.58,9,6,7.99,In Progress
S109691,Student_9691,Male,20,Business Admin,100,3.65,88.78,14,6,8.09,Graduated
S109692,Student_9692,Male,17,Medicine,100,1.88,80.59,19,4,5.77,In Progress
S109693,Student_9693,Male,20,Law,100,3.4,98.22,11,0,11.53,In Progress
S109694,Student_9694,Male,25,Engineering,500,2.95,93.22,10,3,12.59,Dropped
S109695,Student_9695,Female,17,Engineering,300,3.71,98.66,14,4,15.62,Graduated
S109696,Student_9696,Male,26,Engineering,400,3.78,61.92,18,4,2.89,Graduated
S109697,Student_9697,Female,19,Computer Science,100,3.08,69.06,5,1,28.3,Graduated
S109698,Student_9698,Male,21,Business Admin,200,2.56,62.36,19,3,4.37,Graduated
S109699,Student_9699,Female,23,Education,200,3.73,97.86,10,4,5.11,Graduated
S109700,Student_9700,Male,25,Business Admin,500,2.11,64.16,17,7,9.21,Graduated
S109701,Student_9701,Female,22,Computer Science,300,2.26,47.01,18,6,10.0,In Progress
S109702,Student_9702,Male,19,Business Admin,100,2.95,55.03,7,4,13.1,In Progress
S109703,Student_9703,Female,29,Business Admin,500,2.64,65.49,16,1,13.22,Graduated
S109704,Student_9704,Female,23,Engineering,400,2.85,76.18,19,1,13.26,In Progress
S109705,Student_9705,Male,30,Law,300,2.79,77.09,20,2,17.48,Dropped
S109706,Student_9706,Female,20,Engineering,300,2.98,85.53,19,1,14.97,Graduated
S109707,Student_9707,Male,19,Business Admin,500,4.04,78.87,10,1,3.57,Graduated
S109708,Student_9708,Male,30,Law,200,2.19,69.49,11,2,8.08,Dropped
S109709,Student_9709,Male,23,Education,300,2.67,41.81,10,4,6.98,Graduated
S109710,Student_9710,Male,27,Medicine,200,3.58,81.7,13,5,9.05,Graduated
S109711,Student_9711,Male,27,Law,300,3.03,45.13,20,1,16.33,Graduated
S109712,Student_9712,Female,23,Computer Science,300,2.32,68.13,16,0,13.83,In Progress
S109713,Student_9713,Male,20,Engineering,300,2.94,93.78,13,2,9.44,Graduated
S109714,Student_9714,Male,28,Engineering,400,1.94,75.81,12,5,15.97,Dropped
S109715,Student_9715,Male,23,Business Admin,200,3.72,51.94,9,5,14.99,Graduated
S109716,Student_9716,Male,27,Business Admin,400,3.08,88.48,14,2,3.13,In Progress
S109717,Student_9717,Male,30,Business Admin,200,4.54,58.02,7,5,5.36,Graduated
S109718,Student_9718,Male,18,Business Admin,400,2.22,74.64,8,4,12.04,In Progress
S109719,Student_9719,Female,17,Engineering,400,2.53,78.15,15,5,9.31,In Progress
S109720,Student_9720,Female,28,Law,400,3.12,83.87,14,5,13.83,In Progress
S109721,Student_9721,Male,18,Education,500,3.92,43.9,12,1,7.95,In Progress
S109722,Student_9722,Female,20,Law,400,2.66,91.26,13,0,14.12,Dropped
S109723,Student_9723,Male,24,Computer Science,300,2.51,46.83,17,4,9.97,Graduated
S109724,Student_9724,Male,19,Engineering,100,3.05,45.67,12,7,12.98,Dropped
S109725,Student_9725,Male,26,Law,400,2.53,67.41,14,1,11.96,Graduated
S109726,Student_9726,Male,22,Engineering,100,3.33,62.33,7,4,8.58,Graduated
S109727,Student_9727,Male,22,Computer Science,100,3.05,43.28,11,5,18.53,Graduated
S109728,Student_9728,Female,29,Medicine,300,3.49,49.96,15,2,8.66,Graduated
S109729,Student_9729,Female,25,Medicine,100,3.63,66.35,12,2,21.13,Graduated
S109730,Student_9730,Female,25,Medicine,100,3.26,89.74,7,1,0.92,Graduated
S109731,Student_9731,Female,20,Engineering,100,3.81,47.28,5,6,4.6,Graduated
S109732,Student_9732,Male,25,Law,200,2.76,46.27,11,4,11.19,Graduated
S109733,Student_9733,Female,29,Engineering,400,1.99,88.29,18,5,2.3,Graduated
S109734,Student_9734,Male,22,Education,400,2.25,69.54,7,1,7.34,Dropped
S109735,Student_9735,Female,18,Law,100,2.94,61.61,5,5,14.18,Graduated
S109736,Student_9736,Female,26,Computer Science,300,3.29,67.68,11,3,9.1,In Progress
S109737,Student_9737,Female,30,Business Admin,200,3.41,64.65,15,7,13.68,Graduated
S109738,Student_9738,Female,27,Medicine,300,2.55,86.91,16,7,17.08,Graduated
S109739,Student_9739,Male,22,Law,300,3.61,40.56,18,1,12.49,Graduated
S109740,Student_9740,Female,18,Law,100,1.38,65.99,19,5,4.9,Dropped
S109741,Student_9741,Female,24,Medicine,500,2.62,49.53,11,3,9.35,Graduated
S109742,Student_9742,Male,20,Computer Science,100,3.35,58.5,8,2,9.73,Dropped
S109743,Student_9743,Male,21,Engineering,500,3.64,46.73,18,0,10.71,In Progress
S109744,Student_9744,Female,24,Engineering,200,3.53,65.62,6,2,7.91,Graduated
S109745,Student_9745,Male,30,Business Admin,500,3.65,78.6,20,7,10.5,Graduated
S109746,Student_9746,Male,27,Law,100,3.12,79.7,14,0,14.45,Dropped
S109747,Student_9747,Male,24,Medicine,100,2.92,87.8,18,7,0.0,In Progress
S109748,Student_9748,Female,28,Education,300,1.69,88.9,9,4,13.03,Graduated
S109749,Student_9749,Male,30,Computer Science,100,2.83,75.86,15,0,6.6,Dropped
S109750,Student_9750,Female,28,Engineering,100,2.2,61.19,15,4,0.61,Graduated
S109751,Student_9751,Female,22,Computer Science,400,3.43,43.08,13,7,1.64,In Progress
S109752,Student_9752,Female,20,Computer Science,400,2.04,42.15,10,3,12.05,In Progress
S109753,Student_9753,Female,17,Business Admin,300,2.89,46.8,19,4,8.6,Graduated
S109754,Student_9754,Male,28,Computer Science,500,2.17,99.03,14,1,17.61,Graduated
S109755,Student_9755,Female,23,Medicine,500,2.99,87.16,18,1,17.05,Graduated
S109756,Student_9756,Male,24,Business Admin,400,2.91,64.29,16,5,4.05,Graduated
S109757,Student_9757,Female,25,Medicine,200,1.77,67.97,13,1,9.59,Graduated
S109758,Student_9758,Male,18,Business Admin,400,3.24,84.24,16,2,17.0,Graduated
S109759,Student_9759,Female,17,Medicine,200,2.8,70.86,5,6,5.73,Graduated
S109760,Student_9760,Male,20,Business Admin,500,3.02,61.62,6,5,18.79,Graduated
S109761,Student_9761,Female,29,Business Admin,400,2.71,60.97,15,7,9.44,In Progress
S109762,Student_9762,Female,21,Law,100,2.5,52.58,10,1,11.8,Graduated
S109763,Student_9763,Male,26,Medicine,200,3.53,93.14,7,4,10.35,Graduated
S109764,Student_9764,Female,28,Law,200,3.72,64.85,6,4,11.0,Graduated
S109765,Student_9765,Female,17,Business Admin,200,3.68,85.14,10,7,14.08,Graduated
S109766,Student_9766,Female,21,Engineering,500,2.04,74.43,11,4,5.74,Graduated
S109767,Student_9767,Male,22,Business Admin,300,3.97,85.25,8,1,10.8,Graduated
S109768,Student_9768,Female,19,Engineering,100,3.39,59.25,17,5,10.68,Graduated
S109769,Student_9769,Female,28,Engineering,400,3.87,85.12,17,3,11.46,Graduated
S109770,Student_9770,Male,23,Engineering,200,3.86,87.4,14,7,15.79,Graduated
S109771,Student_9771,Male,30,Engineering,500,3.24,46.26,19,3,10.04,In Progress
S109772,Student_9772,Male,22,Medicine,200,2.44,45.49,13,2,12.28,Graduated
S109773,Student_9773,Male,20,Education,400,2.47,99.13,15,4,18.28,Graduated
S109774,Student_9774,Male,19,Medicine,100,2.52,47.08,16,4,13.92,Graduated
S109775,Student_9775,Female,21,Education,200,2.87,81.09,20,2,10.36,Dropped
S109776,Student_9776,Female,19,Medicine,500,2.31,84.87,17,4,7.9,Dropped
S109777,Student_9777,Female,26,Engineering,500,1.8,43.81,7,7,16.48,Graduated
S109778,Student_9778,Male,25,Computer Science,300,1.82,84.79,6,0,4.06,Graduated
S109779,Student_9779,Female,25,Business Admin,500,2.98,65.17,20,5,12.52,Graduated
S109780,Student_9780,Male,22,Education,300,2.81,56.48,15,2,10.93,Graduated
S109781,Student_9781,Male,29,Computer Science,100,3.36,79.92,18,6,12.06,In Progress
S109782,Student_9782,Female,27,Engineering,400,2.87,89.99,9,4,14.58,In Progress
S109783,Student_9783,Male,22,Education,300,3.81,74.37,19,2,7.45,Graduated
S109784,Student_9784,Male,28,Computer Science,200,2.59,92.24,16,0,6.06,Graduated
S109785,Student_9785,Female,30,Medicine,200,3.23,41.34,13,0,3.41,Graduated
S109786,Student_9786,Male,20,Engineering,400,3.39,84.32,5,5,10.24,In Progress
S109787,Student_9787,Male,20,Medicine,500,3.04,50.16,10,1,15.11,Graduated
S109788,Student_9788,Female,18,Medicine,200,3.71,57.16,20,4,6.24,Graduated
S109789,Student_9789,Male,26,Engineering,300,3.37,74.34,12,6,1.73,Dropped
S109790,Student_9790,Male,20,Education,400,3.56,56.47,11,6,6.03,Graduated
S109791,Student_9791,Female,24,Business Admin,200,2.55,50.09,10,5,12.47,Graduated
S109792,Student_9792,Female,29,Law,500,2.85,93.13,7,0,9.96,Dropped
S109793,Student_9793,Female,26,Law,500,1.47,94.4,13,0,12.8,Graduated
S109794,Student_9794,Female,18,Business Admin,200,2.96,42.18,9,5,13.86,Dropped
S109795,Student_9795,Male,25,Engineering,400,2.04,70.01,19,0,15.07,In Progress
S109796,Student_9796,Male,30,Law,100,4.64,52.22,16,1,6.1,Graduated
S109797,Student_9797,Female,17,Business Admin,200,3.21,91.8,20,4,18.81,In Progress
S109798,Student_9798,Male,29,Computer Science,500,2.72,67.75,5,2,10.03,Graduated
S109799,Student_9799,Male,18,Business Admin,100,3.53,68.71,13,1,13.11,Graduated
S109800,Student_9800,Female,18,Education,400,2.03,77.65,14,4,10.24,In Progress
S109801,Student_9801,Female,27,Business Admin,500,2.65,43.34,13,0,13.06,Graduated
S109802,Student_9802,Male,29,Medicine,400,2.76,47.64,5,1,7.47,Graduated
S109803,Student_9803,Female,30,Medicine,200,3.45,69.9,17,3,6.77,Graduated
S109804,Student_9804,Female,22,Engineering,400,2.32,98.0,11,3,11.62,Graduated
S109805,Student_9805,Female,30,Medicine,500,2.51,90.62,13,0,14.86,Dropped
S109806,Student_9806,Male,23,Computer Science,200,3.08,93.36,6,4,16.62,Graduated
S109807,Student_9807,Female,29,Business Admin,500,3.44,48.23,14,4,8.11,In Progress
S109808,Student_9808,Male,19,Computer Science,500,3.15,97.52,10,7,14.46,Graduated
S109809,Student_9809,Male,27,Engineering,100,2.37,83.8,14,1,11.7,In Progress
S109810,Student_9810,Male,25,Medicine,300,3.07,59.54,5,3,10.32,Graduated
S109811,Student_9811,Female,21,Law,400,2.52,91.87,18,6,10.99,Graduated
S109812,Student_9812,Female,21,Business Admin,400,2.34,84.84,7,7,9.85,Graduated
S109813,Student_9813,Female,27,Law,100,3.29,84.19,15,7,12.41,In Progress
S109814,Student_9814,Female,28,Education,400,3.38,84.08,20,4,1.52,In Progress
S109815,Student_9815,Female,20,Engineering,100,2.99,88.05,20,1,2.4,Graduated
S109816,Student_9816,Male,25,Education,400,3.36,96.91,9,1,6.48,Graduated
S109817,Student_9817,Male,24,Law,400,3.54,48.21,20,3,13.91,In Progress
S109818,Student_9818,Male,28,Law,500,1.29,99.97,11,0,12.06,Graduated
S109819,Student_9819,Female,20,Law,100,3.29,92.34,15,1,10.67,In Progress
S109820,Student_9820,Male,20,Education,400,4.08,66.5,9,0,16.41,Graduated
S109821,Student_9821,Male,18,Engineering,300,2.8,49.45,12,3,7.75,Graduated
S109822,Student_9822,Female,25,Business Admin,100,4.08,67.23,9,1,12.14,In Progress
S109823,Student_9823,Female,19,Business Admin,100,3.22,86.72,10,2,8.18,In Progress
S109824,Student_9824,Male,20,Computer Science,100,3.06,76.15,6,3,8.5,Dropped
S109825,Student_9825,Male,30,Computer Science,500,3.19,56.77,16,3,17.69,Graduated
S109826,Student_9826,Female,23,Law,100,1.94,64.41,9,2,8.95,Graduated
S109827,Student_9827,Female,26,Engineering,500,4.17,97.26,11,3,11.19,In Progress
S109828,Student_9828,Female,24,Engineering,300,2.65,88.23,5,2,9.91,In Progress
S109829,Student_9829,Female,24,Medicine,200,2.16,47.44,14,2,9.79,Graduated
S109830,Student_9830,Male,20,Medicine,500,2.63,72.72,13,3,12.5,In Progress
S109831,Student_9831,Male,23,Education,400,3.02,95.86,13,2,4.72,Dropped
S109832,Student_9832,Female,26,Medicine,100,3.79,42.06,12,2,4.56,In Progress
S109833,Student_9833,Male,17,Business Admin,200,2.95,42.55,15,7,9.59,In Progress
S109834,Student_9834,Male,22,Business Admin,500,2.78,83.0,13,3,8.89,Graduated
S109835,Student_9835,Female,22,Education,400,2.79,74.53,18,2,13.51,Graduated
S109836,Student_9836,Male,22,Computer Science,200,2.05,42.76,9,0,14.91,Graduated
S109837,Student_9837,Male,28,Law,300,2.63,99.76,11,3,4.61,Graduated
S109838,Student_9838,Male,18,Engineering,500,2.59,74.81,5,3,4.75,Dropped
S109839,Student_9839,Female,24,Computer Science,500,3.18,69.52,11,0,8.42,Graduated
S109840,Student_9840,Female,30,Business Admin,300,1.79,66.86,13,7,7.85,In Progress
S109841,Student_9841,Male,21,Computer Science,500,2.69,82.04,20,4,10.38,Graduated
S109842,Student_9842,Female,21,Education,100,3.92,67.5,7,5,14.74,Graduated
S109843,Student_9843,Female,18,Law,500,3.29,79.54,13,7,11.64,In Progress
S109844,Student_9844,Female,20,Business Admin,100,3.66,69.3,9,7,13.34,Graduated
S109845,Student_9845,Male,28,Education,500,2.72,76.64,17,1,7.75,Graduated
S109846,Student_9846,Male,25,Computer Science,400,4.17,88.31,13,7,6.25,Graduated
S109847,Student_9847,Female,25,Engineering,400,3.56,89.03,17,2,6.79,In Progress
S109848,Student_9848,Male,22,Medicine,200,3.05,90.94,18,6,8.43,Dropped
S109849,Student_9849,Male,27,Education,400,3.45,52.18,12,5,10.78,Graduated
S109850,Student_9850,Male,25,Business Admin,300,2.14,43.67,18,2,9.73,In Progress
S109851,Student_9851,Male,20,Computer Science,200,2.12,90.17,17,5,7.18,Graduated
S109852,Student_9852,Male,27,Medicine,400,3.56,42.54,15,6,9.98,Graduated
S109853,Student_9853,Female,17,Medicine,100,3.79,52.81,11,7,7.34,Dropped
S109854,Student_9854,Male,18,Computer Science,500,2.36,71.57,14,6,3.94,Graduated
S109855,Student_9855,Male,29,Law,400,3.6,91.33,10,7,13.33,In Progress
S109856,Student_9856,Male,17,Computer Science,100,3.37,93.81,6,6,9.72,Dropped
S109857,Student_9857,Female,24,Business Admin,200,2.44,77.68,16,1,10.37,Graduated
S109858,Student_9858,Female,25,Engineering,500,2.3,98.01,20,2,11.23,Graduated
S109859,Student_9859,Female,26,Business Admin,400,2.5,83.8,11,7,9.22,Graduated
S109860,Student_9860,Male,28,Medicine,200,2.66,71.66,6,5,11.49,Graduated
S109861,Student_9861,Female,22,Engineering,400,2.72,48.06,20,2,19.73,Graduated
S109862,Student_9862,Female,18,Education,200,1.89,65.73,10,0,15.68,In Progress
S109863,Student_9863,Female,22,Medicine,400,2.66,89.34,10,0,6.41,Graduated
S109864,Student_9864,Female,25,Law,100,3.22,57.02,20,5,1.2,In Progress
S109865,Student_9865,Male,28,Computer Science,300,3.46,74.7,13,0,14.92,In Progress
S109866,Student_9866,Female,19,Education,100,2.59,99.01,17,0,12.41,In Progress
S109867,Student_9867,Female,25,Business Admin,500,4.05,50.47,14,6,12.67,In Progress
S109868,Student_9868,Male,18,Engineering,400,3.01,46.09,15,6,7.16,Graduated
S109869,Student_9869,Male,27,Education,300,4.77,87.74,8,3,6.95,Graduated
S109870,Student_9870,Female,21,Law,300,2.48,41.5,13,2,10.78,Graduated
S109871,Student_9871,Male,27,Computer Science,500,3.25,78.6,20,1,11.75,In Progress
S109872,Student_9872,Female,18,Education,500,2.94,60.14,20,7,20.24,In Progress
S109873,Student_9873,Male,23,Business Admin,300,2.53,83.43,6,7,14.08,In Progress
S109874,Student_9874,Male,27,Engineering,500,3.6,47.22,9,2,11.27,Graduated
S109875,Student_9875,Female,26,Education,500,3.53,59.8,20,3,0.0,In Progress
S109876,Student_9876,Male,25,Computer Science,400,2.82,41.02,7,3,11.27,Graduated
S109877,Student_9877,Female,23,Business Admin,100,3.22,54.11,10,2,10.73,Graduated
S109878,Student_9878,Male,28,Education,200,3.18,69.0,6,5,4.38,Graduated
S109879,Student_9879,Female,21,Engineering,300,2.82,50.66,17,2,13.09,Graduated
S109880,Student_9880,Male,20,Computer Science,200,2.47,75.98,14,0,16.56,In Progress
S109881,Student_9881,Male,28,Law,300,3.0,47.09,13,3,19.7,In Progress
S109882,Student_9882,Male,20,Law,300,2.87,84.71,8,2,10.67,Graduated
S109883,Student_9883,Male,26,Medicine,100,2.26,95.3,11,1,7.31,In Progress
S109884,Student_9884,Male,24,Education,300,3.46,63.16,9,1,16.17,Graduated
S109885,Student_9885,Female,26,Engineering,300,3.03,71.69,12,7,6.15,Graduated
S109886,Student_9886,Male,29,Education,100,2.9,69.31,16,0,10.91,Graduated
S109887,Student_9887,Female,26,Computer Science,500,1.96,87.12,8,6,4.15,Dropped
S109888,Student_9888,Female,30,Medicine,200,3.22,99.65,18,0,15.66,Dropped
S109889,Student_9889,Female,26,Engineering,300,1.96,84.14,11,2,7.04,Graduated
S109890,Student_9890,Male,26,Education,100,3.1,52.87,15,1,14.45,In Progress
S109891,Student_9891,Female,26,Engineering,300,3.6,81.76,19,5,10.37,Graduated
S109892,Student_9892,Male,17,Computer Science,100,4.16,76.95,9,3,12.9,Graduated
S109893,Student_9893,Female,21,Medicine,200,3.05,52.61,7,4,8.55,Graduated
S109894,Student_9894,Female,30,Engineering,400,4.23,54.46,12,1,11.65,Graduated
S109895,Student_9895,Female,18,Computer Science,500,3.51,79.17,10,3,14.76,In Progress
S109896,Student_9896,Female,29,Law,400,3.33,88.47,19,1,7.62,In Progress
S109897,Student_9897,Female,27,Engineering,100,3.78,85.74,8,2,11.92,Graduated
S109898,Student_9898,Male,25,Medicine,300,3.94,76.38,19,4,16.27,Graduated
S109899,Student_9899,Female,23,Business Admin,500,3.58,96.25,13,4,5.65,In Progress
S109900,Student_9900,Female,26,Business Admin,200,2.9,83.86,20,2,6.71,Graduated
S109901,Student_9901,Male,24,Engineering,500,2.62,72.51,13,2,6.45,Graduated
S109902,Student_9902,Male,22,Engineering,300,2.1,88.97,6,0,8.9,In Progress
S109903,Student_9903,Male,25,Computer Science,400,3.12,57.43,14,7,2.73,Graduated
S109904,Student_9904,Female,22,Education,100,3.83,55.81,17,3,10.52,In Progress
S109905,Student_9905,Female,23,Business Admin,400,2.33,98.29,19,5,18.79,Dropped
S109906,Student_9906,Female,23,Education,500,2.25,96.99,13,3,10.63,Dropped
S109907,Student_9907,Female,25,Business Admin,300,4.26,92.83,8,0,20.44,Graduated
S109908,Student_9908,Female,27,Engineering,100,2.82,52.86,13,3,2.28,Graduated
S109909,Student_9909,Female,24,Medicine,300,1.8,75.26,17,6,4.03,Dropped
S109910,Student_9910,Male,29,Medicine,300,1.98,72.1,14,4,1.6,Graduated
S109911,Student_9911,Male,17,Business Admin,500,3.31,52.19,12,1,0.0,In Progress
S109912,Student_9912,Female,20,Business Admin,400,2.67,66.87,18,4,10.49,Graduated
S109913,Student_9913,Female,23,Computer Science,300,3.33,67.91,20,0,4.35,Graduated
S109914,Student_9914,Female,27,Engineering,300,2.84,54.44,14,3,0.0,Graduated
S109915,Student_9915,Female,24,Engineering,300,3.15,97.29,18,7,8.3,In Progress
S109916,Student_9916,Female,23,Education,100,4.24,69.56,7,3,10.13,Graduated
S109917,Student_9917,Male,28,Computer Science,300,2.87,71.49,18,1,11.63,In Progress
S109918,Student_9918,Male,19,Law,300,3.82,75.91,14,5,9.2,Graduated
S109919,Student_9919,Female,20,Medicine,500,3.08,93.22,11,1,12.85,Graduated
S109920,Student_9920,Male,28,Medicine,300,2.19,72.0,16,1,5.31,Graduated
S109921,Student_9921,Female,23,Engineering,300,4.38,72.46,19,6,4.95,Graduated
S109922,Student_9922,Female,24,Computer Science,500,4.49,54.41,17,4,16.26,Graduated
S109923,Student_9923,Female,23,Law,100,2.89,76.17,19,7,18.23,Graduated
S109924,Student_9924,Male,22,Medicine,400,3.11,62.87,19,0,3.31,Dropped
S109925,Student_9925,Male,25,Computer Science,500,3.87,78.81,6,0,11.15,Dropped
S109926,Student_9926,Female,25,Law,100,2.87,58.04,6,0,5.51,Graduated
S109927,Student_9927,Male,27,Business Admin,400,3.68,82.94,18,7,4.96,Graduated
S109928,Student_9928,Male,29,Engineering,300,2.43,77.13,8,4,11.16,Graduated
S109929,Student_9929,Female,23,Education,500,4.28,68.47,14,2,11.34,Graduated
S109930,Student_9930,Male,24,Medicine,300,3.25,45.8,11,3,7.8,Dropped
S109931,Student_9931,Male,22,Medicine,500,3.53,77.62,8,6,8.16,Dropped
S109932,Student_9932,Female,17,Law,400,3.95,91.56,6,7,4.43,In Progress
S109933,Student_9933,Female,17,Education,100,3.57,50.26,16,4,15.61,In Progress
S109934,Student_9934,Male,22,Business Admin,500,2.96,45.08,6,0,9.58,Graduated
S109935,Student_9935,Female,18,Computer Science,100,4.2,42.37,9,4,5.37,Graduated
S109936,Student_9936,Male,30,Engineering,300,3.58,41.91,7,6,9.75,Graduated
S109937,Student_9937,Female,24,Computer Science,300,2.88,90.52,7,4,8.4,Graduated
S109938,Student_9938,Female,17,Law,400,1.95,83.66,19,5,6.05,Graduated
S109939,Student_9939,Female,29,Medicine,400,2.99,52.14,5,2,5.59,Graduated
S109940,Student_9940,Female,18,Business Admin,200,2.63,95.03,7,5,5.03,Graduated
S109941,Student_9941,Male,24,Medicine,200,3.02,48.12,19,7,4.47,Graduated
S109942,Student_9942,Female,28,Computer Science,400,2.55,62.45,8,1,10.25,Graduated
S109943,Student_9943,Female,22,Business Admin,300,3.27,67.13,16,5,8.28,In Progress
S109944,Student_9944,Female,28,Engineering,100,2.69,44.55,10,6,20.22,Graduated
S109945,Student_9945,Male,26,Law,400,4.0,60.85,15,7,13.25,In Progress
S109946,Student_9946,Male,18,Engineering,100,3.43,46.11,10,5,11.34,Graduated
S109947,Student_9947,Female,18,Law,200,2.67,87.39,16,0,8.44,Dropped
S109948,Student_9948,Female,27,Engineering,100,3.01,42.81,9,4,8.41,Dropped
S109949,Student_9949,Female,30,Computer Science,400,3.36,41.03,8,7,2.7,Graduated
S109950,Student_9950,Female,23,Education,300,1.95,83.95,10,1,4.04,Graduated
S109951,Student_9951,Female,21,Business Admin,400,3.33,86.85,17,6,4.55,Graduated
S109952,Student_9952,Female,21,Law,500,1.8,69.74,17,3,1.94,In Progress
S109953,Student_9953,Male,24,Computer Science,500,4.07,59.07,9,3,9.58,Graduated
S109954,Student_9954,Female,28,Medicine,500,2.74,54.19,14,3,1.9,Graduated
S109955,Student_9955,Female,28,Medicine,300,3.73,47.02,5,7,11.52,In Progress
S109956,Student_9956,Female,23,Engineering,400,2.2,69.05,20,4,9.1,In Progress
S109957,Student_9957,Female,28,Medicine,500,3.4,69.47,20,6,17.88,Graduated
S109958,Student_9958,Female,30,Education,400,2.18,67.36,18,4,11.36,Graduated
S109959,Student_9959,Female,25,Law,200,2.79,86.7,16,7,4.37,Graduated
S109960,Student_9960,Male,20,Engineering,500,3.68,45.99,6,2,3.22,Graduated
S109961,Student_9961,Male,26,Law,500,3.43,80.2,18,0,17.48,Graduated
S109962,Student_9962,Male,20,Law,300,3.4,64.09,13,1,5.53,In Progress
S109963,Student_9963,Male,18,Computer Science,400,2.75,54.46,14,5,6.65,Graduated
S109964,Student_9964,Male,19,Medicine,300,2.27,80.9,8,3,8.07,Graduated
S109965,Student_9965,Male,17,Business Admin,300,3.55,51.86,10,1,9.75,Graduated
S109966,Student_9966,Female,17,Law,400,2.36,53.86,9,2,17.5,Graduated
S109967,Student_9967,Female,23,Education,200,2.56,99.91,6,3,10.81,In Progress
S109968,Student_9968,Female,30,Education,400,4.0,93.32,5,1,10.35,Graduated
S109969,Student_9969,Female,30,Business Admin,200,3.4,81.83,5,6,9.57,Graduated
S109970,Student_9970,Female,21,Medicine,300,2.05,58.95,5,0,10.32,In Progress
S109971,Student_9971,Female,19,Medicine,200,2.99,72.2,10,0,14.05,Graduated
S109972,Student_9972,Male,23,Engineering,200,2.89,47.6,14,2,7.41,In Progress
S109973,Student_9973,Female,30,Engineering,200,2.74,60.04,11,1,7.48,In Progress
S109974,Student_9974,Male,18,Engineering,500,2.76,44.08,11,2,14.86,In Progress
S109975,Student_9975,Male,19,Medicine,500,3.92,76.62,19,2,7.21,Graduated
S109976,Student_9976,Female,17,Law,300,4.4,91.45,13,2,6.73,In Progress
S109977,Student_9977,Female,24,Computer Science,400,2.97,88.57,20,4,16.14,In Progress
S109978,Student_9978,Female,18,Business Admin,200,3.11,91.36,7,0,8.48,In Progress
S109979,Student_9979,Female,23,Business Admin,500,2.05,50.48,18,4,9.42,Graduated
S109980,Student_9980,Female,27,Business Admin,400,4.19,79.01,13,5,8.26,Dropped
S109981,Student_9981,Female,25,Engineering,200,2.54,97.4,5,7,7.32,In Progress
S109982,Student_9982,Female,22,Computer Science,400,2.7,87.0,6,4,8.45,Graduated
S109983,Student_9983,Male,18,Education,100,3.55,40.2,19,0,8.6,Graduated
S109984,Student_9984,Female,18,Medicine,200,3.2,92.94,11,2,14.45,Graduated
S109985,Student_9985,Female,25,Education,400,3.38,82.35,16,1,5.53,Dropped
S109986,Student_9986,Male,26,Engineering,200,3.48,47.32,6,2,19.77,In Progress
S109987,Student_9987,Female,24,Law,200,2.99,58.83,14,6,6.67,Graduated
S109988,Student_9988,Female,30,Engineering,100,3.62,47.05,15,2,14.35,In Progress
S109989,Student_9989,Male,30,Computer Science,400,1.8,83.79,8,6,2.86,Graduated
S109990,Student_9990,Female,30,Engineering,300,4.14,40.21,20,4,6.67,Graduated
S109991,Student_9991,Female,25,Business Admin,500,2.87,67.87,6,1,8.89,Graduated
S109992,Student_9992,Female,20,Law,200,3.61,99.99,15,0,5.66,Graduated
S109993,Student_9993,Female,20,Law,200,3.34,91.07,6,3,12.9,In Progress
S109994,Student_9994,Female,18,Medicine,200,1.6,75.23,15,6,12.82,In Progress
S109995,Student_9995,Female,30,Medicine,200,3.15,81.64,18,0,6.46,In Progress
S109996,Student_9996,Male,26,Business Admin,500,1.52,76.22,17,1,0.92,Graduated
S109997,Student_9997,Female,17,Law,300,3.35,88.65,5,7,13.13,Graduated
S109998,Student_9998,Female,26,Business Admin,100,3.15,93.16,20,0,10.4,Dropped
S109999,Student_9999,Male,29,Law,300,2.1,86.0,13,4,7.57,In Progress
